[14Oct2025 20:12:42.935] [main/INFO] [cpw.mods.modlauncher.Launcher/MODLAUNCHER]: ModLauncher running: args [--launchTarget, forgeserver, --fml.forgeVersion, 47.3.0, --fml.mcVersion, 1.20.1, --fml.forgeGroup, net.minecraftforge, --fml.mcpVersion, 20230612.114412, nogui]
[14Oct2025 20:12:42.939] [main/INFO] [cpw.mods.modlauncher.Launcher/MODLAUNCHER]: ModLauncher 10.0.9+10.0.9+main.dcd20f30 starting: java version 17.0.16 by Ubuntu; OS Linux arch amd64 version 6.8.0-1030-azure
[14Oct2025 20:12:44.385] [main/INFO] [net.minecraftforge.fml.loading.ImmediateWindowHandler/]: ImmediateWindowProvider not loading because launch target is forgeserver
[14Oct2025 20:12:44.440] [main/INFO] [mixin/]: SpongePowered MIXIN Subsystem Version=0.8.5 Source=union:/workspaces/12321/servidor_minecraft/libraries/org/spongepowered/mixin/0.8.5/mixin-0.8.5.jar%2363!/ Service=ModLauncher Env=SERVER
[14Oct2025 20:12:44.791] [main/WARN] [net.minecraftforge.fml.loading.moddiscovery.ModFileParser/LOADING]: Mod file /workspaces/12321/servidor_minecraft/libraries/net/minecraftforge/fmlcore/1.20.1-47.3.0/fmlcore-1.20.1-47.3.0.jar is missing mods.toml file
[14Oct2025 20:12:44.793] [main/WARN] [net.minecraftforge.fml.loading.moddiscovery.ModFileParser/LOADING]: Mod file /workspaces/12321/servidor_minecraft/libraries/net/minecraftforge/javafmllanguage/1.20.1-47.3.0/javafmllanguage-1.20.1-47.3.0.jar is missing mods.toml file
[14Oct2025 20:12:44.794] [main/WARN] [net.minecraftforge.fml.loading.moddiscovery.ModFileParser/LOADING]: Mod file /workspaces/12321/servidor_minecraft/libraries/net/minecraftforge/lowcodelanguage/1.20.1-47.3.0/lowcodelanguage-1.20.1-47.3.0.jar is missing mods.toml file
[14Oct2025 20:12:44.795] [main/WARN] [net.minecraftforge.fml.loading.moddiscovery.ModFileParser/LOADING]: Mod file /workspaces/12321/servidor_minecraft/libraries/net/minecraftforge/mclanguage/1.20.1-47.3.0/mclanguage-1.20.1-47.3.0.jar is missing mods.toml file
[14Oct2025 20:12:44.998] [main/WARN] [net.minecraftforge.jarjar.selection.JarSelector/]: Attempted to select two dependency jars from JarJar which have the same identification: Mod File:  and Mod File: . Using Mod File: 
[14Oct2025 20:12:45.000] [main/INFO] [net.minecraftforge.fml.loading.moddiscovery.JarInJarDependencyLocator/]: Found 4 dependencies adding them to mods collection
[14Oct2025 20:12:47.652] [main/INFO] [mixin/]: Compatibility level set to JAVA_17
[14Oct2025 20:12:47.782] [main/INFO] [cpw.mods.modlauncher.LaunchServiceHandler/MODLAUNCHER]: Launching target 'forgeserver' with arguments [nogui]
[14Oct2025 20:12:47.829] [main/INFO] [Xenon/]: Loaded configuration file for Xenon: 126 options available, 0 override(s) found
[14Oct2025 20:12:47.851] [main/WARN] [mixin/]: Reference map 'graveyard-FORGE-forge-refmap.json' for graveyard-forge.mixins.json could not be read. If this is a development environment you can ignore this message
[14Oct2025 20:12:47.854] [main/WARN] [mixin/]: Reference map 'naturalist-forge-forge-refmap.json' for naturalist.mixins.json could not be read. If this is a development environment you can ignore this message
[14Oct2025 20:12:47.953] [main/WARN] [mixin/]: Reference map 'morevillagers-forge-forge-refmap.json' for morevillagers.mixins.json could not be read. If this is a development environment you can ignore this message
[14Oct2025 20:12:47.982] [main/WARN] [mixin/]: Reference map 'mvs-forge-refmap.json' for mvs-forge.mixins.json could not be read. If this is a development environment you can ignore this message
[14Oct2025 20:12:48.019] [main/INFO] [Puzzles Lib/]: Loading 71 mods:
	- alexsmobs 1.22.7
	- ambientsounds 6.0.3
	- ants_unleashed 1.0.0
	- architectury 9.2.14
	- betterskills 1.8.1
	- biomesoplenty 18.0.0.592
	- bloodandmadness 2.0
	- born_in_chaos_v1 1.7.2
	- bosses_of_mass_destruction 1.1.1
	- brutalbosses 1.20.1-7.0
	- cataclysm 1.99.5
	- cerbons_api 1.0.0
	- citadel 2.5.4
	- cloth_config 11.1.118
	- creativecore 2.11.31
	- crittersandcompanions 1.20.1-2.1.6
	- cupboard 1.20.1-2.7
	- curios 5.9.1+1.20.1
	- dungeonnowloading 2.0
	- endreborn 1.1.3
	- endrem 5.2.3-R-1.20.1
	- epicfight 20.7.4
	- forbidden_arcanus 1.20.1-2.2.6
	- forge 47.3.0
	- fossil 9.2.1.3
	- ftbessentials 2001.2.3
	- ftblibrary 2001.2.10
	- geckolib 4.4.7
	- gravestone 1.20.1-1.0.16
	- graveyard 3.1
	- grimoireofgaia 4.0.0-alpha.10
	- hoporp 1.3.7
	- hopour 1.1.4
	- iceandfire 2.1.13-1.20.1-beta-4
	- integrated_api 1.5.1+1.20.1-forge
	- iter_rpg 0.7.0
	- jei 15.3.0.7
	- journeymap 5.10.0
	- justenoughbreeding 1.2.1
	- legendary_monsters 1.20.1
	- lionfishapi 1.9
	- minecraft 1.20.1
	- mirabilis 1.1.1
	- morehitboxes 1.9.2
		\-- mixinextras 0.4.1
	- morevanillashields 1.1.0-1.20.1
	- morevillagers 5.0.0
	- mvs 4.1.2-1.20-forge
	- naturalist 4.0.3
	- netherdungeons 1.1.0-snapshot3a
	- orcz 0.82
	- philipsruins 4.1
	- puzzleslib 8.1.21
		\-- puzzlesaccessapi 8.0.7
	- realmrpg_demons 0.9.0
	- realmrpg_skeletons 1.0.3
	- riskofrain_mobs 1.1.2
	- seadwellers 2.9.9
	- smallships 2.0.0-b1.3.1
	- spartanshields 3.1.1
	- spartanweaponry 3.1.0-beta-1
	- swampier_swamps 1.20-4.0.0
	- taxcp 1.0.1
	- taxva 1.1.1
	- terrablender 3.0.1.7
	- travelersbackpack 9.1.14
	- valhelsia_core 1.1.2
	- valhelsia_furniture 1.1.3
	- visualworkbench 8.0.0
	- xenon 0.3.19+mc1.20.1
		|-- embeddium 0.3.19+mc1.20.1
		\-- rubidium 0.7.1
	- zillagersweararmor 1.20.1-1.3.4
[14Oct2025 20:12:48.030] [main/WARN] [mixin/]: Reference map 'smallships-forge-refmap.json' for smallships.mixins.json could not be read. If this is a development environment you can ignore this message
[14Oct2025 20:12:48.729] [main/ERROR] [net.minecraftforge.fml.loading.RuntimeDistCleaner/DISTXFORM]: Attempted to load class net/minecraft/client/renderer/ItemInHandRenderer for invalid dist DEDICATED_SERVER
[14Oct2025 20:12:48.730] [main/WARN] [mixin/]: Error loading class: net/minecraft/client/renderer/ItemInHandRenderer (java.lang.RuntimeException: Attempted to load class net/minecraft/client/renderer/ItemInHandRenderer for invalid dist DEDICATED_SERVER)
[14Oct2025 20:12:48.730] [main/WARN] [mixin/]: @Mixin target net.minecraft.client.renderer.ItemInHandRenderer was not found dungeonnowloading.forge.mixins.json:items.ItemInHandRendererMixin
[14Oct2025 20:12:49.399] [main/ERROR] [net.minecraftforge.fml.loading.RuntimeDistCleaner/DISTXFORM]: Attempted to load class net/minecraft/client/renderer/block/model/ItemModelGenerator for invalid dist DEDICATED_SERVER
[14Oct2025 20:12:49.399] [main/WARN] [mixin/]: Error loading class: net/minecraft/client/renderer/block/model/ItemModelGenerator (java.lang.RuntimeException: Attempted to load class net/minecraft/client/renderer/block/model/ItemModelGenerator for invalid dist DEDICATED_SERVER)
[14Oct2025 20:12:49.399] [main/WARN] [mixin/]: @Mixin target net.minecraft.client.renderer.block.model.ItemModelGenerator was not found spartanweaponry.mixins.json:ItemModelGeneratorMixin
[14Oct2025 20:12:49.517] [main/WARN] [mixin/]: Error loading class: tschipp/carryon/common/carry/PickupHandler (java.lang.ClassNotFoundException: tschipp.carryon.common.carry.PickupHandler)
[14Oct2025 20:12:49.517] [main/WARN] [mixin/]: @Mixin target tschipp.carryon.common.carry.PickupHandler was not found fossil_forge.mixins.json:PickupHandlerMixin
[14Oct2025 20:12:49.742] [main/INFO] [MixinExtras|Service/]: Initializing MixinExtras via com.llamalad7.mixinextras.service.MixinExtrasServiceImpl(version=0.4.1).
[14Oct2025 20:12:50.094] [main/WARN] [net.minecraft.SystemReport/]: Failed retrieving info for group hardware
java.lang.NoClassDefFoundError: com/sun/jna/Platform
	at oshi.SystemInfo.<clinit>(SystemInfo.java:60) ~[oshi-core-6.2.2.jar%2369!/:6.2.2]
	at net.minecraft.SystemReport.m_143564_(SystemReport.java:52) ~[server-1.20.1-20230612.114412-srg.jar%23231!/:?]
	at net.minecraft.SystemReport.m_143516_(SystemReport.java:82) ~[server-1.20.1-20230612.114412-srg.jar%23231!/:?]
	at net.minecraft.SystemReport.<init>(SystemReport.java:52) ~[server-1.20.1-20230612.114412-srg.jar%23231!/:?]
	at net.minecraft.CrashReport.<init>(CrashReport.java:31) ~[server-1.20.1-20230612.114412-srg.jar%23231!/:?]
	at net.minecraft.CrashReport.m_127529_(CrashReport.java:216) ~[server-1.20.1-20230612.114412-srg.jar%23231!/:?]
	at net.minecraft.server.Main.main(Main.java:116) ~[server-1.20.1-20230612.114412-srg.jar%23231!/:?]
	at jdk.internal.reflect.NativeMethodAccessorImpl.invoke0(Native Method) ~[?:?]
	at jdk.internal.reflect.NativeMethodAccessorImpl.invoke(NativeMethodAccessorImpl.java:77) ~[?:?]
	at jdk.internal.reflect.DelegatingMethodAccessorImpl.invoke(DelegatingMethodAccessorImpl.java:43) ~[?:?]
	at java.lang.reflect.Method.invoke(Method.java:569) ~[?:?]
	at net.minecraftforge.fml.loading.targets.CommonLaunchHandler.runTarget(CommonLaunchHandler.java:111) ~[fmlloader-1.20.1-47.3.0.jar%2367!/:?]
	at net.minecraftforge.fml.loading.targets.CommonLaunchHandler.serverService(CommonLaunchHandler.java:103) ~[fmlloader-1.20.1-47.3.0.jar%2367!/:?]
	at net.minecraftforge.fml.loading.targets.CommonServerLaunchHandler.lambda$makeService$0(CommonServerLaunchHandler.java:27) ~[fmlloader-1.20.1-47.3.0.jar%2367!/:?]
	at cpw.mods.modlauncher.LaunchServiceHandlerDecorator.launch(LaunchServiceHandlerDecorator.java:30) ~[modlauncher-10.0.9.jar%2353!/:?]
	at cpw.mods.modlauncher.LaunchServiceHandler.launch(LaunchServiceHandler.java:53) ~[modlauncher-10.0.9.jar%2353!/:?]
	at cpw.mods.modlauncher.LaunchServiceHandler.launch(LaunchServiceHandler.java:71) ~[modlauncher-10.0.9.jar%2353!/:?]
	at cpw.mods.modlauncher.Launcher.run(Launcher.java:108) ~[modlauncher-10.0.9.jar%2353!/:?]
	at cpw.mods.modlauncher.Launcher.main(Launcher.java:78) ~[modlauncher-10.0.9.jar%2353!/:?]
	at cpw.mods.modlauncher.BootstrapLaunchConsumer.accept(BootstrapLaunchConsumer.java:26) ~[modlauncher-10.0.9.jar%2353!/:?]
	at cpw.mods.modlauncher.BootstrapLaunchConsumer.accept(BootstrapLaunchConsumer.java:23) ~[modlauncher-10.0.9.jar%2353!/:?]
	at cpw.mods.bootstraplauncher.BootstrapLauncher.main(BootstrapLauncher.java:141) ~[bootstraplauncher-1.1.2.jar:?]
Caused by: java.lang.ClassNotFoundException: com.sun.jna.Platform
	at jdk.internal.loader.BuiltinClassLoader.loadClass(BuiltinClassLoader.java:641) ~[?:?]
	at java.lang.ClassLoader.loadClass(ClassLoader.java:525) ~[?:?]
	at cpw.mods.cl.ModuleClassLoader.loadClass(ModuleClassLoader.java:137) ~[securejarhandler-2.1.10.jar:?]
	at java.lang.ClassLoader.loadClass(ClassLoader.java:525) ~[?:?]
	... 22 more
[14Oct2025 20:12:50.914] [main/WARN] [mixin/]: @Inject(@At("INVOKE")) Shift.BY=1 on crittersandcompanions.mixins.json:LivingEntityMixin::handler$zja000$onDie exceeds the maximum allowed value: 0. Increase the value of maxShiftBy to suppress this warning.
[14Oct2025 20:12:53.631] [main/WARN] [mixin/]: @Final field f_31427_:[I in epicfight.mixins.json:MixinWitherBoss should be final
[14Oct2025 20:12:53.632] [main/WARN] [mixin/]: @Final field f_31428_:[I in epicfight.mixins.json:MixinWitherBoss should be final
[14Oct2025 20:12:57.884] [modloading-worker-0/ERROR] [net.minecraftforge.fml.loading.RuntimeDistCleaner/DISTXFORM]: Attempted to load class net/minecraft/client/Minecraft for invalid dist DEDICATED_SERVER
[14Oct2025 20:12:57.888] [modloading-worker-0/ERROR] [Xenon/]: Failed to update fingerprint
java.lang.RuntimeException: Attempted to load class net/minecraft/client/Minecraft for invalid dist DEDICATED_SERVER
	at net.minecraftforge.fml.loading.RuntimeDistCleaner.processClassWithFlags(RuntimeDistCleaner.java:57) ~[fmlloader-1.20.1-47.3.0.jar%2367!/:1.0]
	at cpw.mods.modlauncher.LaunchPluginHandler.offerClassNodeToPlugins(LaunchPluginHandler.java:88) ~[modlauncher-10.0.9.jar%2353!/:?]
	at cpw.mods.modlauncher.ClassTransformer.transform(ClassTransformer.java:120) ~[modlauncher-10.0.9.jar%2353!/:?]
	at cpw.mods.modlauncher.TransformingClassLoader.maybeTransformClassBytes(TransformingClassLoader.java:50) ~[modlauncher-10.0.9.jar%2353!/:?]
	at cpw.mods.cl.ModuleClassLoader.readerToClass(ModuleClassLoader.java:113) ~[securejarhandler-2.1.10.jar:?]
	at cpw.mods.cl.ModuleClassLoader.lambda$findClass$15(ModuleClassLoader.java:219) ~[securejarhandler-2.1.10.jar:?]
	at cpw.mods.cl.ModuleClassLoader.loadFromModule(ModuleClassLoader.java:229) ~[securejarhandler-2.1.10.jar:?]
	at cpw.mods.cl.ModuleClassLoader.findClass(ModuleClassLoader.java:219) ~[securejarhandler-2.1.10.jar:?]
	at cpw.mods.cl.ModuleClassLoader.loadClass(ModuleClassLoader.java:135) ~[securejarhandler-2.1.10.jar:?]
	at java.lang.ClassLoader.loadClass(ClassLoader.java:525) ~[?:?]
	at me.jellysquid.mods.sodium.client.data.fingerprint.FingerprintMeasure.create(FingerprintMeasure.java:19) ~[xenon-0.3.19+mc1.20.1.jar%23229!/:?]
	at me.jellysquid.mods.sodium.client.SodiumClientMod.updateFingerprint(SodiumClientMod.java:101) ~[xenon-0.3.19+mc1.20.1.jar%23229!/:?]
	at me.jellysquid.mods.sodium.client.SodiumClientMod.<init>(SodiumClientMod.java:42) ~[xenon-0.3.19+mc1.20.1.jar%23229!/:?]
	at jdk.internal.reflect.NativeConstructorAccessorImpl.newInstance0(Native Method) ~[?:?]
	at jdk.internal.reflect.NativeConstructorAccessorImpl.newInstance(NativeConstructorAccessorImpl.java:77) ~[?:?]
	at jdk.internal.reflect.DelegatingConstructorAccessorImpl.newInstance(DelegatingConstructorAccessorImpl.java:45) ~[?:?]
	at java.lang.reflect.Constructor.newInstanceWithCaller(Constructor.java:500) ~[?:?]
	at java.lang.reflect.Constructor.newInstance(Constructor.java:481) ~[?:?]
	at net.minecraftforge.fml.javafmlmod.FMLModContainer.constructMod(FMLModContainer.java:70) ~[javafmllanguage-1.20.1-47.3.0.jar%23233!/:?]
	at net.minecraftforge.fml.ModContainer.lambda$buildTransitionHandler$4(ModContainer.java:124) ~[fmlcore-1.20.1-47.3.0.jar%23232!/:?]
	at java.util.concurrent.CompletableFuture$AsyncRun.run(CompletableFuture.java:1804) ~[?:?]
	at java.util.concurrent.CompletableFuture$AsyncRun.exec(CompletableFuture.java:1796) ~[?:?]
	at java.util.concurrent.ForkJoinTask.doExec(ForkJoinTask.java:373) ~[?:?]
	at java.util.concurrent.ForkJoinPool$WorkQueue.topLevelExec(ForkJoinPool.java:1182) ~[?:?]
	at java.util.concurrent.ForkJoinPool.scan(ForkJoinPool.java:1655) ~[?:?]
	at java.util.concurrent.ForkJoinPool.runWorker(ForkJoinPool.java:1622) ~[?:?]
	at java.util.concurrent.ForkJoinWorkerThread.run(ForkJoinWorkerThread.java:165) ~[?:?]
[14Oct2025 20:12:58.081] [modloading-worker-0/INFO] [Puzzles Lib/]: Constructing common components for visualworkbench:main
[14Oct2025 20:12:58.694] [modloading-worker-0/INFO] [graveyard/]: Registered JSON trade offer adapter.
[14Oct2025 20:12:58.787] [modloading-worker-0/INFO] [epicfight/]: Registered skill epicfight:epicfight:basic_attack
[14Oct2025 20:12:58.788] [modloading-worker-0/INFO] [epicfight/]: Registered skill epicfight:epicfight:air_attack
[14Oct2025 20:12:58.789] [modloading-worker-0/INFO] [epicfight/]: Registered skill epicfight:epicfight:roll
[14Oct2025 20:12:58.790] [modloading-worker-0/INFO] [epicfight/]: Registered skill epicfight:epicfight:step
[14Oct2025 20:12:58.790] [modloading-worker-0/INFO] [epicfight/]: Registered skill epicfight:epicfight:knockdown_wakeup
[14Oct2025 20:12:58.812] [modloading-worker-0/INFO] [epicfight/]: Registered skill epicfight:epicfight:guard
[14Oct2025 20:12:58.815] [modloading-worker-0/INFO] [epicfight/]: Registered skill epicfight:epicfight:parrying
[14Oct2025 20:12:58.826] [modloading-worker-0/INFO] [epicfight/]: Registered skill epicfight:epicfight:impact_guard
[14Oct2025 20:12:58.827] [modloading-worker-0/INFO] [epicfight/]: Registered skill epicfight:epicfight:berserker
[14Oct2025 20:12:58.840] [modloading-worker-0/INFO] [epicfight/]: Registered skill epicfight:epicfight:death_harvest
[14Oct2025 20:12:58.841] [modloading-worker-0/INFO] [epicfight/]: Registered skill epicfight:epicfight:emergency_escape
[14Oct2025 20:12:58.846] [modloading-worker-0/INFO] [epicfight/]: Registered skill epicfight:epicfight:endurance
[14Oct2025 20:12:58.850] [modloading-worker-0/INFO] [epicfight/]: Registered skill epicfight:epicfight:forbidden_strength
[14Oct2025 20:12:58.854] [modloading-worker-0/INFO] [epicfight/]: Registered skill epicfight:epicfight:hypervitality
[14Oct2025 20:12:58.855] [modloading-worker-0/INFO] [epicfight/]: Registered skill epicfight:epicfight:stamina_pillager
[14Oct2025 20:12:58.858] [modloading-worker-0/INFO] [epicfight/]: Registered skill epicfight:epicfight:swordmaster
[14Oct2025 20:12:58.858] [modloading-worker-0/INFO] [epicfight/]: Registered skill epicfight:epicfight:technician
[14Oct2025 20:12:58.868] [modloading-worker-0/INFO] [epicfight/]: Registered skill epicfight:epicfight:sweeping_edge
[14Oct2025 20:12:58.870] [modloading-worker-0/INFO] [epicfight/]: Registered skill epicfight:epicfight:dancing_edge
[14Oct2025 20:12:58.871] [modloading-worker-0/INFO] [epicfight/]: Registered skill epicfight:epicfight:the_guillotine
[14Oct2025 20:12:58.874] [modloading-worker-0/INFO] [epicfight/]: Registered skill epicfight:epicfight:grasping_spire
[14Oct2025 20:12:58.877] [modloading-worker-0/INFO] [epicfight/]: Registered skill epicfight:epicfight:heartpiercer
[14Oct2025 20:12:58.880] [modloading-worker-0/INFO] [epicfight/]: Registered skill epicfight:epicfight:steel_whirlwind
[14Oct2025 20:12:58.881] [modloading-worker-0/INFO] [epicfight/]: Registered skill epicfight:epicfight:battojutsu
[14Oct2025 20:12:58.885] [modloading-worker-0/INFO] [epicfight/]: Registered skill epicfight:epicfight:battojutsu_passive
[14Oct2025 20:12:58.893] [modloading-worker-0/INFO] [epicfight/]: Registered skill epicfight:epicfight:rushing_tempo
[14Oct2025 20:12:58.893] [modloading-worker-0/INFO] [epicfight/]: Registered skill epicfight:epicfight:relentless_combo
[14Oct2025 20:12:58.894] [modloading-worker-0/INFO] [epicfight/]: Registered skill epicfight:epicfight:liechtenauer
[14Oct2025 20:12:58.895] [modloading-worker-0/INFO] [epicfight/]: Registered skill epicfight:epicfight:sharp_stab
[14Oct2025 20:12:58.896] [modloading-worker-0/INFO] [epicfight/]: Registered skill epicfight:epicfight:eviscerate
[14Oct2025 20:12:58.946] [modloading-worker-0/INFO] [epicfight/]: Registered skill epicfight:epicfight:blade_rush
[14Oct2025 20:12:58.953] [modloading-worker-0/INFO] [epicfight/]: Registered skill epicfight:epicfight:wrathful_lighting
[14Oct2025 20:12:58.955] [modloading-worker-0/INFO] [epicfight/]: Registered skill epicfight:epicfight:tsunami
[14Oct2025 20:12:59.002] [modloading-worker-0/INFO] [epicfight/]: Registered skill epicfight:epicfight:everlasting_allegiance
[14Oct2025 20:12:59.004] [modloading-worker-0/INFO] [epicfight/]: Registered skill epicfight:epicfight:meteor_slam
[14Oct2025 20:12:59.012] [modloading-worker-0/INFO] [epicfight/]: Registered skill epicfight:epicfight:revelation
[14Oct2025 20:12:59.018] [modloading-worker-0/INFO] [epicfight/]: Registered skill epicfight:epicfight:demolition_leap
[14Oct2025 20:12:59.019] [modloading-worker-0/INFO] [epicfight/]: Registered skill epicfight:epicfight:phantom_ascent
[14Oct2025 20:12:59.659] [modloading-worker-0/INFO] [Dungeon Now Loading/]: Hello Forge world!
[14Oct2025 20:12:59.778] [modloading-worker-0/INFO] [net.minecraftforge.common.ForgeMod/FORGEMOD]: Forge mod loading, version 47.3.0, for MC 1.20.1 with MCP 20230612.114412
[14Oct2025 20:12:59.778] [modloading-worker-0/INFO] [net.minecraftforge.common.MinecraftForge/FORGE]: MinecraftForge v47.3.0 Initialized
[14Oct2025 20:13:00.145] [modloading-worker-0/INFO] [com.teamdurt.netherdungeons.NetherDungeons/]: Nether Dungeons mod init finished.
[14Oct2025 20:13:00.739] [modloading-worker-0/INFO] [Spartan Shields/]: Constructing Mod: Spartan Shields
[14Oct2025 20:13:01.096] [modloading-worker-0/INFO] [Spartan Weaponry/]: Constructing Mod: Spartan Weaponry
[14Oct2025 20:13:01.096] [modloading-worker-0/INFO] [Spartan Weaponry/]: Initialising API! Version: 10
[14Oct2025 20:13:01.104] [modloading-worker-0/INFO] [Spartan Weaponry/]: Spartan Weaponry API version 10 has been initalized!
[14Oct2025 20:13:01.187] [modloading-worker-0/INFO] [dev.architectury.networking.forge.NetworkManagerImpl/]: Registering C2S receiver with id architectury:sync_ids
[14Oct2025 20:13:01.188] [modloading-worker-0/INFO] [dev.architectury.networking.forge.NetworkManagerImpl/]: Registering C2S receiver with id ftblibrary:edit_nbt_response
[14Oct2025 20:13:01.202] [modloading-worker-0/INFO] [com.cupboard.Cupboard/]: Loaded config for: cupboard.json
[14Oct2025 20:13:01.260] [modloading-worker-0/INFO] [Puzzles Lib/]: Constructing common components for puzzleslib:main
[14Oct2025 20:13:02.009] [modloading-worker-0/INFO] [dev.architectury.networking.forge.NetworkManagerImpl/]: Registering C2S receiver with id fossil:cap_channel/537e4f78f24b30e4bee5892e8d9314fa
[14Oct2025 20:13:02.010] [modloading-worker-0/INFO] [dev.architectury.networking.forge.NetworkManagerImpl/]: Registering C2S receiver with id fossil:sync_channel/f7d73d83d6fa3fb99fb754f57f7238af
[14Oct2025 20:13:02.013] [modloading-worker-0/INFO] [dev.architectury.networking.forge.NetworkManagerImpl/]: Registering C2S receiver with id fossil:sync_channel/5ecf814711a7357f8ebd58d771f05139
[14Oct2025 20:13:02.016] [modloading-worker-0/INFO] [dev.architectury.networking.forge.NetworkManagerImpl/]: Registering C2S receiver with id fossil:sync_channel/2ae61e410df635b2b2c2d4eaa7b7afcb
[14Oct2025 20:13:02.022] [modloading-worker-0/INFO] [dev.architectury.networking.forge.NetworkManagerImpl/]: Registering C2S receiver with id fossil:sync_channel/600dc9ad56393757ae8315ba075af416
[14Oct2025 20:13:02.024] [modloading-worker-0/INFO] [dev.architectury.networking.forge.NetworkManagerImpl/]: Registering C2S receiver with id fossil:sync_channel/ec18fa987d5331379c9156102188220c
[14Oct2025 20:13:02.027] [modloading-worker-0/INFO] [dev.architectury.networking.forge.NetworkManagerImpl/]: Registering C2S receiver with id fossil:sync_channel/b0228010ee3d3689beb49186e8009925
[14Oct2025 20:13:02.028] [modloading-worker-0/INFO] [dev.architectury.networking.forge.NetworkManagerImpl/]: Registering C2S receiver with id fossil:sync_channel/ed688e568fc63151a34c0f912fce9d27
[14Oct2025 20:13:02.029] [modloading-worker-0/INFO] [dev.architectury.networking.forge.NetworkManagerImpl/]: Registering C2S receiver with id fossil:sync_channel/8aaf614d5e2d39dd9e136e8c430145a9
[14Oct2025 20:13:02.033] [modloading-worker-0/INFO] [dev.architectury.networking.forge.NetworkManagerImpl/]: Registering C2S receiver with id fossil:sync_channel/08e9f40b177134efbc5eb99e2ad6bcb5
[14Oct2025 20:13:02.039] [modloading-worker-0/INFO] [dev.architectury.networking.forge.NetworkManagerImpl/]: Registering C2S receiver with id fossil:sync_channel/531d15ea7fd13018964a31b3ccac540a
[14Oct2025 20:13:05.795] [main/WARN] [net.minecraft.network.syncher.SynchedEntityData/]: defineId called for: class com.nitespring.bloodborne.common.entities.mobs.parent.AbstractBloodborneEntity from class com.nitespring.bloodborne.common.entities.mobs.parent.AbstractHuntsmanEntity
[14Oct2025 20:13:05.795] [main/WARN] [net.minecraft.network.syncher.SynchedEntityData/]: defineId called for: class com.nitespring.bloodborne.common.entities.mobs.parent.AbstractBloodborneEntity from class com.nitespring.bloodborne.common.entities.mobs.parent.AbstractHuntsmanEntity
[14Oct2025 20:13:05.812] [main/WARN] [net.minecraft.network.syncher.SynchedEntityData/]: defineId called for: class net.mcreator.borninchaosv.entity.BabySpiderEntity from class net.mcreator.borninchaosv.entity.MotherSpiderEntity
[14Oct2025 20:13:05.826] [main/WARN] [net.minecraft.network.syncher.SynchedEntityData/]: defineId called for: class net.miauczel.legendary_monsters.entity.AnimatedMonster.Mobs.Shulker_MimicEntity from class net.miauczel.legendary_monsters.entity.AnimatedMonster.Old.OldShulkerMimic
[14Oct2025 20:13:05.827] [main/WARN] [net.minecraft.network.syncher.SynchedEntityData/]: defineId called for: class net.miauczel.legendary_monsters.entity.AnimatedMonster.IAnimatedBoss.CloudGolem.Cloud_GolemEntity from class net.miauczel.legendary_monsters.entity.AnimatedMonster.OriginClasses.IAnimatedBoss
[14Oct2025 20:13:05.827] [main/WARN] [net.minecraft.network.syncher.SynchedEntityData/]: defineId called for: class net.miauczel.legendary_monsters.entity.AnimatedMonster.IAnimatedBoss.CloudGolem.Cloud_GolemEntity from class net.miauczel.legendary_monsters.entity.AnimatedMonster.OriginClasses.IAnimatedBoss
[14Oct2025 20:13:05.828] [main/WARN] [net.minecraft.network.syncher.SynchedEntityData/]: defineId called for: class net.miauczel.legendary_monsters.entity.AnimatedMonster.IAnimatedBoss.CloudGolem.Cloud_GolemEntity from class net.miauczel.legendary_monsters.entity.AnimatedMonster.OriginClasses.IAnimatedBoss
[14Oct2025 20:13:06.073] [main/WARN] [net.minecraftforge.common.ForgeConfigSpec/CORE]: Configuration file /workspaces/12321/servidor_minecraft/config/philips-ruins-common-configs.toml is not correct. Correcting
[14Oct2025 20:13:06.074] [main/WARN] [net.minecraftforge.common.ForgeConfigSpec/CORE]: Incorrect key Philip's Ruins.Structure Spawn Seed was corrected from 1 to its default, 1. 
[14Oct2025 20:13:06.093] [main/INFO] [Spartan Shields/]: Loading config spartanshields-common.toml
[14Oct2025 20:13:06.094] [Thread-0/INFO] [Spartan Shields/]: Loading config spartanshields-common.toml
[14Oct2025 20:13:06.097] [Thread-0/INFO] [Spartan Shields/]: Loading config spartanshields-common.toml
[14Oct2025 20:13:06.169] [modloading-worker-0/INFO] [com.rajhab.morevanillashields_mod.morevanillashields/]: morevanillashields: This mod now runs with a config file. Feel free to use it!
[14Oct2025 20:13:06.257] [Forge Version Check/INFO] [net.minecraftforge.fml.VersionChecker/]: [visualworkbench] Starting version check at https://raw.githubusercontent.com/Fuzss/modresources/main/update/visualworkbench.json
[14Oct2025 20:13:06.266] [modloading-worker-0/INFO] [Spartan Shields/]: Setting up Spartan Shields!
[14Oct2025 20:13:06.275] [modloading-worker-0/INFO] [com.brutalbosses.BrutalBosses/]: brutalbosses mod initialized
[14Oct2025 20:13:06.305] [modloading-worker-0/INFO] [Spartan Weaponry/]: Setting up Spartan Weaponry!
[14Oct2025 20:13:06.365] [main/INFO] [journeymap/]: Initializing Packet Registries
[14Oct2025 20:13:06.440] [main/INFO] [com.tiviacz.travelersbackpack.TravelersBackpack/]: Registered the FluidEffect with Unique ID of minecraft:water for Water (Fluid Amount Required: 1000) with the ID 0
[14Oct2025 20:13:06.441] [main/INFO] [com.tiviacz.travelersbackpack.TravelersBackpack/]: Registered the FluidEffect with Unique ID of minecraft:lava for Lava (Fluid Amount Required: 1000) with the ID 1
[14Oct2025 20:13:06.441] [main/INFO] [com.tiviacz.travelersbackpack.TravelersBackpack/]: Registered the FluidEffect with Unique ID of travelersbackpack:potion for Uncraftable Potion (Fluid Amount Required: 250) with the ID 2
[14Oct2025 20:13:06.442] [main/INFO] [com.tiviacz.travelersbackpack.TravelersBackpack/]: Registered the FluidEffect with Unique ID of minecraft:milk for Milk (Fluid Amount Required: 1000) with the ID 3
[14Oct2025 20:13:06.459] [Forge Version Check/INFO] [net.minecraftforge.fml.VersionChecker/]: [visualworkbench] Found status: OUTDATED Current: 8.0.0 Target: 8.0.1
[14Oct2025 20:13:06.459] [Forge Version Check/INFO] [net.minecraftforge.fml.VersionChecker/]: [journeymap] Starting version check at https://forge.curseupdate.com/32274/journeymap
[14Oct2025 20:13:06.488] [main/INFO] [terrablender/]: Registered region minecraft:overworld to index 0 for type OVERWORLD
[14Oct2025 20:13:06.488] [main/INFO] [terrablender/]: Registered region minecraft:nether to index 0 for type NETHER
[14Oct2025 20:13:06.488] [main/INFO] [terrablender/]: Registered region biomesoplenty:overworld_primary to index 1 for type OVERWORLD
[14Oct2025 20:13:06.489] [main/INFO] [terrablender/]: Registered region biomesoplenty:overworld_secondary to index 2 for type OVERWORLD
[14Oct2025 20:13:06.489] [main/INFO] [terrablender/]: Registered region biomesoplenty:overworld_rare to index 3 for type OVERWORLD
[14Oct2025 20:13:06.489] [main/INFO] [terrablender/]: Registered region biomesoplenty:nether_common to index 1 for type NETHER
[14Oct2025 20:13:06.489] [main/INFO] [terrablender/]: Registered region biomesoplenty:nether_rare to index 2 for type NETHER
[14Oct2025 20:13:06.563] [main/INFO] [terrablender/]: Registered region fossil:overworld to index 4 for type OVERWORLD
[14Oct2025 20:13:06.634] [Forge Version Check/INFO] [net.minecraftforge.fml.VersionChecker/]: [journeymap] Found status: OUTDATED Current: 5.10.0 Target: 5.10.3
[14Oct2025 20:13:06.634] [Forge Version Check/INFO] [net.minecraftforge.fml.VersionChecker/]: [travelersbackpack] Starting version check at https://gist.githubusercontent.com/Tiviacz1337/906937677aa472285dff9d6c2a189d5e/raw
[14Oct2025 20:13:06.661] [modloading-worker-0/INFO] [epicfight/]: Start animation registration of epicfight
[14Oct2025 20:13:06.661] [modloading-worker-0/INFO] [epicfight/]: Assigned animation id 0 to biped/living/idle
[14Oct2025 20:13:06.662] [modloading-worker-0/INFO] [epicfight/]: Assigned animation id 1 to biped/living/walk
[14Oct2025 20:13:06.662] [modloading-worker-0/INFO] [epicfight/]: Assigned animation id 2 to biped/living/fly
[14Oct2025 20:13:06.662] [modloading-worker-0/INFO] [epicfight/]: Assigned animation id 3 to biped/living/creative_idle
[14Oct2025 20:13:06.662] [modloading-worker-0/INFO] [epicfight/]: Assigned animation id 4 to biped/living/creative_fly
[14Oct2025 20:13:06.667] [modloading-worker-0/INFO] [epicfight/]: Assigned animation id 5 to biped/living/creative_fly_backward
[14Oct2025 20:13:06.668] [modloading-worker-0/INFO] [epicfight/]: Assigned animation id 6 to 
[14Oct2025 20:13:06.669] [modloading-worker-0/INFO] [epicfight/]: Assigned animation id 7 to biped/living/hold_crossbow
[14Oct2025 20:13:06.671] [modloading-worker-0/INFO] [epicfight/]: Assigned animation id 8 to biped/living/hold_map_twohand
[14Oct2025 20:13:06.672] [modloading-worker-0/INFO] [epicfight/]: Assigned animation id 9 to biped/living/hold_map_offhand
[14Oct2025 20:13:06.672] [modloading-worker-0/INFO] [epicfight/]: Assigned animation id 10 to biped/living/hold_map_mainhand
[14Oct2025 20:13:06.672] [modloading-worker-0/INFO] [epicfight/]: Assigned animation id 11 to biped/living/hold_map_twohand_move
[14Oct2025 20:13:06.672] [modloading-worker-0/INFO] [epicfight/]: Assigned animation id 12 to biped/living/hold_map_offhand_move
[14Oct2025 20:13:06.672] [modloading-worker-0/INFO] [epicfight/]: Assigned animation id 13 to biped/living/hold_map_mainhand_move
[14Oct2025 20:13:06.672] [modloading-worker-0/INFO] [epicfight/]: Assigned animation id 14 to biped/living/run
[14Oct2025 20:13:06.672] [modloading-worker-0/INFO] [epicfight/]: Assigned animation id 15 to biped/living/sneak
[14Oct2025 20:13:06.672] [modloading-worker-0/INFO] [epicfight/]: Assigned animation id 16 to biped/living/swim
[14Oct2025 20:13:06.673] [modloading-worker-0/INFO] [epicfight/]: Assigned animation id 17 to biped/living/float
[14Oct2025 20:13:06.673] [modloading-worker-0/INFO] [epicfight/]: Assigned animation id 18 to biped/living/kneel
[14Oct2025 20:13:06.673] [modloading-worker-0/INFO] [epicfight/]: Assigned animation id 19 to biped/living/fall
[14Oct2025 20:13:06.673] [modloading-worker-0/INFO] [epicfight/]: Assigned animation id 20 to biped/living/mount
[14Oct2025 20:13:06.674] [modloading-worker-0/INFO] [epicfight/]: Assigned animation id 21 to biped/living/sit
[14Oct2025 20:13:06.674] [modloading-worker-0/INFO] [epicfight/]: Assigned animation id 22 to biped/living/dig
[14Oct2025 20:13:06.674] [modloading-worker-0/INFO] [epicfight/]: Assigned animation id 23 to biped/living/dig_offhand
[14Oct2025 20:13:06.674] [modloading-worker-0/INFO] [epicfight/]: Assigned animation id 24 to 
[14Oct2025 20:13:06.675] [modloading-worker-0/INFO] [epicfight/]: Assigned animation id 25 to biped/combat/bow_aim_mid
[14Oct2025 20:13:06.675] [modloading-worker-0/INFO] [epicfight/]: Assigned animation id 26 to biped/combat/bow_shot_mid
[14Oct2025 20:13:06.681] [modloading-worker-0/INFO] [epicfight/]: Assigned animation id 27 to biped/living/drink
[14Oct2025 20:13:06.685] [modloading-worker-0/INFO] [epicfight/]: Assigned animation id 28 to biped/living/drink
[14Oct2025 20:13:06.685] [modloading-worker-0/INFO] [epicfight/]: Assigned animation id 29 to biped/living/drink_offhand
[14Oct2025 20:13:06.685] [modloading-worker-0/INFO] [epicfight/]: Assigned animation id 30 to biped/living/eat
[14Oct2025 20:13:06.685] [modloading-worker-0/INFO] [epicfight/]: Assigned animation id 31 to biped/living/eat
[14Oct2025 20:13:06.685] [modloading-worker-0/INFO] [epicfight/]: Assigned animation id 32 to biped/living/eat_offhand
[14Oct2025 20:13:06.685] [modloading-worker-0/INFO] [epicfight/]: Assigned animation id 33 to biped/living/spyglass
[14Oct2025 20:13:06.686] [modloading-worker-0/INFO] [epicfight/]: Assigned animation id 34 to biped/living/spyglass
[14Oct2025 20:13:06.686] [modloading-worker-0/INFO] [epicfight/]: Assigned animation id 35 to biped/living/spyglass_offhand
[14Oct2025 20:13:06.686] [modloading-worker-0/INFO] [epicfight/]: Assigned animation id 36 to biped/combat/crossbow_aim_mid
[14Oct2025 20:13:06.686] [modloading-worker-0/INFO] [epicfight/]: Assigned animation id 37 to biped/combat/crossbow_shot_mid
[14Oct2025 20:13:06.687] [modloading-worker-0/INFO] [epicfight/]: Assigned animation id 38 to biped/combat/crossbow_reload
[14Oct2025 20:13:06.687] [modloading-worker-0/INFO] [epicfight/]: Assigned animation id 39 to biped/living/jump
[14Oct2025 20:13:06.687] [modloading-worker-0/INFO] [epicfight/]: Assigned animation id 40 to biped/living/run_spear
[14Oct2025 20:13:06.687] [modloading-worker-0/INFO] [epicfight/]: Assigned animation id 41 to biped/living/shield
[14Oct2025 20:13:06.687] [modloading-worker-0/INFO] [epicfight/]: Assigned animation id 42 to biped/living/shield
[14Oct2025 20:13:06.687] [modloading-worker-0/INFO] [epicfight/]: Assigned animation id 43 to biped/living/shield_mirror
[14Oct2025 20:13:06.687] [modloading-worker-0/INFO] [epicfight/]: Assigned animation id 44 to biped/living/hold_greatsword
[14Oct2025 20:13:06.687] [modloading-worker-0/INFO] [epicfight/]: Assigned animation id 45 to biped/living/hold_uchigatana_sheath
[14Oct2025 20:13:06.688] [modloading-worker-0/INFO] [epicfight/]: Assigned animation id 46 to biped/living/hold_uchigatana
[14Oct2025 20:13:06.688] [modloading-worker-0/INFO] [epicfight/]: Assigned animation id 47 to biped/living/hold_tachi
[14Oct2025 20:13:06.688] [modloading-worker-0/INFO] [epicfight/]: Assigned animation id 48 to biped/living/hold_longsword
[14Oct2025 20:13:06.688] [modloading-worker-0/INFO] [epicfight/]: Assigned animation id 49 to biped/living/hold_spear
[14Oct2025 20:13:06.688] [modloading-worker-0/INFO] [epicfight/]: Assigned animation id 50 to biped/living/hold_dual
[14Oct2025 20:13:06.688] [modloading-worker-0/INFO] [epicfight/]: Assigned animation id 51 to biped/living/hold_liechtenauer
[14Oct2025 20:13:06.688] [modloading-worker-0/INFO] [epicfight/]: Assigned animation id 52 to biped/living/walk_greatsword
[14Oct2025 20:13:06.689] [modloading-worker-0/INFO] [epicfight/]: Assigned animation id 53 to biped/living/walk_spear
[14Oct2025 20:13:06.689] [modloading-worker-0/INFO] [epicfight/]: Assigned animation id 54 to biped/living/walk_uchigatana_sheath
[14Oct2025 20:13:06.689] [modloading-worker-0/INFO] [epicfight/]: Assigned animation id 55 to biped/living/walk_uchigatana
[14Oct2025 20:13:06.689] [modloading-worker-0/INFO] [epicfight/]: Assigned animation id 56 to biped/living/walk_twohand
[14Oct2025 20:13:06.689] [modloading-worker-0/INFO] [epicfight/]: Assigned animation id 57 to biped/living/walk_longsword
[14Oct2025 20:13:06.689] [modloading-worker-0/INFO] [epicfight/]: Assigned animation id 58 to biped/living/walk_liechtenauer
[14Oct2025 20:13:06.689] [modloading-worker-0/INFO] [epicfight/]: Assigned animation id 59 to biped/living/run_greatsword
[14Oct2025 20:13:06.689] [modloading-worker-0/INFO] [epicfight/]: Assigned animation id 60 to biped/living/run_uchigatana
[14Oct2025 20:13:06.690] [modloading-worker-0/INFO] [epicfight/]: Assigned animation id 61 to biped/living/run_uchigatana_sheath
[14Oct2025 20:13:06.690] [modloading-worker-0/INFO] [epicfight/]: Assigned animation id 62 to biped/living/run_dual
[14Oct2025 20:13:06.690] [modloading-worker-0/INFO] [epicfight/]: Assigned animation id 63 to biped/living/run_longsword
[14Oct2025 20:13:06.690] [modloading-worker-0/INFO] [epicfight/]: Assigned animation id 64 to biped/living/uchigatana_scrap
[14Oct2025 20:13:06.693] [modloading-worker-0/INFO] [epicfight/]: Assigned animation id 65 to biped/living/liechtenauer_ready
[14Oct2025 20:13:06.694] [modloading-worker-0/INFO] [epicfight/]: Assigned animation id 66 to biped/combat/hit_shield
[14Oct2025 20:13:06.694] [modloading-worker-0/INFO] [epicfight/]: Assigned animation id 67 to biped/combat/hit_shield
[14Oct2025 20:13:06.694] [modloading-worker-0/INFO] [epicfight/]: Assigned animation id 68 to biped/combat/hit_shield_mirror
[14Oct2025 20:13:06.694] [modloading-worker-0/INFO] [epicfight/]: Assigned animation id 69 to biped/living/climb
[14Oct2025 20:13:06.694] [modloading-worker-0/INFO] [epicfight/]: Assigned animation id 70 to biped/living/sleep
[14Oct2025 20:13:06.694] [modloading-worker-0/INFO] [epicfight/]: Assigned animation id 71 to biped/combat/javelin_aim_mid
[14Oct2025 20:13:06.695] [modloading-worker-0/INFO] [epicfight/]: Assigned animation id 72 to biped/combat/javelin_throw_mid
[14Oct2025 20:13:06.695] [modloading-worker-0/INFO] [epicfight/]: Assigned animation id 73 to off_highest
[14Oct2025 20:13:06.695] [modloading-worker-0/INFO] [epicfight/]: Assigned animation id 74 to off_middle
[14Oct2025 20:13:06.695] [modloading-worker-0/INFO] [epicfight/]: Assigned animation id 75 to zombie/idle
[14Oct2025 20:13:06.695] [modloading-worker-0/INFO] [epicfight/]: Assigned animation id 76 to zombie/walk
[14Oct2025 20:13:06.695] [modloading-worker-0/INFO] [epicfight/]: Assigned animation id 77 to zombie/chase
[14Oct2025 20:13:06.696] [modloading-worker-0/INFO] [epicfight/]: Assigned animation id 78 to creeper/idle
[14Oct2025 20:13:06.699] [modloading-worker-0/INFO] [epicfight/]: Assigned animation id 79 to creeper/walk
[14Oct2025 20:13:06.699] [modloading-worker-0/INFO] [epicfight/]: Assigned animation id 80 to enderman/idle
[14Oct2025 20:13:06.699] [modloading-worker-0/INFO] [epicfight/]: Assigned animation id 81 to enderman/walk
[14Oct2025 20:13:06.700] [modloading-worker-0/INFO] [epicfight/]: Assigned animation id 82 to enderman/rage_idle
[14Oct2025 20:13:06.700] [modloading-worker-0/INFO] [epicfight/]: Assigned animation id 83 to enderman/rage_walk
[14Oct2025 20:13:06.700] [modloading-worker-0/INFO] [epicfight/]: Assigned animation id 84 to wither_skeleton/walk
[14Oct2025 20:13:06.700] [modloading-worker-0/INFO] [epicfight/]: Assigned animation id 85 to wither_skeleton/chase
[14Oct2025 20:13:06.701] [modloading-worker-0/INFO] [epicfight/]: Assigned animation id 86 to wither_skeleton/idle
[14Oct2025 20:13:06.704] [modloading-worker-0/INFO] [epicfight/]: Assigned animation id 87 to wither_skeleton/special_spawn
[14Oct2025 20:13:06.704] [modloading-worker-0/INFO] [epicfight/]: Assigned animation id 88 to spider/idle
[14Oct2025 20:13:06.704] [modloading-worker-0/INFO] [epicfight/]: Assigned animation id 89 to spider/crawl
[14Oct2025 20:13:06.705] [modloading-worker-0/INFO] [epicfight/]: Assigned animation id 90 to iron_golem/idle
[14Oct2025 20:13:06.705] [modloading-worker-0/INFO] [epicfight/]: Assigned animation id 91 to iron_golem/walk
[14Oct2025 20:13:06.705] [modloading-worker-0/INFO] [epicfight/]: Assigned animation id 92 to hoglin/idle
[14Oct2025 20:13:06.705] [modloading-worker-0/INFO] [epicfight/]: Assigned animation id 93 to hoglin/walk
[14Oct2025 20:13:06.705] [modloading-worker-0/INFO] [epicfight/]: Assigned animation id 94 to illager/idle
[14Oct2025 20:13:06.705] [modloading-worker-0/INFO] [epicfight/]: Assigned animation id 95 to illager/walk
[14Oct2025 20:13:06.705] [modloading-worker-0/INFO] [epicfight/]: Assigned animation id 96 to illager/idle_aggressive
[14Oct2025 20:13:06.705] [modloading-worker-0/INFO] [epicfight/]: Assigned animation id 97 to illager/chase
[14Oct2025 20:13:06.705] [modloading-worker-0/INFO] [epicfight/]: Assigned animation id 98 to illager/spellcast
[14Oct2025 20:13:06.706] [modloading-worker-0/INFO] [epicfight/]: Assigned animation id 99 to ravager/idle
[14Oct2025 20:13:06.706] [modloading-worker-0/INFO] [epicfight/]: Assigned animation id 100 to ravager/walk
[14Oct2025 20:13:06.706] [modloading-worker-0/INFO] [epicfight/]: Assigned animation id 101 to vex/idle
[14Oct2025 20:13:06.706] [modloading-worker-0/INFO] [epicfight/]: Assigned animation id 102 to vex/flip
[14Oct2025 20:13:06.706] [modloading-worker-0/INFO] [epicfight/]: Assigned animation id 103 to piglin/idle
[14Oct2025 20:13:06.706] [modloading-worker-0/INFO] [epicfight/]: Assigned animation id 104 to piglin/walk
[14Oct2025 20:13:06.706] [modloading-worker-0/INFO] [epicfight/]: Assigned animation id 105 to piglin/zombified_idle
[14Oct2025 20:13:06.706] [modloading-worker-0/INFO] [epicfight/]: Assigned animation id 106 to piglin/zombified_walk
[14Oct2025 20:13:06.710] [modloading-worker-0/INFO] [epicfight/]: Assigned animation id 107 to piglin/zombified_chase
[14Oct2025 20:13:06.711] [modloading-worker-0/INFO] [epicfight/]: Assigned animation id 108 to piglin/celebrate1
[14Oct2025 20:13:06.711] [Forge Version Check/INFO] [net.minecraftforge.fml.VersionChecker/]: [travelersbackpack] Found status: OUTDATED Current: 9.1.14 Target: 9.1.16
[14Oct2025 20:13:06.711] [modloading-worker-0/INFO] [epicfight/]: Assigned animation id 109 to piglin/celebrate2
[14Oct2025 20:13:06.711] [modloading-worker-0/INFO] [epicfight/]: Assigned animation id 110 to piglin/celebrate3
[14Oct2025 20:13:06.711] [modloading-worker-0/INFO] [epicfight/]: Assigned animation id 111 to piglin/admire
[14Oct2025 20:13:06.711] [modloading-worker-0/INFO] [epicfight/]: Assigned animation id 112 to wither/idle
[14Oct2025 20:13:06.711] [modloading-worker-0/INFO] [epicfight/]: Assigned animation id 113 to biped/skill/guard_spear
[14Oct2025 20:13:06.711] [modloading-worker-0/INFO] [epicfight/]: Assigned animation id 114 to biped/skill/guard_sword
[14Oct2025 20:13:06.711] [modloading-worker-0/INFO] [epicfight/]: Assigned animation id 115 to biped/skill/guard_dualsword
[14Oct2025 20:13:06.711] [modloading-worker-0/INFO] [epicfight/]: Assigned animation id 116 to biped/skill/guard_greatsword
[14Oct2025 20:13:06.712] [modloading-worker-0/INFO] [epicfight/]: Assigned animation id 117 to biped/skill/guard_uchigatana
[14Oct2025 20:13:06.712] [modloading-worker-0/INFO] [epicfight/]: Assigned animation id 118 to biped/skill/guard_longsword
[14Oct2025 20:13:06.712] [modloading-worker-0/INFO] [epicfight/]: Assigned animation id 119 to biped/skill/steel_whirlwind_charging
[14Oct2025 20:13:06.713] [Forge Version Check/INFO] [net.minecraftforge.fml.VersionChecker/]: [morevanillashields] Starting version check at https://raw.githubusercontent.com/Rajhab/MoreVanillaShields-UpdateChecker/main/update.json
[14Oct2025 20:13:06.714] [modloading-worker-0/INFO] [epicfight/]: Assigned animation id 120 to biped/skill/roll_forward
[14Oct2025 20:13:06.714] [modloading-worker-0/INFO] [epicfight/]: Assigned animation id 121 to biped/skill/roll_backward
[14Oct2025 20:13:06.714] [modloading-worker-0/INFO] [epicfight/]: Assigned animation id 122 to biped/skill/step_forward
[14Oct2025 20:13:06.714] [modloading-worker-0/INFO] [epicfight/]: Assigned animation id 123 to biped/skill/step_backward
[14Oct2025 20:13:06.715] [modloading-worker-0/INFO] [epicfight/]: Assigned animation id 124 to biped/skill/step_left
[14Oct2025 20:13:06.715] [modloading-worker-0/INFO] [epicfight/]: Assigned animation id 125 to biped/skill/step_right
[14Oct2025 20:13:06.715] [modloading-worker-0/INFO] [epicfight/]: Assigned animation id 126 to biped/skill/knockdown_wakeup_left
[14Oct2025 20:13:06.715] [modloading-worker-0/INFO] [epicfight/]: Assigned animation id 127 to biped/skill/knockdown_wakeup_right
[14Oct2025 20:13:06.715] [modloading-worker-0/INFO] [epicfight/]: Assigned animation id 128 to biped/skill/demolition_leap_charge
[14Oct2025 20:13:06.715] [modloading-worker-0/INFO] [epicfight/]: Assigned animation id 129 to biped/skill/demolition_leap
[14Oct2025 20:13:06.716] [modloading-worker-0/INFO] [epicfight/]: Assigned animation id 130 to biped/skill/phantom_ascent_forward
[14Oct2025 20:13:06.717] [modloading-worker-0/INFO] [epicfight/]: Assigned animation id 131 to biped/skill/phantom_ascent_backward
[14Oct2025 20:13:06.721] [modloading-worker-0/INFO] [epicfight/]: Assigned animation id 132 to biped/combat/fist_auto1
[14Oct2025 20:13:06.728] [modloading-worker-0/INFO] [epicfight/]: Assigned animation id 133 to biped/combat/fist_auto2
[14Oct2025 20:13:06.730] [modloading-worker-0/INFO] [epicfight/]: Assigned animation id 134 to biped/combat/fist_auto3
[14Oct2025 20:13:06.730] [modloading-worker-0/INFO] [epicfight/]: Assigned animation id 135 to biped/combat/fist_dash
[14Oct2025 20:13:06.731] [modloading-worker-0/INFO] [epicfight/]: Assigned animation id 136 to biped/combat/sword_auto1
[14Oct2025 20:13:06.731] [modloading-worker-0/INFO] [epicfight/]: Assigned animation id 137 to biped/combat/sword_auto2
[14Oct2025 20:13:06.731] [modloading-worker-0/INFO] [epicfight/]: Assigned animation id 138 to biped/combat/sword_auto3
[14Oct2025 20:13:06.732] [modloading-worker-0/INFO] [epicfight/]: Assigned animation id 139 to biped/combat/sword_dash
[14Oct2025 20:13:06.732] [modloading-worker-0/INFO] [epicfight/]: Assigned animation id 140 to biped/combat/greatsword_auto1
[14Oct2025 20:13:06.732] [modloading-worker-0/INFO] [epicfight/]: Assigned animation id 141 to biped/combat/greatsword_auto2
[14Oct2025 20:13:06.732] [modloading-worker-0/INFO] [epicfight/]: Assigned animation id 142 to biped/combat/greatsword_dash
[14Oct2025 20:13:06.733] [modloading-worker-0/INFO] [epicfight/]: Assigned animation id 143 to biped/combat/spear_onehand_auto
[14Oct2025 20:13:06.733] [modloading-worker-0/INFO] [epicfight/]: Assigned animation id 144 to biped/combat/spear_twohand_auto1
[14Oct2025 20:13:06.733] [modloading-worker-0/INFO] [epicfight/]: Assigned animation id 145 to biped/combat/spear_twohand_auto2
[14Oct2025 20:13:06.734] [modloading-worker-0/INFO] [epicfight/]: Assigned animation id 146 to biped/combat/spear_dash
[14Oct2025 20:13:06.734] [modloading-worker-0/INFO] [epicfight/]: Assigned animation id 147 to 136
[14Oct2025 20:13:06.734] [modloading-worker-0/INFO] [epicfight/]: Assigned animation id 148 to biped/combat/sword_auto4
[14Oct2025 20:13:06.734] [modloading-worker-0/INFO] [epicfight/]: Assigned animation id 149 to biped/combat/tool_dash
[14Oct2025 20:13:06.735] [modloading-worker-0/INFO] [epicfight/]: Assigned animation id 150 to biped/combat/axe_dash
[14Oct2025 20:13:06.735] [modloading-worker-0/INFO] [epicfight/]: Assigned animation id 151 to biped/combat/sword_dual_auto1
[14Oct2025 20:13:06.735] [modloading-worker-0/INFO] [epicfight/]: Assigned animation id 152 to biped/combat/sword_dual_auto2
[14Oct2025 20:13:06.735] [modloading-worker-0/INFO] [epicfight/]: Assigned animation id 153 to biped/combat/sword_dual_auto3
[14Oct2025 20:13:06.739] [modloading-worker-0/INFO] [epicfight/]: Assigned animation id 154 to biped/combat/sword_dual_dash
[14Oct2025 20:13:06.739] [modloading-worker-0/INFO] [epicfight/]: Assigned animation id 155 to biped/combat/uchigatana_auto1
[14Oct2025 20:13:06.739] [modloading-worker-0/INFO] [epicfight/]: Assigned animation id 156 to biped/combat/uchigatana_auto2
[14Oct2025 20:13:06.739] [modloading-worker-0/INFO] [epicfight/]: Assigned animation id 157 to biped/combat/uchigatana_auto3
[14Oct2025 20:13:06.739] [modloading-worker-0/INFO] [epicfight/]: Assigned animation id 158 to biped/combat/uchigatana_dash
[14Oct2025 20:13:06.744] [modloading-worker-0/INFO] [epicfight/]: Assigned animation id 159 to biped/combat/uchigatana_sheath_auto
[14Oct2025 20:13:06.745] [modloading-worker-0/INFO] [epicfight/]: Assigned animation id 160 to biped/combat/uchigatana_sheath_dash
[14Oct2025 20:13:06.745] [modloading-worker-0/INFO] [epicfight/]: Assigned animation id 161 to biped/combat/axe_auto1
[14Oct2025 20:13:06.745] [modloading-worker-0/INFO] [epicfight/]: Assigned animation id 162 to biped/combat/axe_auto2
[14Oct2025 20:13:06.746] [modloading-worker-0/INFO] [epicfight/]: Assigned animation id 163 to biped/combat/longsword_auto1
[14Oct2025 20:13:06.746] [modloading-worker-0/INFO] [epicfight/]: Assigned animation id 164 to biped/combat/longsword_auto2
[14Oct2025 20:13:06.746] [modloading-worker-0/INFO] [epicfight/]: Assigned animation id 165 to biped/combat/longsword_auto3
[14Oct2025 20:13:06.746] [modloading-worker-0/INFO] [epicfight/]: Assigned animation id 166 to biped/combat/longsword_dash
[14Oct2025 20:13:06.747] [modloading-worker-0/INFO] [epicfight/]: Assigned animation id 167 to biped/combat/longsword_liechtenauer_auto1
[14Oct2025 20:13:06.747] [modloading-worker-0/INFO] [epicfight/]: Assigned animation id 168 to biped/combat/longsword_liechtenauer_auto2
[14Oct2025 20:13:06.747] [modloading-worker-0/INFO] [epicfight/]: Assigned animation id 169 to biped/combat/longsword_liechtenauer_auto3
[14Oct2025 20:13:06.747] [modloading-worker-0/INFO] [epicfight/]: Assigned animation id 170 to biped/combat/tachi_auto1
[14Oct2025 20:13:06.748] [modloading-worker-0/INFO] [epicfight/]: Assigned animation id 171 to biped/combat/tachi_auto2
[14Oct2025 20:13:06.748] [modloading-worker-0/INFO] [epicfight/]: Assigned animation id 172 to biped/combat/tachi_auto3
[14Oct2025 20:13:06.750] [modloading-worker-0/INFO] [epicfight/]: Assigned animation id 173 to biped/combat/tachi_dash
[14Oct2025 20:13:06.750] [modloading-worker-0/INFO] [epicfight/]: Assigned animation id 174 to biped/combat/dagger_auto1
[14Oct2025 20:13:06.750] [modloading-worker-0/INFO] [epicfight/]: Assigned animation id 175 to biped/combat/dagger_auto2
[14Oct2025 20:13:06.751] [modloading-worker-0/INFO] [epicfight/]: Assigned animation id 176 to biped/combat/dagger_auto3
[14Oct2025 20:13:06.751] [modloading-worker-0/INFO] [epicfight/]: Assigned animation id 177 to biped/combat/dagger_dash
[14Oct2025 20:13:06.751] [modloading-worker-0/INFO] [epicfight/]: Assigned animation id 178 to biped/combat/dagger_dual_auto1
[14Oct2025 20:13:06.751] [modloading-worker-0/INFO] [epicfight/]: Assigned animation id 179 to biped/combat/dagger_dual_auto2
[14Oct2025 20:13:06.751] [modloading-worker-0/INFO] [epicfight/]: Assigned animation id 180 to biped/combat/dagger_dual_auto3
[14Oct2025 20:13:06.751] [modloading-worker-0/INFO] [epicfight/]: Assigned animation id 181 to biped/combat/dagger_dual_auto4
[14Oct2025 20:13:06.752] [modloading-worker-0/INFO] [epicfight/]: Assigned animation id 182 to biped/combat/dagger_dual_dash
[14Oct2025 20:13:06.752] [modloading-worker-0/INFO] [epicfight/]: Assigned animation id 183 to biped/combat/trident_auto1
[14Oct2025 20:13:06.752] [modloading-worker-0/INFO] [epicfight/]: Assigned animation id 184 to biped/combat/trident_auto2
[14Oct2025 20:13:06.752] [modloading-worker-0/INFO] [epicfight/]: Assigned animation id 185 to biped/combat/trident_auto3
[14Oct2025 20:13:06.752] [modloading-worker-0/INFO] [epicfight/]: Assigned animation id 186 to biped/combat/sword_airslash
[14Oct2025 20:13:06.754] [modloading-worker-0/INFO] [epicfight/]: Assigned animation id 187 to biped/combat/sword_dual_airslash
[14Oct2025 20:13:06.754] [modloading-worker-0/INFO] [epicfight/]: Assigned animation id 188 to biped/combat/uchigatana_airslash
[14Oct2025 20:13:06.754] [modloading-worker-0/INFO] [epicfight/]: Assigned animation id 189 to biped/combat/uchigatana_sheath_airslash
[14Oct2025 20:13:06.755] [modloading-worker-0/INFO] [epicfight/]: Assigned animation id 190 to biped/combat/spear_onehand_airslash
[14Oct2025 20:13:06.755] [modloading-worker-0/INFO] [epicfight/]: Assigned animation id 191 to biped/combat/spear_twohand_airslash
[14Oct2025 20:13:06.755] [modloading-worker-0/INFO] [epicfight/]: Assigned animation id 192 to biped/combat/longsword_airslash
[14Oct2025 20:13:06.756] [modloading-worker-0/INFO] [epicfight/]: Assigned animation id 193 to biped/combat/greatsword_airslash
[14Oct2025 20:13:06.756] [modloading-worker-0/INFO] [epicfight/]: Assigned animation id 194 to biped/combat/fist_airslash
[14Oct2025 20:13:06.758] [Forge Version Check/INFO] [net.minecraftforge.fml.VersionChecker/]: [morevanillashields] Found status: OUTDATED Current: 1.1.0-1.20.1 Target: 1.1.4-1.20.1
[14Oct2025 20:13:06.759] [Forge Version Check/INFO] [net.minecraftforge.fml.VersionChecker/]: [puzzlesaccessapi] Starting version check at https://raw.githubusercontent.com/Fuzss/modresources/main/update/puzzlesaccessapi.json
[14Oct2025 20:13:06.760] [modloading-worker-0/INFO] [epicfight/]: Assigned animation id 195 to biped/combat/dagger_airslash
[14Oct2025 20:13:06.763] [modloading-worker-0/INFO] [epicfight/]: Assigned animation id 196 to 187
[14Oct2025 20:13:06.765] [modloading-worker-0/INFO] [epicfight/]: Assigned animation id 197 to biped/combat/axe_airslash
[14Oct2025 20:13:06.765] [modloading-worker-0/INFO] [epicfight/]: Assigned animation id 198 to biped/combat/sword_mount_attack
[14Oct2025 20:13:06.769] [modloading-worker-0/INFO] [epicfight/]: Assigned animation id 199 to biped/combat/spear_mount_attack
[14Oct2025 20:13:06.770] [modloading-worker-0/INFO] [epicfight/]: Assigned animation id 200 to biped/combat/mob_onehand1
[14Oct2025 20:13:06.770] [modloading-worker-0/INFO] [epicfight/]: Assigned animation id 201 to biped/combat/mob_onehand2
[14Oct2025 20:13:06.770] [modloading-worker-0/INFO] [epicfight/]: Assigned animation id 202 to biped/combat/mob_greatsword1
[14Oct2025 20:13:06.772] [modloading-worker-0/INFO] [epicfight/]: Assigned animation id 203 to biped/combat/mob_tachi_special
[14Oct2025 20:13:06.774] [modloading-worker-0/INFO] [epicfight/]: Assigned animation id 204 to biped/combat/mob_spear_onehand
[14Oct2025 20:13:06.774] [modloading-worker-0/INFO] [epicfight/]: Assigned animation id 205 to biped/combat/mob_spear_twohand1
[14Oct2025 20:13:06.775] [modloading-worker-0/INFO] [epicfight/]: Assigned animation id 206 to biped/combat/mob_spear_twohand2
[14Oct2025 20:13:06.775] [modloading-worker-0/INFO] [epicfight/]: Assigned animation id 207 to biped/combat/mob_spear_twohand3
[14Oct2025 20:13:06.775] [modloading-worker-0/INFO] [epicfight/]: Assigned animation id 208 to biped/combat/mob_sword_dual1
[14Oct2025 20:13:06.775] [modloading-worker-0/INFO] [epicfight/]: Assigned animation id 209 to biped/combat/mob_sword_dual2
[14Oct2025 20:13:06.775] [modloading-worker-0/INFO] [epicfight/]: Assigned animation id 210 to biped/combat/mob_sword_dual3
[14Oct2025 20:13:06.775] [modloading-worker-0/INFO] [epicfight/]: Assigned animation id 211 to biped/combat/mob_longsword1
[14Oct2025 20:13:06.776] [modloading-worker-0/INFO] [epicfight/]: Assigned animation id 212 to biped/combat/mob_longsword2
[14Oct2025 20:13:06.776] [modloading-worker-0/INFO] [epicfight/]: Assigned animation id 213 to biped/combat/mob_uchigatana1
[14Oct2025 20:13:06.776] [modloading-worker-0/INFO] [epicfight/]: Assigned animation id 214 to biped/combat/mob_uchigatana2
[14Oct2025 20:13:06.776] [modloading-worker-0/INFO] [epicfight/]: Assigned animation id 215 to biped/combat/mob_uchigatana3
[14Oct2025 20:13:06.776] [modloading-worker-0/INFO] [epicfight/]: Assigned animation id 216 to biped/combat/mob_dagger_onehand1
[14Oct2025 20:13:06.776] [modloading-worker-0/INFO] [epicfight/]: Assigned animation id 217 to biped/combat/mob_dagger_onehand2
[14Oct2025 20:13:06.776] [modloading-worker-0/INFO] [epicfight/]: Assigned animation id 218 to biped/combat/mob_dagger_onehand3
[14Oct2025 20:13:06.774] [Forge Version Check/INFO] [net.minecraftforge.fml.VersionChecker/]: [puzzlesaccessapi] Found status: BETA Current: 8.0.7 Target: null
[14Oct2025 20:13:06.778] [Forge Version Check/INFO] [net.minecraftforge.fml.VersionChecker/]: [forge] Starting version check at https://files.minecraftforge.net/net/minecraftforge/forge/promotions_slim.json
[14Oct2025 20:13:06.776] [modloading-worker-0/INFO] [epicfight/]: Assigned animation id 219 to biped/combat/mob_dagger_twohand1
[14Oct2025 20:13:06.780] [modloading-worker-0/INFO] [epicfight/]: Assigned animation id 220 to biped/combat/mob_dagger_twohand2
[14Oct2025 20:13:06.781] [modloading-worker-0/INFO] [epicfight/]: Assigned animation id 221 to biped/combat/mob_throw
[14Oct2025 20:13:06.781] [modloading-worker-0/INFO] [epicfight/]: Assigned animation id 222 to biped/skill/guard_sword_hit
[14Oct2025 20:13:06.781] [modloading-worker-0/INFO] [epicfight/]: Assigned animation id 223 to biped/skill/guard_sword_hit_active1
[14Oct2025 20:13:06.782] [modloading-worker-0/INFO] [epicfight/]: Assigned animation id 224 to biped/skill/guard_sword_hit_active2
[14Oct2025 20:13:06.782] [modloading-worker-0/INFO] [epicfight/]: Assigned animation id 225 to biped/skill/guard_sword_hit_active3
[14Oct2025 20:13:06.783] [modloading-worker-0/INFO] [epicfight/]: Assigned animation id 226 to biped/skill/guard_longsword_hit_active1
[14Oct2025 20:13:06.784] [modloading-worker-0/INFO] [epicfight/]: Assigned animation id 227 to biped/skill/guard_longsword_hit_active2
[14Oct2025 20:13:06.784] [modloading-worker-0/INFO] [epicfight/]: Assigned animation id 228 to biped/skill/guard_dualsword_hit
[14Oct2025 20:13:06.785] [modloading-worker-0/INFO] [epicfight/]: Assigned animation id 229 to biped/skill/guard_break1
[14Oct2025 20:13:06.785] [modloading-worker-0/INFO] [epicfight/]: Assigned animation id 230 to biped/skill/guard_break2
[14Oct2025 20:13:06.786] [modloading-worker-0/INFO] [epicfight/]: Assigned animation id 231 to biped/skill/guard_longsword_hit
[14Oct2025 20:13:06.786] [modloading-worker-0/INFO] [epicfight/]: Assigned animation id 232 to biped/skill/guard_spear_hit
[14Oct2025 20:13:06.787] [modloading-worker-0/INFO] [epicfight/]: Assigned animation id 233 to biped/skill/guard_greatsword_hit
[14Oct2025 20:13:06.787] [modloading-worker-0/INFO] [epicfight/]: Assigned animation id 234 to biped/skill/guard_uchigatana_hit
[14Oct2025 20:13:06.788] [modloading-worker-0/INFO] [epicfight/]: Assigned animation id 235 to biped/skill/greatsword_slam
[14Oct2025 20:13:06.788] [modloading-worker-0/INFO] [epicfight/]: Assigned animation id 236 to biped/skill/revelation_normal
[14Oct2025 20:13:06.789] [modloading-worker-0/INFO] [epicfight/]: Assigned animation id 237 to biped/skill/revelation_twohand
[14Oct2025 20:13:06.789] [modloading-worker-0/INFO] [epicfight/]: Assigned animation id 238 to biped/combat/hit_short
[14Oct2025 20:13:06.789] [modloading-worker-0/INFO] [epicfight/]: Assigned animation id 239 to biped/combat/hit_long
[14Oct2025 20:13:06.789] [modloading-worker-0/INFO] [epicfight/]: Assigned animation id 240 to biped/combat/hit_on_mount
[14Oct2025 20:13:06.789] [modloading-worker-0/INFO] [epicfight/]: Assigned animation id 241 to biped/living/landing
[14Oct2025 20:13:06.791] [modloading-worker-0/INFO] [epicfight/]: Assigned animation id 242 to biped/combat/knockdown
[14Oct2025 20:13:06.791] [modloading-worker-0/INFO] [epicfight/]: Assigned animation id 243 to biped/living/death
[14Oct2025 20:13:06.791] [modloading-worker-0/INFO] [epicfight/]: Assigned animation id 244 to creeper/hit_short
[14Oct2025 20:13:06.792] [modloading-worker-0/INFO] [epicfight/]: Assigned animation id 245 to creeper/hit_long
[14Oct2025 20:13:06.792] [modloading-worker-0/INFO] [epicfight/]: Assigned animation id 246 to creeper/death
[14Oct2025 20:13:06.793] [modloading-worker-0/INFO] [epicfight/]: Assigned animation id 247 to enderman/hit_short
[14Oct2025 20:13:06.793] [modloading-worker-0/INFO] [epicfight/]: Assigned animation id 248 to enderman/hit_long
[14Oct2025 20:13:06.794] [modloading-worker-0/INFO] [epicfight/]: Assigned animation id 249 to enderman/neutralized
[14Oct2025 20:13:06.794] [modloading-worker-0/INFO] [epicfight/]: Assigned animation id 250 to enderman/convert_rage
[14Oct2025 20:13:06.795] [modloading-worker-0/INFO] [epicfight/]: Assigned animation id 251 to enderman/tp_kick1
[14Oct2025 20:13:06.795] [modloading-worker-0/INFO] [epicfight/]: Assigned animation id 252 to enderman/tp_kick2
[14Oct2025 20:13:06.795] [modloading-worker-0/INFO] [epicfight/]: Assigned animation id 253 to enderman/rush_kick
[14Oct2025 20:13:06.795] [modloading-worker-0/INFO] [epicfight/]: Assigned animation id 254 to enderman/jump_kick
[14Oct2025 20:13:06.795] [modloading-worker-0/INFO] [epicfight/]: Assigned animation id 255 to enderman/knee
[14Oct2025 20:13:06.795] [modloading-worker-0/INFO] [epicfight/]: Assigned animation id 256 to enderman/kick_twice
[14Oct2025 20:13:06.795] [modloading-worker-0/INFO] [epicfight/]: Assigned animation id 257 to enderman/grasp
[14Oct2025 20:13:06.795] [modloading-worker-0/INFO] [epicfight/]: Assigned animation id 258 to enderman/death
[14Oct2025 20:13:06.798] [modloading-worker-0/INFO] [epicfight/]: Assigned animation id 259 to enderman/teleport
[14Oct2025 20:13:06.799] [modloading-worker-0/INFO] [epicfight/]: Assigned animation id 260 to dragon/idle
[14Oct2025 20:13:06.800] [modloading-worker-0/INFO] [epicfight/]: Assigned animation id 261 to dragon/walk
[14Oct2025 20:13:06.801] [modloading-worker-0/INFO] [epicfight/]: Assigned animation id 262 to dragon/fly
[14Oct2025 20:13:06.801] [modloading-worker-0/INFO] [epicfight/]: Assigned animation id 263 to dragon/death
[14Oct2025 20:13:06.801] [modloading-worker-0/INFO] [epicfight/]: Assigned animation id 264 to dragon/ground_to_fly
[14Oct2025 20:13:06.802] [modloading-worker-0/INFO] [epicfight/]: Assigned animation id 265 to dragon/fly_to_ground
[14Oct2025 20:13:06.805] [modloading-worker-0/INFO] [epicfight/]: Assigned animation id 266 to dragon/attack1
[14Oct2025 20:13:06.806] [modloading-worker-0/INFO] [epicfight/]: Assigned animation id 267 to dragon/attack2
[14Oct2025 20:13:06.806] [modloading-worker-0/INFO] [epicfight/]: Assigned animation id 268 to dragon/attack3
[14Oct2025 20:13:06.807] [modloading-worker-0/INFO] [epicfight/]: Assigned animation id 269 to dragon/attack4
[14Oct2025 20:13:06.808] [modloading-worker-0/INFO] [epicfight/]: Assigned animation id 270 to dragon/attack4_recovery
[14Oct2025 20:13:06.808] [modloading-worker-0/INFO] [epicfight/]: Assigned animation id 271 to dragon/fireball
[14Oct2025 20:13:06.809] [modloading-worker-0/INFO] [epicfight/]: Assigned animation id 272 to dragon/airstrike
[14Oct2025 20:13:06.809] [modloading-worker-0/INFO] [epicfight/]: Assigned animation id 273 to dragon/backjump_prepare
[14Oct2025 20:13:06.810] [modloading-worker-0/INFO] [epicfight/]: Assigned animation id 274 to dragon/backjump_move
[14Oct2025 20:13:06.810] [modloading-worker-0/INFO] [epicfight/]: Assigned animation id 275 to dragon/backjump_recovery
[14Oct2025 20:13:06.811] [modloading-worker-0/INFO] [epicfight/]: Assigned animation id 276 to dragon/crystal_link
[14Oct2025 20:13:06.812] [modloading-worker-0/INFO] [epicfight/]: Assigned animation id 277 to dragon/neutralized
[14Oct2025 20:13:06.813] [modloading-worker-0/INFO] [epicfight/]: Assigned animation id 278 to dragon/neutralized_recovery
[14Oct2025 20:13:06.813] [modloading-worker-0/INFO] [epicfight/]: Assigned animation id 279 to spider/attack
[14Oct2025 20:13:06.813] [modloading-worker-0/INFO] [epicfight/]: Assigned animation id 280 to spider/jump_attack
[14Oct2025 20:13:06.813] [modloading-worker-0/INFO] [epicfight/]: Assigned animation id 281 to spider/hit
[14Oct2025 20:13:06.813] [modloading-worker-0/INFO] [epicfight/]: Assigned animation id 282 to spider/neutralized
[14Oct2025 20:13:06.813] [modloading-worker-0/INFO] [epicfight/]: Assigned animation id 283 to spider/death
[14Oct2025 20:13:06.814] [modloading-worker-0/INFO] [epicfight/]: Assigned animation id 284 to iron_golem/attack1
[14Oct2025 20:13:06.814] [modloading-worker-0/INFO] [epicfight/]: Assigned animation id 285 to iron_golem/attack2
[14Oct2025 20:13:06.815] [modloading-worker-0/INFO] [epicfight/]: Assigned animation id 286 to iron_golem/attack3
[14Oct2025 20:13:06.815] [modloading-worker-0/INFO] [epicfight/]: Assigned animation id 287 to iron_golem/attack4
[14Oct2025 20:13:06.815] [modloading-worker-0/INFO] [epicfight/]: Assigned animation id 288 to iron_golem/death
[14Oct2025 20:13:06.815] [modloading-worker-0/INFO] [epicfight/]: Assigned animation id 289 to illager/swing_axe1
[14Oct2025 20:13:06.815] [modloading-worker-0/INFO] [epicfight/]: Assigned animation id 290 to illager/swing_axe2
[14Oct2025 20:13:06.816] [modloading-worker-0/INFO] [epicfight/]: Assigned animation id 291 to illager/swing_axe3
[14Oct2025 20:13:06.816] [modloading-worker-0/INFO] [epicfight/]: Assigned animation id 292 to piglin/death
[14Oct2025 20:13:06.817] [modloading-worker-0/INFO] [epicfight/]: Assigned animation id 293 to hoglin/death
[14Oct2025 20:13:06.817] [modloading-worker-0/INFO] [epicfight/]: Assigned animation id 294 to hoglin/attack
[14Oct2025 20:13:06.818] [modloading-worker-0/INFO] [epicfight/]: Assigned animation id 295 to ravager/death
[14Oct2025 20:13:06.818] [modloading-worker-0/INFO] [epicfight/]: Assigned animation id 296 to ravager/groggy
[14Oct2025 20:13:06.818] [modloading-worker-0/INFO] [epicfight/]: Assigned animation id 297 to ravager/attack1
[14Oct2025 20:13:06.818] [modloading-worker-0/INFO] [epicfight/]: Assigned animation id 298 to ravager/attack2
[14Oct2025 20:13:06.819] [modloading-worker-0/INFO] [epicfight/]: Assigned animation id 299 to ravager/attack3
[14Oct2025 20:13:06.819] [modloading-worker-0/INFO] [epicfight/]: Assigned animation id 300 to vex/hit
[14Oct2025 20:13:06.819] [modloading-worker-0/INFO] [epicfight/]: Assigned animation id 301 to vex/death
[14Oct2025 20:13:06.819] [modloading-worker-0/INFO] [epicfight/]: Assigned animation id 302 to vex/charge
[14Oct2025 20:13:06.820] [modloading-worker-0/INFO] [epicfight/]: Assigned animation id 303 to vex/neutralized
[14Oct2025 20:13:06.820] [modloading-worker-0/INFO] [epicfight/]: Assigned animation id 304 to witch/drink
[14Oct2025 20:13:06.820] [modloading-worker-0/INFO] [epicfight/]: Assigned animation id 305 to wither_skeleton/sword_attack1
[14Oct2025 20:13:06.821] [modloading-worker-0/INFO] [epicfight/]: Assigned animation id 306 to wither_skeleton/sword_attack2
[14Oct2025 20:13:06.821] [modloading-worker-0/INFO] [epicfight/]: Assigned animation id 307 to wither_skeleton/sword_attack3
[14Oct2025 20:13:06.821] [modloading-worker-0/INFO] [epicfight/]: Assigned animation id 308 to wither/rush
[14Oct2025 20:13:06.822] [modloading-worker-0/INFO] [epicfight/]: Assigned animation id 309 to wither/death
[14Oct2025 20:13:06.822] [modloading-worker-0/INFO] [epicfight/]: Assigned animation id 310 to wither/neutralized
[14Oct2025 20:13:06.822] [modloading-worker-0/INFO] [epicfight/]: Assigned animation id 311 to wither/spell_wither_armor
[14Oct2025 20:13:06.823] [modloading-worker-0/INFO] [epicfight/]: Assigned animation id 312 to wither/charging_blocked
[14Oct2025 20:13:06.824] [modloading-worker-0/INFO] [epicfight/]: Assigned animation id 313 to wither/ghost_stand
[14Oct2025 20:13:06.824] [modloading-worker-0/INFO] [epicfight/]: Assigned animation id 314 to wither/swirl
[14Oct2025 20:13:06.824] [modloading-worker-0/INFO] [epicfight/]: Assigned animation id 315 to wither/laser
[14Oct2025 20:13:06.825] [modloading-worker-0/INFO] [epicfight/]: Assigned animation id 316 to wither/backflip
[14Oct2025 20:13:06.825] [modloading-worker-0/INFO] [epicfight/]: Assigned animation id 317 to zombie/attack1
[14Oct2025 20:13:06.826] [modloading-worker-0/INFO] [epicfight/]: Assigned animation id 318 to zombie/attack2
[14Oct2025 20:13:06.826] [modloading-worker-0/INFO] [epicfight/]: Assigned animation id 319 to zombie/attack3
[14Oct2025 20:13:06.826] [modloading-worker-0/INFO] [epicfight/]: Assigned animation id 320 to biped/skill/sweeping_edge
[14Oct2025 20:13:06.826] [modloading-worker-0/INFO] [epicfight/]: Assigned animation id 321 to biped/skill/dancing_edge
[14Oct2025 20:13:06.826] [modloading-worker-0/INFO] [epicfight/]: Assigned animation id 322 to biped/skill/the_guillotine
[14Oct2025 20:13:06.827] [modloading-worker-0/INFO] [epicfight/]: Assigned animation id 323 to biped/skill/heartpiercer
[14Oct2025 20:13:06.827] [modloading-worker-0/INFO] [epicfight/]: Assigned animation id 324 to 146
[14Oct2025 20:13:06.827] [modloading-worker-0/INFO] [epicfight/]: Assigned animation id 325 to biped/skill/grasping_spire_second
[14Oct2025 20:13:06.827] [modloading-worker-0/INFO] [epicfight/]: Assigned animation id 326 to biped/skill/steel_whirlwind
[14Oct2025 20:13:06.828] [modloading-worker-0/INFO] [epicfight/]: Assigned animation id 327 to biped/skill/battojutsu
[14Oct2025 20:13:06.828] [modloading-worker-0/INFO] [epicfight/]: Assigned animation id 328 to biped/skill/battojutsu_dash
[14Oct2025 20:13:06.829] [modloading-worker-0/INFO] [epicfight/]: Assigned animation id 329 to biped/skill/rushing_tempo1
[14Oct2025 20:13:06.829] [modloading-worker-0/INFO] [epicfight/]: Assigned animation id 330 to biped/skill/rushing_tempo2
[14Oct2025 20:13:06.830] [modloading-worker-0/INFO] [epicfight/]: Assigned animation id 331 to biped/skill/rushing_tempo3
[14Oct2025 20:13:06.830] [modloading-worker-0/INFO] [epicfight/]: Assigned animation id 332 to biped/skill/relentless_combo
[14Oct2025 20:13:06.830] [modloading-worker-0/INFO] [epicfight/]: Assigned animation id 333 to biped/skill/eviscerate_first
[14Oct2025 20:13:06.830] [modloading-worker-0/INFO] [epicfight/]: Assigned animation id 334 to biped/skill/eviscerate_second
[14Oct2025 20:13:06.831] [modloading-worker-0/INFO] [epicfight/]: Assigned animation id 335 to biped/skill/blade_rush_combo1
[14Oct2025 20:13:06.833] [modloading-worker-0/INFO] [epicfight/]: Assigned animation id 336 to biped/skill/blade_rush_combo2
[14Oct2025 20:13:06.833] [modloading-worker-0/INFO] [epicfight/]: Assigned animation id 337 to biped/skill/blade_rush_combo3
[14Oct2025 20:13:06.833] [modloading-worker-0/INFO] [epicfight/]: Assigned animation id 338 to biped/interact/blade_rush_hit
[14Oct2025 20:13:06.835] [modloading-worker-0/INFO] [epicfight/]: Assigned animation id 339 to biped/skill/blade_rush_execute
[14Oct2025 20:13:06.836] [modloading-worker-0/INFO] [epicfight/]: Assigned animation id 340 to biped/skill/blade_rush_failed
[14Oct2025 20:13:06.836] [modloading-worker-0/INFO] [epicfight/]: Assigned animation id 341 to biped/skill/blade_rush_try
[14Oct2025 20:13:06.837] [modloading-worker-0/INFO] [epicfight/]: Assigned animation id 342 to biped/skill/wrathful_lighting
[14Oct2025 20:13:06.837] [modloading-worker-0/INFO] [epicfight/]: Assigned animation id 343 to biped/skill/tsunami
[14Oct2025 20:13:06.839] [modloading-worker-0/INFO] [epicfight/]: Assigned animation id 344 to biped/skill/tsunami_reinforced
[14Oct2025 20:13:06.840] [modloading-worker-0/INFO] [epicfight/]: Assigned animation id 345 to biped/skill/everlasting_allegiance_call
[14Oct2025 20:13:06.840] [modloading-worker-0/INFO] [epicfight/]: Assigned animation id 346 to biped/skill/everlasting_allegiance_catch
[14Oct2025 20:13:06.840] [modloading-worker-0/INFO] [epicfight/]: Assigned animation id 347 to biped/skill/sharp_stab
[14Oct2025 20:13:06.967] [Forge Version Check/INFO] [net.minecraftforge.fml.VersionChecker/]: [forge] Found status: OUTDATED Current: 47.3.0 Target: 47.4.0
[14Oct2025 20:13:06.967] [Forge Version Check/INFO] [net.minecraftforge.fml.VersionChecker/]: [zillagersweararmor] Starting version check at https://raw.githubusercontent.com/seymourimadeit/illagersweararmor/master/update.json
[14Oct2025 20:13:06.981] [Forge Version Check/INFO] [net.minecraftforge.fml.VersionChecker/]: [zillagersweararmor] Found status: BETA Current: 1.20.1-1.3.4 Target: null
[14Oct2025 20:13:06.983] [Forge Version Check/INFO] [net.minecraftforge.fml.VersionChecker/]: [gravestone] Starting version check at https://update.maxhenkel.de/forge/gravestone
[14Oct2025 20:13:07.439] [main/ERROR] [net.minecraft.Util/]: Entity dungeonnowloading:fairkeeper_serpent_caller has no attributes
[14Oct2025 20:13:07.440] [main/ERROR] [net.minecraft.Util/]: Entity dungeonnowloading:fairkeeper_serpent_caller has no attributes
[14Oct2025 20:13:07.441] [main/ERROR] [net.minecraft.Util/]: Entity dungeonnowloading:fairkeeper_serpent_caller has no attributes
[14Oct2025 20:13:07.441] [main/ERROR] [net.minecraft.Util/]: Entity dungeonnowloading:fairkeeper_serpent_caller has no attributes
[14Oct2025 20:13:07.442] [main/ERROR] [net.minecraft.Util/]: Entity dungeonnowloading:fairkeeper_serpent_caller has no attributes
[14Oct2025 20:13:07.442] [main/ERROR] [net.minecraft.Util/]: Entity dungeonnowloading:fairkeeper_serpent_caller has no attributes
[14Oct2025 20:13:07.443] [main/ERROR] [net.minecraft.Util/]: Entity dungeonnowloading:fairkeeper_serpent_caller has no attributes
[14Oct2025 20:13:07.443] [main/ERROR] [net.minecraft.Util/]: Entity dungeonnowloading:fairkeeper_serpent_caller has no attributes
[14Oct2025 20:13:07.444] [main/ERROR] [net.minecraft.Util/]: Entity dungeonnowloading:fairkeeper_serpent_caller has no attributes
[14Oct2025 20:13:07.444] [main/ERROR] [net.minecraft.Util/]: Entity dungeonnowloading:fairkeeper_serpent_caller has no attributes
[14Oct2025 20:13:07.444] [main/ERROR] [net.minecraft.Util/]: Entity dungeonnowloading:fairkeeper_serpent_caller has no attributes
[14Oct2025 20:13:07.445] [main/ERROR] [net.minecraft.Util/]: Entity dungeonnowloading:fairkeeper_serpent_caller has no attributes
[14Oct2025 20:13:07.445] [main/ERROR] [net.minecraft.Util/]: Entity dungeonnowloading:fairkeeper_serpent_caller has no attributes
[14Oct2025 20:13:07.446] [main/ERROR] [net.minecraft.Util/]: Entity dungeonnowloading:fairkeeper_serpent_caller has no attributes
[14Oct2025 20:13:07.446] [main/ERROR] [net.minecraft.Util/]: Entity dungeonnowloading:fairkeeper_serpent_caller has no attributes
[14Oct2025 20:13:07.447] [main/ERROR] [net.minecraft.Util/]: Entity dungeonnowloading:fairkeeper_serpent_caller has no attributes
[14Oct2025 20:13:07.450] [main/ERROR] [net.minecraft.Util/]: Entity dungeonnowloading:fairkeeper_serpent_caller has no attributes
[14Oct2025 20:13:07.450] [main/ERROR] [net.minecraft.Util/]: Entity dungeonnowloading:fairkeeper_serpent_caller has no attributes
[14Oct2025 20:13:07.450] [main/ERROR] [net.minecraft.Util/]: Entity dungeonnowloading:fairkeeper_serpent_caller has no attributes
[14Oct2025 20:13:07.451] [main/ERROR] [net.minecraft.Util/]: Entity dungeonnowloading:fairkeeper_serpent_caller has no attributes
[14Oct2025 20:13:07.451] [main/ERROR] [net.minecraft.Util/]: Entity dungeonnowloading:fairkeeper_serpent_caller has no attributes
[14Oct2025 20:13:07.452] [main/ERROR] [net.minecraft.Util/]: Entity dungeonnowloading:fairkeeper_serpent_caller has no attributes
[14Oct2025 20:13:07.452] [main/ERROR] [net.minecraft.Util/]: Entity dungeonnowloading:fairkeeper_serpent_caller has no attributes
[14Oct2025 20:13:07.453] [main/ERROR] [net.minecraft.Util/]: Entity dungeonnowloading:fairkeeper_serpent_caller has no attributes
[14Oct2025 20:13:07.453] [main/ERROR] [net.minecraft.Util/]: Entity dungeonnowloading:fairkeeper_serpent_caller has no attributes
[14Oct2025 20:13:07.454] [main/ERROR] [net.minecraft.Util/]: Entity dungeonnowloading:fairkeeper_serpent_caller has no attributes
[14Oct2025 20:13:07.454] [main/ERROR] [net.minecraft.Util/]: Entity dungeonnowloading:fairkeeper_serpent_caller has no attributes
[14Oct2025 20:13:07.455] [main/ERROR] [net.minecraft.Util/]: Entity dungeonnowloading:fairkeeper_serpent_caller has no attributes
[14Oct2025 20:13:07.456] [main/ERROR] [net.minecraft.Util/]: Entity dungeonnowloading:fairkeeper_serpent_caller has no attributes
[14Oct2025 20:13:07.456] [main/ERROR] [net.minecraft.Util/]: Entity dungeonnowloading:fairkeeper_serpent_caller has no attributes
[14Oct2025 20:13:07.457] [main/ERROR] [net.minecraft.Util/]: Entity dungeonnowloading:fairkeeper_serpent_caller has no attributes
[14Oct2025 20:13:07.457] [main/ERROR] [net.minecraft.Util/]: Entity dungeonnowloading:fairkeeper_serpent_caller has no attributes
[14Oct2025 20:13:07.457] [main/ERROR] [net.minecraft.Util/]: Entity dungeonnowloading:fairkeeper_serpent_caller has no attributes
[14Oct2025 20:13:07.498] [Forge Version Check/INFO] [net.minecraftforge.fml.VersionChecker/]: [gravestone] Found status: OUTDATED Current: 1.20.1-1.0.16 Target: 1.20.1-1.0.35
[14Oct2025 20:13:07.498] [Forge Version Check/INFO] [net.minecraftforge.fml.VersionChecker/]: [puzzleslib] Starting version check at https://raw.githubusercontent.com/Fuzss/modresources/main/update/puzzleslib.json
[14Oct2025 20:13:07.513] [Forge Version Check/INFO] [net.minecraftforge.fml.VersionChecker/]: [puzzleslib] Found status: OUTDATED Current: 8.1.21 Target: 8.1.33
[14Oct2025 20:13:07.514] [Forge Version Check/INFO] [net.minecraftforge.fml.VersionChecker/]: [smallships] Starting version check at https://raw.githubusercontent.com/talhanation/smallships/main/update.json
[14Oct2025 20:13:07.531] [Forge Version Check/INFO] [net.minecraftforge.fml.VersionChecker/]: [smallships] Found status: OUTDATED Current: 2.0.0-b1.3.1 Target: 2.0.0-b1.4
[14Oct2025 20:13:10.055] [main/INFO] [com.mojang.authlib.yggdrasil.YggdrasilAuthenticationService/]: Environment: authHost='https://authserver.mojang.com', accountsHost='https://api.mojang.com', sessionHost='https://sessionserver.mojang.com', servicesHost='https://api.minecraftservices.com', name='PROD'
[14Oct2025 20:13:10.367] [main/ERROR] [net.minecraft.Util/]: Entity dungeonnowloading:fairkeeper_serpent_caller has no attributes
[14Oct2025 20:13:10.368] [main/ERROR] [net.minecraft.Util/]: Entity dungeonnowloading:fairkeeper_serpent_caller has no attributes
[14Oct2025 20:13:10.368] [main/ERROR] [net.minecraft.Util/]: Entity dungeonnowloading:fairkeeper_serpent_caller has no attributes
[14Oct2025 20:13:10.368] [main/ERROR] [net.minecraft.Util/]: Entity dungeonnowloading:fairkeeper_serpent_caller has no attributes
[14Oct2025 20:13:10.369] [main/ERROR] [net.minecraft.Util/]: Entity dungeonnowloading:fairkeeper_serpent_caller has no attributes
[14Oct2025 20:13:10.369] [main/ERROR] [net.minecraft.Util/]: Entity dungeonnowloading:fairkeeper_serpent_caller has no attributes
[14Oct2025 20:13:10.369] [main/ERROR] [net.minecraft.Util/]: Entity dungeonnowloading:fairkeeper_serpent_caller has no attributes
[14Oct2025 20:13:10.369] [main/ERROR] [net.minecraft.Util/]: Entity dungeonnowloading:fairkeeper_serpent_caller has no attributes
[14Oct2025 20:13:10.369] [main/ERROR] [net.minecraft.Util/]: Entity dungeonnowloading:fairkeeper_serpent_caller has no attributes
[14Oct2025 20:13:10.370] [main/ERROR] [net.minecraft.Util/]: Entity dungeonnowloading:fairkeeper_serpent_caller has no attributes
[14Oct2025 20:13:10.370] [main/ERROR] [net.minecraft.Util/]: Entity dungeonnowloading:fairkeeper_serpent_caller has no attributes
[14Oct2025 20:13:10.370] [main/ERROR] [net.minecraft.Util/]: Entity dungeonnowloading:fairkeeper_serpent_caller has no attributes
[14Oct2025 20:13:10.370] [main/ERROR] [net.minecraft.Util/]: Entity dungeonnowloading:fairkeeper_serpent_caller has no attributes
[14Oct2025 20:13:10.370] [main/ERROR] [net.minecraft.Util/]: Entity dungeonnowloading:fairkeeper_serpent_caller has no attributes
[14Oct2025 20:13:10.371] [main/ERROR] [net.minecraft.Util/]: Entity dungeonnowloading:fairkeeper_serpent_caller has no attributes
[14Oct2025 20:13:10.371] [main/ERROR] [net.minecraft.Util/]: Entity dungeonnowloading:fairkeeper_serpent_caller has no attributes
[14Oct2025 20:13:10.371] [main/ERROR] [net.minecraft.Util/]: Entity dungeonnowloading:fairkeeper_serpent_caller has no attributes
[14Oct2025 20:13:10.371] [main/ERROR] [net.minecraft.Util/]: Entity dungeonnowloading:fairkeeper_serpent_caller has no attributes
[14Oct2025 20:13:10.371] [main/ERROR] [net.minecraft.Util/]: Entity dungeonnowloading:fairkeeper_serpent_caller has no attributes
[14Oct2025 20:13:10.372] [main/ERROR] [net.minecraft.Util/]: Entity dungeonnowloading:fairkeeper_serpent_caller has no attributes
[14Oct2025 20:13:10.372] [main/ERROR] [net.minecraft.Util/]: Entity dungeonnowloading:fairkeeper_serpent_caller has no attributes
[14Oct2025 20:13:10.372] [main/ERROR] [net.minecraft.Util/]: Entity dungeonnowloading:fairkeeper_serpent_caller has no attributes
[14Oct2025 20:13:10.372] [main/ERROR] [net.minecraft.Util/]: Entity dungeonnowloading:fairkeeper_serpent_caller has no attributes
[14Oct2025 20:13:10.373] [main/ERROR] [net.minecraft.Util/]: Entity dungeonnowloading:fairkeeper_serpent_caller has no attributes
[14Oct2025 20:13:10.373] [main/ERROR] [net.minecraft.Util/]: Entity dungeonnowloading:fairkeeper_serpent_caller has no attributes
[14Oct2025 20:13:10.373] [main/ERROR] [net.minecraft.Util/]: Entity dungeonnowloading:fairkeeper_serpent_caller has no attributes
[14Oct2025 20:13:10.373] [main/ERROR] [net.minecraft.Util/]: Entity dungeonnowloading:fairkeeper_serpent_caller has no attributes
[14Oct2025 20:13:10.374] [main/ERROR] [net.minecraft.Util/]: Entity dungeonnowloading:fairkeeper_serpent_caller has no attributes
[14Oct2025 20:13:10.374] [main/ERROR] [net.minecraft.Util/]: Entity dungeonnowloading:fairkeeper_serpent_caller has no attributes
[14Oct2025 20:13:10.374] [main/ERROR] [net.minecraft.Util/]: Entity dungeonnowloading:fairkeeper_serpent_caller has no attributes
[14Oct2025 20:13:10.374] [main/ERROR] [net.minecraft.Util/]: Entity dungeonnowloading:fairkeeper_serpent_caller has no attributes
[14Oct2025 20:13:10.375] [main/ERROR] [net.minecraft.Util/]: Entity dungeonnowloading:fairkeeper_serpent_caller has no attributes
[14Oct2025 20:13:10.375] [main/ERROR] [net.minecraft.Util/]: Entity dungeonnowloading:fairkeeper_serpent_caller has no attributes
[14Oct2025 20:13:10.474] [main/ERROR] [net.minecraft.Util/]: Entity dungeonnowloading:fairkeeper_serpent_caller has no attributes
[14Oct2025 20:13:10.474] [main/ERROR] [net.minecraft.Util/]: Entity dungeonnowloading:fairkeeper_serpent_caller has no attributes
[14Oct2025 20:13:10.474] [main/ERROR] [net.minecraft.Util/]: Entity dungeonnowloading:fairkeeper_serpent_caller has no attributes
[14Oct2025 20:13:10.475] [main/ERROR] [net.minecraft.Util/]: Entity dungeonnowloading:fairkeeper_serpent_caller has no attributes
[14Oct2025 20:13:10.475] [main/ERROR] [net.minecraft.Util/]: Entity dungeonnowloading:fairkeeper_serpent_caller has no attributes
[14Oct2025 20:13:10.475] [main/ERROR] [net.minecraft.Util/]: Entity dungeonnowloading:fairkeeper_serpent_caller has no attributes
[14Oct2025 20:13:10.475] [main/ERROR] [net.minecraft.Util/]: Entity dungeonnowloading:fairkeeper_serpent_caller has no attributes
[14Oct2025 20:13:10.475] [main/ERROR] [net.minecraft.Util/]: Entity dungeonnowloading:fairkeeper_serpent_caller has no attributes
[14Oct2025 20:13:10.476] [main/ERROR] [net.minecraft.Util/]: Entity dungeonnowloading:fairkeeper_serpent_caller has no attributes
[14Oct2025 20:13:10.476] [main/ERROR] [net.minecraft.Util/]: Entity dungeonnowloading:fairkeeper_serpent_caller has no attributes
[14Oct2025 20:13:10.476] [main/ERROR] [net.minecraft.Util/]: Entity dungeonnowloading:fairkeeper_serpent_caller has no attributes
[14Oct2025 20:13:10.476] [main/ERROR] [net.minecraft.Util/]: Entity dungeonnowloading:fairkeeper_serpent_caller has no attributes
[14Oct2025 20:13:10.476] [main/ERROR] [net.minecraft.Util/]: Entity dungeonnowloading:fairkeeper_serpent_caller has no attributes
[14Oct2025 20:13:10.476] [main/ERROR] [net.minecraft.Util/]: Entity dungeonnowloading:fairkeeper_serpent_caller has no attributes
[14Oct2025 20:13:10.477] [main/ERROR] [net.minecraft.Util/]: Entity dungeonnowloading:fairkeeper_serpent_caller has no attributes
[14Oct2025 20:13:10.477] [main/ERROR] [net.minecraft.Util/]: Entity dungeonnowloading:fairkeeper_serpent_caller has no attributes
[14Oct2025 20:13:10.477] [main/ERROR] [net.minecraft.Util/]: Entity dungeonnowloading:fairkeeper_serpent_caller has no attributes
[14Oct2025 20:13:10.477] [main/ERROR] [net.minecraft.Util/]: Entity dungeonnowloading:fairkeeper_serpent_caller has no attributes
[14Oct2025 20:13:10.477] [main/ERROR] [net.minecraft.Util/]: Entity dungeonnowloading:fairkeeper_serpent_caller has no attributes
[14Oct2025 20:13:10.477] [main/ERROR] [net.minecraft.Util/]: Entity dungeonnowloading:fairkeeper_serpent_caller has no attributes
[14Oct2025 20:13:10.478] [main/ERROR] [net.minecraft.Util/]: Entity dungeonnowloading:fairkeeper_serpent_caller has no attributes
[14Oct2025 20:13:10.478] [main/ERROR] [net.minecraft.Util/]: Entity dungeonnowloading:fairkeeper_serpent_caller has no attributes
[14Oct2025 20:13:10.478] [main/ERROR] [net.minecraft.Util/]: Entity dungeonnowloading:fairkeeper_serpent_caller has no attributes
[14Oct2025 20:13:10.478] [main/ERROR] [net.minecraft.Util/]: Entity dungeonnowloading:fairkeeper_serpent_caller has no attributes
[14Oct2025 20:13:10.478] [main/ERROR] [net.minecraft.Util/]: Entity dungeonnowloading:fairkeeper_serpent_caller has no attributes
[14Oct2025 20:13:10.479] [main/ERROR] [net.minecraft.Util/]: Entity dungeonnowloading:fairkeeper_serpent_caller has no attributes
[14Oct2025 20:13:10.479] [main/ERROR] [net.minecraft.Util/]: Entity dungeonnowloading:fairkeeper_serpent_caller has no attributes
[14Oct2025 20:13:10.479] [main/ERROR] [net.minecraft.Util/]: Entity dungeonnowloading:fairkeeper_serpent_caller has no attributes
[14Oct2025 20:13:10.479] [main/ERROR] [net.minecraft.Util/]: Entity dungeonnowloading:fairkeeper_serpent_caller has no attributes
[14Oct2025 20:13:10.479] [main/ERROR] [net.minecraft.Util/]: Entity dungeonnowloading:fairkeeper_serpent_caller has no attributes
[14Oct2025 20:13:10.479] [main/ERROR] [net.minecraft.Util/]: Entity dungeonnowloading:fairkeeper_serpent_caller has no attributes
[14Oct2025 20:13:10.480] [main/ERROR] [net.minecraft.Util/]: Entity dungeonnowloading:fairkeeper_serpent_caller has no attributes
[14Oct2025 20:13:10.480] [main/ERROR] [net.minecraft.Util/]: Entity dungeonnowloading:fairkeeper_serpent_caller has no attributes
[14Oct2025 20:13:12.305] [main/WARN] [net.minecraft.server.packs.VanillaPackResourcesBuilder/]: Assets URL 'union:/workspaces/12321/servidor_minecraft/libraries/net/minecraft/server/1.20.1-20230612.114412/server-1.20.1-20230612.114412-srg.jar%23231!/assets/.mcassetsroot' uses unexpected schema
[14Oct2025 20:13:12.305] [main/WARN] [net.minecraft.server.packs.VanillaPackResourcesBuilder/]: Assets URL 'union:/workspaces/12321/servidor_minecraft/libraries/net/minecraft/server/1.20.1-20230612.114412/server-1.20.1-20230612.114412-srg.jar%23231!/data/.mcassetsroot' uses unexpected schema
[14Oct2025 20:13:13.311] [main/ERROR] [net.minecraft.Util/]: Invalid path in pack: bloodandmadness:forge/biome_modifier/celestial_emissary_I.json, ignoring
[14Oct2025 20:13:13.311] [main/ERROR] [net.minecraft.Util/]: Invalid path in pack: bloodandmadness:forge/biome_modifier/brainsucker_I.json, ignoring
[14Oct2025 20:13:15.167] [main/INFO] [Spartan Weaponry/]: Finished registering commands for Spartan Weaponry!
[14Oct2025 20:13:15.186] [main/INFO] [com.github.alexthe666.alexsmobs.AlexsMobs/]: Adding datapack listener capsid_recipes
[14Oct2025 20:13:15.367] [Worker-Main-2/ERROR] [net.minecraft.tags.TagLoader/]: Couldn't load tag integrated_api:collections/any_taiga as it is missing following references: #repurposed_structures:collections/taigas (from integrated_api-1.5.1+1.20.1-forge.jar)
[14Oct2025 20:13:15.463] [Worker-Main-3/ERROR] [net.minecraft.tags.TagLoader/]: Couldn't load tag minecraft:mushroom_grow_block as it is missing following references: netherdungeons:growth_mauve (from netherdungeons-1.1.0-snapshot3a.jar)
[14Oct2025 20:13:16.143] [Worker-Main-1/INFO] [Spartan Weaponry/]: Adding Diamond Weapons to the End City Treasure Loot Table!
[14Oct2025 20:13:16.248] [Worker-Main-1/INFO] [Spartan Weaponry/]: Adding Longbow and Heavy Crossbow related loot to the Village Fletcher Loot Table!
[14Oct2025 20:13:16.435] [Worker-Main-1/INFO] [Spartan Weaponry/]: Adding Iron Weapons to the Village Weaponsmith Loot Table!
[14Oct2025 20:13:16.581] [main/WARN] [net.minecraft.world.level.storage.loot.LootDataManager/]: Found loot table element validation problem in {loot_tables:iter_rpg:entities/revenant}.pools[0].entries[0].functions[1]: Parameters [<parameter minecraft:tool>] are not provided in this context
[14Oct2025 20:13:16.582] [main/WARN] [net.minecraft.world.level.storage.loot.LootDataManager/]: Found loot table element validation problem in {loot_tables:iter_rpg:entities/fiend}.pools[0].entries[0].functions[1]: Parameters [<parameter minecraft:tool>] are not provided in this context
[14Oct2025 20:13:16.582] [main/WARN] [net.minecraft.world.level.storage.loot.LootDataManager/]: Found loot table element validation problem in {loot_tables:iter_rpg:entities/griever}.pools[1].entries[0].functions[1]: Parameters [<parameter minecraft:tool>] are not provided in this context
[14Oct2025 20:13:16.582] [main/WARN] [net.minecraft.world.level.storage.loot.LootDataManager/]: Found loot table element validation problem in {loot_tables:iter_rpg:entities/revenant}.pools[1].entries[0].functions[1]: Parameters [<parameter minecraft:tool>] are not provided in this context
[14Oct2025 20:13:16.582] [main/WARN] [net.minecraft.world.level.storage.loot.LootDataManager/]: Found loot table element validation problem in {loot_tables:iter_rpg:entities/griever}.pools[0].entries[0].functions[1]: Parameters [<parameter minecraft:tool>] are not provided in this context
[14Oct2025 20:13:16.582] [main/WARN] [net.minecraft.world.level.storage.loot.LootDataManager/]: Found loot table element validation problem in {loot_tables:iter_rpg:entities/griever}.pools[0].entries[1].functions[1]: Parameters [<parameter minecraft:tool>] are not provided in this context
[14Oct2025 20:13:16.582] [main/WARN] [net.minecraft.world.level.storage.loot.LootDataManager/]: Found loot table element validation problem in {loot_tables:iter_rpg:entities/sorrowsealed}.pools[1].entries[0].functions[1]: Parameters [<parameter minecraft:tool>] are not provided in this context
[14Oct2025 20:13:16.582] [main/WARN] [net.minecraft.world.level.storage.loot.LootDataManager/]: Found loot table element validation problem in {loot_tables:iter_rpg:entities/earth_elemental}.pools[1].entries[0].functions[1]: Parameters [<parameter minecraft:tool>] are not provided in this context
[14Oct2025 20:13:16.582] [main/WARN] [net.minecraft.world.level.storage.loot.LootDataManager/]: Found loot table element validation problem in {loot_tables:iter_rpg:entities/void_elemental}.pools[0].entries[0].functions[1]: Parameters [<parameter minecraft:tool>] are not provided in this context
[14Oct2025 20:13:16.582] [main/WARN] [net.minecraft.world.level.storage.loot.LootDataManager/]: Found loot table element validation problem in {loot_tables:iter_rpg:entities/mournstone}.pools[1].entries[0].functions[1]: Parameters [<parameter minecraft:tool>] are not provided in this context
[14Oct2025 20:13:16.582] [main/WARN] [net.minecraft.world.level.storage.loot.LootDataManager/]: Found loot table element validation problem in {loot_tables:iter_rpg:entities/mournstone}.pools[0].entries[0].functions[1]: Parameters [<parameter minecraft:tool>] are not provided in this context
[14Oct2025 20:13:16.582] [main/WARN] [net.minecraft.world.level.storage.loot.LootDataManager/]: Found loot table element validation problem in {loot_tables:iter_rpg:entities/carcass}.pools[0].entries[0].functions[1]: Parameters [<parameter minecraft:tool>] are not provided in this context
[14Oct2025 20:13:16.582] [main/WARN] [net.minecraft.world.level.storage.loot.LootDataManager/]: Found loot table element validation problem in {loot_tables:iter_rpg:entities/sorrowsealed}.pools[0].entries[0].functions[1]: Parameters [<parameter minecraft:tool>] are not provided in this context
[14Oct2025 20:13:16.582] [main/WARN] [net.minecraft.world.level.storage.loot.LootDataManager/]: Found loot table element validation problem in {loot_tables:iter_rpg:entities/mournstone}.pools[1].entries[1].functions[1]: Parameters [<parameter minecraft:tool>] are not provided in this context
[14Oct2025 20:13:16.582] [main/WARN] [net.minecraft.world.level.storage.loot.LootDataManager/]: Found loot table element validation problem in {loot_tables:iter_rpg:entities/water_elemental}.pools[1].entries[0].functions[1]: Parameters [<parameter minecraft:tool>] are not provided in this context
[14Oct2025 20:13:16.582] [main/WARN] [net.minecraft.world.level.storage.loot.LootDataManager/]: Found loot table element validation problem in {loot_tables:iter_rpg:entities/fire_elemental}.pools[1].entries[0].functions[1]: Parameters [<parameter minecraft:tool>] are not provided in this context
[14Oct2025 20:13:16.582] [main/WARN] [net.minecraft.world.level.storage.loot.LootDataManager/]: Found loot table element validation problem in {loot_tables:iter_rpg:entities/weeper}.pools[0].entries[0].functions[1]: Parameters [<parameter minecraft:tool>] are not provided in this context
[14Oct2025 20:13:16.582] [main/WARN] [net.minecraft.world.level.storage.loot.LootDataManager/]: Found loot table element validation problem in {loot_tables:iter_rpg:entities/carcass}.pools[1].entries[0].functions[1]: Parameters [<parameter minecraft:tool>] are not provided in this context
[14Oct2025 20:13:16.582] [main/WARN] [net.minecraft.world.level.storage.loot.LootDataManager/]: Found loot table element validation problem in {loot_tables:iter_rpg:entities/weeper}.pools[1].entries[1].functions[1]: Parameters [<parameter minecraft:tool>] are not provided in this context
[14Oct2025 20:13:16.583] [main/WARN] [net.minecraft.world.level.storage.loot.LootDataManager/]: Found loot table element validation problem in {loot_tables:iter_rpg:entities/giant_spider}.pools[0].entries[1].functions[1]: Parameters [<parameter minecraft:tool>] are not provided in this context
[14Oct2025 20:13:16.583] [main/WARN] [net.minecraft.world.level.storage.loot.LootDataManager/]: Found loot table element validation problem in {loot_tables:iter_rpg:entities/giant_spider}.pools[0].entries[2].functions[1]: Parameters [<parameter minecraft:tool>] are not provided in this context
[14Oct2025 20:13:16.583] [main/WARN] [net.minecraft.world.level.storage.loot.LootDataManager/]: Found loot table element validation problem in {loot_tables:iter_rpg:entities/weeper}.pools[1].entries[0].functions[1]: Parameters [<parameter minecraft:tool>] are not provided in this context
[14Oct2025 20:13:16.583] [main/WARN] [net.minecraft.world.level.storage.loot.LootDataManager/]: Found loot table element validation problem in {loot_tables:iter_rpg:entities/griever}.pools[1].entries[1].functions[1]: Parameters [<parameter minecraft:tool>] are not provided in this context
[14Oct2025 20:13:16.592] [main/ERROR] [net.minecraft.world.item.crafting.RecipeManager/]: Parsing error loading recipe forbidden_arcanus:fungyss_fence
com.google.gson.JsonParseException: An ingredient entry needs either a tag or an item
	at net.minecraft.world.item.crafting.Ingredient.m_43919_(Ingredient.java:226) ~[server-1.20.1-20230612.114412-srg.jar%23231!/:?]
	at net.minecraftforge.common.crafting.VanillaIngredientSerializer.parse(VanillaIngredientSerializer.java:27) ~[forge-1.20.1-47.3.0-universal.jar%23236!/:?]
	at net.minecraftforge.common.crafting.CraftingHelper.getIngredient(CraftingHelper.java:148) ~[forge-1.20.1-47.3.0-universal.jar%23236!/:?]
	at net.minecraft.world.item.crafting.Ingredient.m_288218_(Ingredient.java:194) ~[server-1.20.1-20230612.114412-srg.jar%23231!/:?]
	at net.minecraft.world.item.crafting.ShapedRecipe.m_44210_(ShapedRecipe.java:278) ~[server-1.20.1-20230612.114412-srg.jar%23231!/:?]
	at net.minecraft.world.item.crafting.ShapedRecipe$Serializer.m_6729_(ShapedRecipe.java:306) ~[server-1.20.1-20230612.114412-srg.jar%23231!/:?]
	at net.minecraft.world.item.crafting.ShapedRecipe$Serializer.m_6729_(ShapedRecipe.java:301) ~[server-1.20.1-20230612.114412-srg.jar%23231!/:?]
	at net.minecraftforge.common.extensions.IForgeRecipeSerializer.fromJson(IForgeRecipeSerializer.java:23) ~[forge-1.20.1-47.3.0-universal.jar%23236!/:?]
	at net.minecraft.world.item.crafting.RecipeManager.fromJson(RecipeManager.java:171) ~[server-1.20.1-20230612.114412-srg.jar%23231!/:?]
	at net.minecraft.world.item.crafting.RecipeManager.m_5787_(RecipeManager.java:67) ~[server-1.20.1-20230612.114412-srg.jar%23231!/:?]
	at net.minecraft.world.item.crafting.RecipeManager.m_5787_(RecipeManager.java:34) ~[server-1.20.1-20230612.114412-srg.jar%23231!/:?]
	at net.minecraft.server.packs.resources.SimplePreparableReloadListener.m_10789_(SimplePreparableReloadListener.java:13) ~[server-1.20.1-20230612.114412-srg.jar%23231!/:?]
	at java.util.concurrent.CompletableFuture$UniAccept.tryFire(CompletableFuture.java:718) ~[?:?]
	at java.util.concurrent.CompletableFuture$Completion.run(CompletableFuture.java:482) ~[?:?]
	at net.minecraft.server.packs.resources.SimpleReloadInstance.m_143940_(SimpleReloadInstance.java:69) ~[server-1.20.1-20230612.114412-srg.jar%23231!/:?]
	at net.minecraft.Util.m_214652_(Util.java:783) ~[server-1.20.1-20230612.114412-srg.jar%23231!/:?]
	at net.minecraft.Util.m_214679_(Util.java:772) ~[server-1.20.1-20230612.114412-srg.jar%23231!/:?]
	at net.minecraft.server.Main.main(Main.java:166) ~[server-1.20.1-20230612.114412-srg.jar%23231!/:?]
	at jdk.internal.reflect.NativeMethodAccessorImpl.invoke0(Native Method) ~[?:?]
	at jdk.internal.reflect.NativeMethodAccessorImpl.invoke(NativeMethodAccessorImpl.java:77) ~[?:?]
	at jdk.internal.reflect.DelegatingMethodAccessorImpl.invoke(DelegatingMethodAccessorImpl.java:43) ~[?:?]
	at java.lang.reflect.Method.invoke(Method.java:569) ~[?:?]
	at net.minecraftforge.fml.loading.targets.CommonLaunchHandler.runTarget(CommonLaunchHandler.java:111) ~[fmlloader-1.20.1-47.3.0.jar%2367!/:?]
	at net.minecraftforge.fml.loading.targets.CommonLaunchHandler.serverService(CommonLaunchHandler.java:103) ~[fmlloader-1.20.1-47.3.0.jar%2367!/:?]
	at net.minecraftforge.fml.loading.targets.CommonServerLaunchHandler.lambda$makeService$0(CommonServerLaunchHandler.java:27) ~[fmlloader-1.20.1-47.3.0.jar%2367!/:?]
	at cpw.mods.modlauncher.LaunchServiceHandlerDecorator.launch(LaunchServiceHandlerDecorator.java:30) ~[modlauncher-10.0.9.jar%2353!/:?]
	at cpw.mods.modlauncher.LaunchServiceHandler.launch(LaunchServiceHandler.java:53) ~[modlauncher-10.0.9.jar%2353!/:?]
	at cpw.mods.modlauncher.LaunchServiceHandler.launch(LaunchServiceHandler.java:71) ~[modlauncher-10.0.9.jar%2353!/:?]
	at cpw.mods.modlauncher.Launcher.run(Launcher.java:108) ~[modlauncher-10.0.9.jar%2353!/:?]
	at cpw.mods.modlauncher.Launcher.main(Launcher.java:78) ~[modlauncher-10.0.9.jar%2353!/:?]
	at cpw.mods.modlauncher.BootstrapLaunchConsumer.accept(BootstrapLaunchConsumer.java:26) ~[modlauncher-10.0.9.jar%2353!/:?]
	at cpw.mods.modlauncher.BootstrapLaunchConsumer.accept(BootstrapLaunchConsumer.java:23) ~[modlauncher-10.0.9.jar%2353!/:?]
	at cpw.mods.bootstraplauncher.BootstrapLauncher.main(BootstrapLauncher.java:141) ~[bootstraplauncher-1.1.2.jar:?]
[14Oct2025 20:13:16.603] [main/ERROR] [net.minecraft.world.item.crafting.RecipeManager/]: Parsing error loading recipe iter_rpg:packed_snow_bricks_cut_wall
com.google.gson.JsonSyntaxException: Unknown item 'iter_rpg:packed_snow_bricks'
	at net.minecraft.world.item.crafting.ShapedRecipe.m_151280_(ShapedRecipe.java:292) ~[server-1.20.1-20230612.114412-srg.jar%23231!/:?]
	at java.util.Optional.orElseThrow(Optional.java:403) ~[?:?]
	at net.minecraft.world.item.crafting.ShapedRecipe.m_151278_(ShapedRecipe.java:291) ~[server-1.20.1-20230612.114412-srg.jar%23231!/:?]
	at net.minecraft.world.item.crafting.Ingredient.m_43919_(Ingredient.java:219) ~[server-1.20.1-20230612.114412-srg.jar%23231!/:?]
	at net.minecraftforge.common.crafting.VanillaIngredientSerializer.parse(VanillaIngredientSerializer.java:27) ~[forge-1.20.1-47.3.0-universal.jar%23236!/:?]
	at net.minecraftforge.common.crafting.CraftingHelper.getIngredient(CraftingHelper.java:148) ~[forge-1.20.1-47.3.0-universal.jar%23236!/:?]
	at net.minecraft.world.item.crafting.Ingredient.m_288218_(Ingredient.java:194) ~[server-1.20.1-20230612.114412-srg.jar%23231!/:?]
	at net.minecraft.world.item.crafting.SingleItemRecipe$Serializer.m_6729_(SingleItemRecipe.java:91) ~[server-1.20.1-20230612.114412-srg.jar%23231!/:?]
	at net.minecraft.world.item.crafting.SingleItemRecipe$Serializer.m_6729_(SingleItemRecipe.java:72) ~[server-1.20.1-20230612.114412-srg.jar%23231!/:?]
	at net.minecraftforge.common.extensions.IForgeRecipeSerializer.fromJson(IForgeRecipeSerializer.java:23) ~[forge-1.20.1-47.3.0-universal.jar%23236!/:?]
	at net.minecraft.world.item.crafting.RecipeManager.fromJson(RecipeManager.java:171) ~[server-1.20.1-20230612.114412-srg.jar%23231!/:?]
	at net.minecraft.world.item.crafting.RecipeManager.m_5787_(RecipeManager.java:67) ~[server-1.20.1-20230612.114412-srg.jar%23231!/:?]
	at net.minecraft.world.item.crafting.RecipeManager.m_5787_(RecipeManager.java:34) ~[server-1.20.1-20230612.114412-srg.jar%23231!/:?]
	at net.minecraft.server.packs.resources.SimplePreparableReloadListener.m_10789_(SimplePreparableReloadListener.java:13) ~[server-1.20.1-20230612.114412-srg.jar%23231!/:?]
	at java.util.concurrent.CompletableFuture$UniAccept.tryFire(CompletableFuture.java:718) ~[?:?]
	at java.util.concurrent.CompletableFuture$Completion.run(CompletableFuture.java:482) ~[?:?]
	at net.minecraft.server.packs.resources.SimpleReloadInstance.m_143940_(SimpleReloadInstance.java:69) ~[server-1.20.1-20230612.114412-srg.jar%23231!/:?]
	at net.minecraft.Util.m_214652_(Util.java:783) ~[server-1.20.1-20230612.114412-srg.jar%23231!/:?]
	at net.minecraft.Util.m_214679_(Util.java:772) ~[server-1.20.1-20230612.114412-srg.jar%23231!/:?]
	at net.minecraft.server.Main.main(Main.java:166) ~[server-1.20.1-20230612.114412-srg.jar%23231!/:?]
	at jdk.internal.reflect.NativeMethodAccessorImpl.invoke0(Native Method) ~[?:?]
	at jdk.internal.reflect.NativeMethodAccessorImpl.invoke(NativeMethodAccessorImpl.java:77) ~[?:?]
	at jdk.internal.reflect.DelegatingMethodAccessorImpl.invoke(DelegatingMethodAccessorImpl.java:43) ~[?:?]
	at java.lang.reflect.Method.invoke(Method.java:569) ~[?:?]
	at net.minecraftforge.fml.loading.targets.CommonLaunchHandler.runTarget(CommonLaunchHandler.java:111) ~[fmlloader-1.20.1-47.3.0.jar%2367!/:?]
	at net.minecraftforge.fml.loading.targets.CommonLaunchHandler.serverService(CommonLaunchHandler.java:103) ~[fmlloader-1.20.1-47.3.0.jar%2367!/:?]
	at net.minecraftforge.fml.loading.targets.CommonServerLaunchHandler.lambda$makeService$0(CommonServerLaunchHandler.java:27) ~[fmlloader-1.20.1-47.3.0.jar%2367!/:?]
	at cpw.mods.modlauncher.LaunchServiceHandlerDecorator.launch(LaunchServiceHandlerDecorator.java:30) ~[modlauncher-10.0.9.jar%2353!/:?]
	at cpw.mods.modlauncher.LaunchServiceHandler.launch(LaunchServiceHandler.java:53) ~[modlauncher-10.0.9.jar%2353!/:?]
	at cpw.mods.modlauncher.LaunchServiceHandler.launch(LaunchServiceHandler.java:71) ~[modlauncher-10.0.9.jar%2353!/:?]
	at cpw.mods.modlauncher.Launcher.run(Launcher.java:108) ~[modlauncher-10.0.9.jar%2353!/:?]
	at cpw.mods.modlauncher.Launcher.main(Launcher.java:78) ~[modlauncher-10.0.9.jar%2353!/:?]
	at cpw.mods.modlauncher.BootstrapLaunchConsumer.accept(BootstrapLaunchConsumer.java:26) ~[modlauncher-10.0.9.jar%2353!/:?]
	at cpw.mods.modlauncher.BootstrapLaunchConsumer.accept(BootstrapLaunchConsumer.java:23) ~[modlauncher-10.0.9.jar%2353!/:?]
	at cpw.mods.bootstraplauncher.BootstrapLauncher.main(BootstrapLauncher.java:141) ~[bootstraplauncher-1.1.2.jar:?]
[14Oct2025 20:13:16.633] [main/ERROR] [net.minecraft.world.item.crafting.RecipeManager/]: Parsing error loading recipe iter_rpg:smooth_ice_bricks_cut_wall
com.google.gson.JsonSyntaxException: Unknown item 'iter_rpg:ice_bricks'
	at net.minecraft.world.item.crafting.ShapedRecipe.m_151280_(ShapedRecipe.java:292) ~[server-1.20.1-20230612.114412-srg.jar%23231!/:?]
	at java.util.Optional.orElseThrow(Optional.java:403) ~[?:?]
	at net.minecraft.world.item.crafting.ShapedRecipe.m_151278_(ShapedRecipe.java:291) ~[server-1.20.1-20230612.114412-srg.jar%23231!/:?]
	at net.minecraft.world.item.crafting.Ingredient.m_43919_(Ingredient.java:219) ~[server-1.20.1-20230612.114412-srg.jar%23231!/:?]
	at net.minecraftforge.common.crafting.VanillaIngredientSerializer.parse(VanillaIngredientSerializer.java:27) ~[forge-1.20.1-47.3.0-universal.jar%23236!/:?]
	at net.minecraftforge.common.crafting.CraftingHelper.getIngredient(CraftingHelper.java:148) ~[forge-1.20.1-47.3.0-universal.jar%23236!/:?]
	at net.minecraft.world.item.crafting.Ingredient.m_288218_(Ingredient.java:194) ~[server-1.20.1-20230612.114412-srg.jar%23231!/:?]
	at net.minecraft.world.item.crafting.SingleItemRecipe$Serializer.m_6729_(SingleItemRecipe.java:91) ~[server-1.20.1-20230612.114412-srg.jar%23231!/:?]
	at net.minecraft.world.item.crafting.SingleItemRecipe$Serializer.m_6729_(SingleItemRecipe.java:72) ~[server-1.20.1-20230612.114412-srg.jar%23231!/:?]
	at net.minecraftforge.common.extensions.IForgeRecipeSerializer.fromJson(IForgeRecipeSerializer.java:23) ~[forge-1.20.1-47.3.0-universal.jar%23236!/:?]
	at net.minecraft.world.item.crafting.RecipeManager.fromJson(RecipeManager.java:171) ~[server-1.20.1-20230612.114412-srg.jar%23231!/:?]
	at net.minecraft.world.item.crafting.RecipeManager.m_5787_(RecipeManager.java:67) ~[server-1.20.1-20230612.114412-srg.jar%23231!/:?]
	at net.minecraft.world.item.crafting.RecipeManager.m_5787_(RecipeManager.java:34) ~[server-1.20.1-20230612.114412-srg.jar%23231!/:?]
	at net.minecraft.server.packs.resources.SimplePreparableReloadListener.m_10789_(SimplePreparableReloadListener.java:13) ~[server-1.20.1-20230612.114412-srg.jar%23231!/:?]
	at java.util.concurrent.CompletableFuture$UniAccept.tryFire(CompletableFuture.java:718) ~[?:?]
	at java.util.concurrent.CompletableFuture$Completion.run(CompletableFuture.java:482) ~[?:?]
	at net.minecraft.server.packs.resources.SimpleReloadInstance.m_143940_(SimpleReloadInstance.java:69) ~[server-1.20.1-20230612.114412-srg.jar%23231!/:?]
	at net.minecraft.Util.m_214652_(Util.java:783) ~[server-1.20.1-20230612.114412-srg.jar%23231!/:?]
	at net.minecraft.Util.m_214679_(Util.java:772) ~[server-1.20.1-20230612.114412-srg.jar%23231!/:?]
	at net.minecraft.server.Main.main(Main.java:166) ~[server-1.20.1-20230612.114412-srg.jar%23231!/:?]
	at jdk.internal.reflect.NativeMethodAccessorImpl.invoke0(Native Method) ~[?:?]
	at jdk.internal.reflect.NativeMethodAccessorImpl.invoke(NativeMethodAccessorImpl.java:77) ~[?:?]
	at jdk.internal.reflect.DelegatingMethodAccessorImpl.invoke(DelegatingMethodAccessorImpl.java:43) ~[?:?]
	at java.lang.reflect.Method.invoke(Method.java:569) ~[?:?]
	at net.minecraftforge.fml.loading.targets.CommonLaunchHandler.runTarget(CommonLaunchHandler.java:111) ~[fmlloader-1.20.1-47.3.0.jar%2367!/:?]
	at net.minecraftforge.fml.loading.targets.CommonLaunchHandler.serverService(CommonLaunchHandler.java:103) ~[fmlloader-1.20.1-47.3.0.jar%2367!/:?]
	at net.minecraftforge.fml.loading.targets.CommonServerLaunchHandler.lambda$makeService$0(CommonServerLaunchHandler.java:27) ~[fmlloader-1.20.1-47.3.0.jar%2367!/:?]
	at cpw.mods.modlauncher.LaunchServiceHandlerDecorator.launch(LaunchServiceHandlerDecorator.java:30) ~[modlauncher-10.0.9.jar%2353!/:?]
	at cpw.mods.modlauncher.LaunchServiceHandler.launch(LaunchServiceHandler.java:53) ~[modlauncher-10.0.9.jar%2353!/:?]
	at cpw.mods.modlauncher.LaunchServiceHandler.launch(LaunchServiceHandler.java:71) ~[modlauncher-10.0.9.jar%2353!/:?]
	at cpw.mods.modlauncher.Launcher.run(Launcher.java:108) ~[modlauncher-10.0.9.jar%2353!/:?]
	at cpw.mods.modlauncher.Launcher.main(Launcher.java:78) ~[modlauncher-10.0.9.jar%2353!/:?]
	at cpw.mods.modlauncher.BootstrapLaunchConsumer.accept(BootstrapLaunchConsumer.java:26) ~[modlauncher-10.0.9.jar%2353!/:?]
	at cpw.mods.modlauncher.BootstrapLaunchConsumer.accept(BootstrapLaunchConsumer.java:23) ~[modlauncher-10.0.9.jar%2353!/:?]
	at cpw.mods.bootstraplauncher.BootstrapLauncher.main(BootstrapLauncher.java:141) ~[bootstraplauncher-1.1.2.jar:?]
[14Oct2025 20:13:16.638] [main/ERROR] [net.minecraft.world.item.crafting.RecipeManager/]: Parsing error loading recipe legendary_monsters:ender_hammer
com.google.gson.JsonSyntaxException: Unknown item 'legendary_monsters:ender_hammer'
	at net.minecraftforge.common.crafting.CraftingHelper.getItem(CraftingHelper.java:160) ~[forge-1.20.1-47.3.0-universal.jar%23236!/:?]
	at net.minecraftforge.common.crafting.CraftingHelper.getItemStack(CraftingHelper.java:186) ~[forge-1.20.1-47.3.0-universal.jar%23236!/:?]
	at net.minecraft.world.item.crafting.ShapedRecipe.m_151274_(ShapedRecipe.java:286) ~[server-1.20.1-20230612.114412-srg.jar%23231!/:?]
	at net.minecraft.world.item.crafting.ShapedRecipe$Serializer.m_6729_(ShapedRecipe.java:311) ~[server-1.20.1-20230612.114412-srg.jar%23231!/:?]
	at net.minecraft.world.item.crafting.ShapedRecipe$Serializer.m_6729_(ShapedRecipe.java:301) ~[server-1.20.1-20230612.114412-srg.jar%23231!/:?]
	at net.minecraftforge.common.extensions.IForgeRecipeSerializer.fromJson(IForgeRecipeSerializer.java:23) ~[forge-1.20.1-47.3.0-universal.jar%23236!/:?]
	at net.minecraft.world.item.crafting.RecipeManager.fromJson(RecipeManager.java:171) ~[server-1.20.1-20230612.114412-srg.jar%23231!/:?]
	at net.minecraft.world.item.crafting.RecipeManager.m_5787_(RecipeManager.java:67) ~[server-1.20.1-20230612.114412-srg.jar%23231!/:?]
	at net.minecraft.world.item.crafting.RecipeManager.m_5787_(RecipeManager.java:34) ~[server-1.20.1-20230612.114412-srg.jar%23231!/:?]
	at net.minecraft.server.packs.resources.SimplePreparableReloadListener.m_10789_(SimplePreparableReloadListener.java:13) ~[server-1.20.1-20230612.114412-srg.jar%23231!/:?]
	at java.util.concurrent.CompletableFuture$UniAccept.tryFire(CompletableFuture.java:718) ~[?:?]
	at java.util.concurrent.CompletableFuture$Completion.run(CompletableFuture.java:482) ~[?:?]
	at net.minecraft.server.packs.resources.SimpleReloadInstance.m_143940_(SimpleReloadInstance.java:69) ~[server-1.20.1-20230612.114412-srg.jar%23231!/:?]
	at net.minecraft.Util.m_214652_(Util.java:783) ~[server-1.20.1-20230612.114412-srg.jar%23231!/:?]
	at net.minecraft.Util.m_214679_(Util.java:772) ~[server-1.20.1-20230612.114412-srg.jar%23231!/:?]
	at net.minecraft.server.Main.main(Main.java:166) ~[server-1.20.1-20230612.114412-srg.jar%23231!/:?]
	at jdk.internal.reflect.NativeMethodAccessorImpl.invoke0(Native Method) ~[?:?]
	at jdk.internal.reflect.NativeMethodAccessorImpl.invoke(NativeMethodAccessorImpl.java:77) ~[?:?]
	at jdk.internal.reflect.DelegatingMethodAccessorImpl.invoke(DelegatingMethodAccessorImpl.java:43) ~[?:?]
	at java.lang.reflect.Method.invoke(Method.java:569) ~[?:?]
	at net.minecraftforge.fml.loading.targets.CommonLaunchHandler.runTarget(CommonLaunchHandler.java:111) ~[fmlloader-1.20.1-47.3.0.jar%2367!/:?]
	at net.minecraftforge.fml.loading.targets.CommonLaunchHandler.serverService(CommonLaunchHandler.java:103) ~[fmlloader-1.20.1-47.3.0.jar%2367!/:?]
	at net.minecraftforge.fml.loading.targets.CommonServerLaunchHandler.lambda$makeService$0(CommonServerLaunchHandler.java:27) ~[fmlloader-1.20.1-47.3.0.jar%2367!/:?]
	at cpw.mods.modlauncher.LaunchServiceHandlerDecorator.launch(LaunchServiceHandlerDecorator.java:30) ~[modlauncher-10.0.9.jar%2353!/:?]
	at cpw.mods.modlauncher.LaunchServiceHandler.launch(LaunchServiceHandler.java:53) ~[modlauncher-10.0.9.jar%2353!/:?]
	at cpw.mods.modlauncher.LaunchServiceHandler.launch(LaunchServiceHandler.java:71) ~[modlauncher-10.0.9.jar%2353!/:?]
	at cpw.mods.modlauncher.Launcher.run(Launcher.java:108) ~[modlauncher-10.0.9.jar%2353!/:?]
	at cpw.mods.modlauncher.Launcher.main(Launcher.java:78) ~[modlauncher-10.0.9.jar%2353!/:?]
	at cpw.mods.modlauncher.BootstrapLaunchConsumer.accept(BootstrapLaunchConsumer.java:26) ~[modlauncher-10.0.9.jar%2353!/:?]
	at cpw.mods.modlauncher.BootstrapLaunchConsumer.accept(BootstrapLaunchConsumer.java:23) ~[modlauncher-10.0.9.jar%2353!/:?]
	at cpw.mods.bootstraplauncher.BootstrapLauncher.main(BootstrapLauncher.java:141) ~[bootstraplauncher-1.1.2.jar:?]
[14Oct2025 20:13:16.644] [main/ERROR] [net.minecraft.world.item.crafting.RecipeManager/]: Parsing error loading recipe smallships:bamboo_drakkar
com.google.gson.JsonSyntaxException: Unknown item 'minecraft:bamboo_boat'
	at net.minecraft.world.item.crafting.ShapedRecipe.m_151280_(ShapedRecipe.java:292) ~[server-1.20.1-20230612.114412-srg.jar%23231!/:?]
	at java.util.Optional.orElseThrow(Optional.java:403) ~[?:?]
	at net.minecraft.world.item.crafting.ShapedRecipe.m_151278_(ShapedRecipe.java:291) ~[server-1.20.1-20230612.114412-srg.jar%23231!/:?]
	at net.minecraft.world.item.crafting.Ingredient.m_43919_(Ingredient.java:219) ~[server-1.20.1-20230612.114412-srg.jar%23231!/:?]
	at net.minecraftforge.common.crafting.VanillaIngredientSerializer.parse(VanillaIngredientSerializer.java:27) ~[forge-1.20.1-47.3.0-universal.jar%23236!/:?]
	at net.minecraftforge.common.crafting.CraftingHelper.getIngredient(CraftingHelper.java:148) ~[forge-1.20.1-47.3.0-universal.jar%23236!/:?]
	at net.minecraft.world.item.crafting.Ingredient.m_288218_(Ingredient.java:194) ~[server-1.20.1-20230612.114412-srg.jar%23231!/:?]
	at net.minecraft.world.item.crafting.ShapedRecipe.m_44210_(ShapedRecipe.java:278) ~[server-1.20.1-20230612.114412-srg.jar%23231!/:?]
	at net.minecraft.world.item.crafting.ShapedRecipe$Serializer.m_6729_(ShapedRecipe.java:306) ~[server-1.20.1-20230612.114412-srg.jar%23231!/:?]
	at net.minecraft.world.item.crafting.ShapedRecipe$Serializer.m_6729_(ShapedRecipe.java:301) ~[server-1.20.1-20230612.114412-srg.jar%23231!/:?]
	at net.minecraftforge.common.extensions.IForgeRecipeSerializer.fromJson(IForgeRecipeSerializer.java:23) ~[forge-1.20.1-47.3.0-universal.jar%23236!/:?]
	at net.minecraft.world.item.crafting.RecipeManager.fromJson(RecipeManager.java:171) ~[server-1.20.1-20230612.114412-srg.jar%23231!/:?]
	at net.minecraft.world.item.crafting.RecipeManager.m_5787_(RecipeManager.java:67) ~[server-1.20.1-20230612.114412-srg.jar%23231!/:?]
	at net.minecraft.world.item.crafting.RecipeManager.m_5787_(RecipeManager.java:34) ~[server-1.20.1-20230612.114412-srg.jar%23231!/:?]
	at net.minecraft.server.packs.resources.SimplePreparableReloadListener.m_10789_(SimplePreparableReloadListener.java:13) ~[server-1.20.1-20230612.114412-srg.jar%23231!/:?]
	at java.util.concurrent.CompletableFuture$UniAccept.tryFire(CompletableFuture.java:718) ~[?:?]
	at java.util.concurrent.CompletableFuture$Completion.run(CompletableFuture.java:482) ~[?:?]
	at net.minecraft.server.packs.resources.SimpleReloadInstance.m_143940_(SimpleReloadInstance.java:69) ~[server-1.20.1-20230612.114412-srg.jar%23231!/:?]
	at net.minecraft.Util.m_214652_(Util.java:783) ~[server-1.20.1-20230612.114412-srg.jar%23231!/:?]
	at net.minecraft.Util.m_214679_(Util.java:772) ~[server-1.20.1-20230612.114412-srg.jar%23231!/:?]
	at net.minecraft.server.Main.main(Main.java:166) ~[server-1.20.1-20230612.114412-srg.jar%23231!/:?]
	at jdk.internal.reflect.NativeMethodAccessorImpl.invoke0(Native Method) ~[?:?]
	at jdk.internal.reflect.NativeMethodAccessorImpl.invoke(NativeMethodAccessorImpl.java:77) ~[?:?]
	at jdk.internal.reflect.DelegatingMethodAccessorImpl.invoke(DelegatingMethodAccessorImpl.java:43) ~[?:?]
	at java.lang.reflect.Method.invoke(Method.java:569) ~[?:?]
	at net.minecraftforge.fml.loading.targets.CommonLaunchHandler.runTarget(CommonLaunchHandler.java:111) ~[fmlloader-1.20.1-47.3.0.jar%2367!/:?]
	at net.minecraftforge.fml.loading.targets.CommonLaunchHandler.serverService(CommonLaunchHandler.java:103) ~[fmlloader-1.20.1-47.3.0.jar%2367!/:?]
	at net.minecraftforge.fml.loading.targets.CommonServerLaunchHandler.lambda$makeService$0(CommonServerLaunchHandler.java:27) ~[fmlloader-1.20.1-47.3.0.jar%2367!/:?]
	at cpw.mods.modlauncher.LaunchServiceHandlerDecorator.launch(LaunchServiceHandlerDecorator.java:30) ~[modlauncher-10.0.9.jar%2353!/:?]
	at cpw.mods.modlauncher.LaunchServiceHandler.launch(LaunchServiceHandler.java:53) ~[modlauncher-10.0.9.jar%2353!/:?]
	at cpw.mods.modlauncher.LaunchServiceHandler.launch(LaunchServiceHandler.java:71) ~[modlauncher-10.0.9.jar%2353!/:?]
	at cpw.mods.modlauncher.Launcher.run(Launcher.java:108) ~[modlauncher-10.0.9.jar%2353!/:?]
	at cpw.mods.modlauncher.Launcher.main(Launcher.java:78) ~[modlauncher-10.0.9.jar%2353!/:?]
	at cpw.mods.modlauncher.BootstrapLaunchConsumer.accept(BootstrapLaunchConsumer.java:26) ~[modlauncher-10.0.9.jar%2353!/:?]
	at cpw.mods.modlauncher.BootstrapLaunchConsumer.accept(BootstrapLaunchConsumer.java:23) ~[modlauncher-10.0.9.jar%2353!/:?]
	at cpw.mods.bootstraplauncher.BootstrapLauncher.main(BootstrapLauncher.java:141) ~[bootstraplauncher-1.1.2.jar:?]
[14Oct2025 20:13:16.648] [main/ERROR] [net.minecraft.world.item.crafting.RecipeManager/]: Parsing error loading recipe iter_rpg:smooth_ice_cut_slab
com.google.gson.JsonSyntaxException: Unknown item 'iter_rpg:smooth_ice'
	at net.minecraft.world.item.crafting.ShapedRecipe.m_151280_(ShapedRecipe.java:292) ~[server-1.20.1-20230612.114412-srg.jar%23231!/:?]
	at java.util.Optional.orElseThrow(Optional.java:403) ~[?:?]
	at net.minecraft.world.item.crafting.ShapedRecipe.m_151278_(ShapedRecipe.java:291) ~[server-1.20.1-20230612.114412-srg.jar%23231!/:?]
	at net.minecraft.world.item.crafting.Ingredient.m_43919_(Ingredient.java:219) ~[server-1.20.1-20230612.114412-srg.jar%23231!/:?]
	at net.minecraftforge.common.crafting.VanillaIngredientSerializer.parse(VanillaIngredientSerializer.java:27) ~[forge-1.20.1-47.3.0-universal.jar%23236!/:?]
	at net.minecraftforge.common.crafting.CraftingHelper.getIngredient(CraftingHelper.java:148) ~[forge-1.20.1-47.3.0-universal.jar%23236!/:?]
	at net.minecraft.world.item.crafting.Ingredient.m_288218_(Ingredient.java:194) ~[server-1.20.1-20230612.114412-srg.jar%23231!/:?]
	at net.minecraft.world.item.crafting.SingleItemRecipe$Serializer.m_6729_(SingleItemRecipe.java:91) ~[server-1.20.1-20230612.114412-srg.jar%23231!/:?]
	at net.minecraft.world.item.crafting.SingleItemRecipe$Serializer.m_6729_(SingleItemRecipe.java:72) ~[server-1.20.1-20230612.114412-srg.jar%23231!/:?]
	at net.minecraftforge.common.extensions.IForgeRecipeSerializer.fromJson(IForgeRecipeSerializer.java:23) ~[forge-1.20.1-47.3.0-universal.jar%23236!/:?]
	at net.minecraft.world.item.crafting.RecipeManager.fromJson(RecipeManager.java:171) ~[server-1.20.1-20230612.114412-srg.jar%23231!/:?]
	at net.minecraft.world.item.crafting.RecipeManager.m_5787_(RecipeManager.java:67) ~[server-1.20.1-20230612.114412-srg.jar%23231!/:?]
	at net.minecraft.world.item.crafting.RecipeManager.m_5787_(RecipeManager.java:34) ~[server-1.20.1-20230612.114412-srg.jar%23231!/:?]
	at net.minecraft.server.packs.resources.SimplePreparableReloadListener.m_10789_(SimplePreparableReloadListener.java:13) ~[server-1.20.1-20230612.114412-srg.jar%23231!/:?]
	at java.util.concurrent.CompletableFuture$UniAccept.tryFire(CompletableFuture.java:718) ~[?:?]
	at java.util.concurrent.CompletableFuture$Completion.run(CompletableFuture.java:482) ~[?:?]
	at net.minecraft.server.packs.resources.SimpleReloadInstance.m_143940_(SimpleReloadInstance.java:69) ~[server-1.20.1-20230612.114412-srg.jar%23231!/:?]
	at net.minecraft.Util.m_214652_(Util.java:783) ~[server-1.20.1-20230612.114412-srg.jar%23231!/:?]
	at net.minecraft.Util.m_214679_(Util.java:772) ~[server-1.20.1-20230612.114412-srg.jar%23231!/:?]
	at net.minecraft.server.Main.main(Main.java:166) ~[server-1.20.1-20230612.114412-srg.jar%23231!/:?]
	at jdk.internal.reflect.NativeMethodAccessorImpl.invoke0(Native Method) ~[?:?]
	at jdk.internal.reflect.NativeMethodAccessorImpl.invoke(NativeMethodAccessorImpl.java:77) ~[?:?]
	at jdk.internal.reflect.DelegatingMethodAccessorImpl.invoke(DelegatingMethodAccessorImpl.java:43) ~[?:?]
	at java.lang.reflect.Method.invoke(Method.java:569) ~[?:?]
	at net.minecraftforge.fml.loading.targets.CommonLaunchHandler.runTarget(CommonLaunchHandler.java:111) ~[fmlloader-1.20.1-47.3.0.jar%2367!/:?]
	at net.minecraftforge.fml.loading.targets.CommonLaunchHandler.serverService(CommonLaunchHandler.java:103) ~[fmlloader-1.20.1-47.3.0.jar%2367!/:?]
	at net.minecraftforge.fml.loading.targets.CommonServerLaunchHandler.lambda$makeService$0(CommonServerLaunchHandler.java:27) ~[fmlloader-1.20.1-47.3.0.jar%2367!/:?]
	at cpw.mods.modlauncher.LaunchServiceHandlerDecorator.launch(LaunchServiceHandlerDecorator.java:30) ~[modlauncher-10.0.9.jar%2353!/:?]
	at cpw.mods.modlauncher.LaunchServiceHandler.launch(LaunchServiceHandler.java:53) ~[modlauncher-10.0.9.jar%2353!/:?]
	at cpw.mods.modlauncher.LaunchServiceHandler.launch(LaunchServiceHandler.java:71) ~[modlauncher-10.0.9.jar%2353!/:?]
	at cpw.mods.modlauncher.Launcher.run(Launcher.java:108) ~[modlauncher-10.0.9.jar%2353!/:?]
	at cpw.mods.modlauncher.Launcher.main(Launcher.java:78) ~[modlauncher-10.0.9.jar%2353!/:?]
	at cpw.mods.modlauncher.BootstrapLaunchConsumer.accept(BootstrapLaunchConsumer.java:26) ~[modlauncher-10.0.9.jar%2353!/:?]
	at cpw.mods.modlauncher.BootstrapLaunchConsumer.accept(BootstrapLaunchConsumer.java:23) ~[modlauncher-10.0.9.jar%2353!/:?]
	at cpw.mods.bootstraplauncher.BootstrapLauncher.main(BootstrapLauncher.java:141) ~[bootstraplauncher-1.1.2.jar:?]
[14Oct2025 20:13:16.652] [main/ERROR] [net.minecraft.world.item.crafting.RecipeManager/]: Parsing error loading recipe forbidden_arcanus:aurum_fence
com.google.gson.JsonParseException: An ingredient entry needs either a tag or an item
	at net.minecraft.world.item.crafting.Ingredient.m_43919_(Ingredient.java:226) ~[server-1.20.1-20230612.114412-srg.jar%23231!/:?]
	at net.minecraftforge.common.crafting.VanillaIngredientSerializer.parse(VanillaIngredientSerializer.java:27) ~[forge-1.20.1-47.3.0-universal.jar%23236!/:?]
	at net.minecraftforge.common.crafting.CraftingHelper.getIngredient(CraftingHelper.java:148) ~[forge-1.20.1-47.3.0-universal.jar%23236!/:?]
	at net.minecraft.world.item.crafting.Ingredient.m_288218_(Ingredient.java:194) ~[server-1.20.1-20230612.114412-srg.jar%23231!/:?]
	at net.minecraft.world.item.crafting.ShapedRecipe.m_44210_(ShapedRecipe.java:278) ~[server-1.20.1-20230612.114412-srg.jar%23231!/:?]
	at net.minecraft.world.item.crafting.ShapedRecipe$Serializer.m_6729_(ShapedRecipe.java:306) ~[server-1.20.1-20230612.114412-srg.jar%23231!/:?]
	at net.minecraft.world.item.crafting.ShapedRecipe$Serializer.m_6729_(ShapedRecipe.java:301) ~[server-1.20.1-20230612.114412-srg.jar%23231!/:?]
	at net.minecraftforge.common.extensions.IForgeRecipeSerializer.fromJson(IForgeRecipeSerializer.java:23) ~[forge-1.20.1-47.3.0-universal.jar%23236!/:?]
	at net.minecraft.world.item.crafting.RecipeManager.fromJson(RecipeManager.java:171) ~[server-1.20.1-20230612.114412-srg.jar%23231!/:?]
	at net.minecraft.world.item.crafting.RecipeManager.m_5787_(RecipeManager.java:67) ~[server-1.20.1-20230612.114412-srg.jar%23231!/:?]
	at net.minecraft.world.item.crafting.RecipeManager.m_5787_(RecipeManager.java:34) ~[server-1.20.1-20230612.114412-srg.jar%23231!/:?]
	at net.minecraft.server.packs.resources.SimplePreparableReloadListener.m_10789_(SimplePreparableReloadListener.java:13) ~[server-1.20.1-20230612.114412-srg.jar%23231!/:?]
	at java.util.concurrent.CompletableFuture$UniAccept.tryFire(CompletableFuture.java:718) ~[?:?]
	at java.util.concurrent.CompletableFuture$Completion.run(CompletableFuture.java:482) ~[?:?]
	at net.minecraft.server.packs.resources.SimpleReloadInstance.m_143940_(SimpleReloadInstance.java:69) ~[server-1.20.1-20230612.114412-srg.jar%23231!/:?]
	at net.minecraft.Util.m_214652_(Util.java:783) ~[server-1.20.1-20230612.114412-srg.jar%23231!/:?]
	at net.minecraft.Util.m_214679_(Util.java:772) ~[server-1.20.1-20230612.114412-srg.jar%23231!/:?]
	at net.minecraft.server.Main.main(Main.java:166) ~[server-1.20.1-20230612.114412-srg.jar%23231!/:?]
	at jdk.internal.reflect.NativeMethodAccessorImpl.invoke0(Native Method) ~[?:?]
	at jdk.internal.reflect.NativeMethodAccessorImpl.invoke(NativeMethodAccessorImpl.java:77) ~[?:?]
	at jdk.internal.reflect.DelegatingMethodAccessorImpl.invoke(DelegatingMethodAccessorImpl.java:43) ~[?:?]
	at java.lang.reflect.Method.invoke(Method.java:569) ~[?:?]
	at net.minecraftforge.fml.loading.targets.CommonLaunchHandler.runTarget(CommonLaunchHandler.java:111) ~[fmlloader-1.20.1-47.3.0.jar%2367!/:?]
	at net.minecraftforge.fml.loading.targets.CommonLaunchHandler.serverService(CommonLaunchHandler.java:103) ~[fmlloader-1.20.1-47.3.0.jar%2367!/:?]
	at net.minecraftforge.fml.loading.targets.CommonServerLaunchHandler.lambda$makeService$0(CommonServerLaunchHandler.java:27) ~[fmlloader-1.20.1-47.3.0.jar%2367!/:?]
	at cpw.mods.modlauncher.LaunchServiceHandlerDecorator.launch(LaunchServiceHandlerDecorator.java:30) ~[modlauncher-10.0.9.jar%2353!/:?]
	at cpw.mods.modlauncher.LaunchServiceHandler.launch(LaunchServiceHandler.java:53) ~[modlauncher-10.0.9.jar%2353!/:?]
	at cpw.mods.modlauncher.LaunchServiceHandler.launch(LaunchServiceHandler.java:71) ~[modlauncher-10.0.9.jar%2353!/:?]
	at cpw.mods.modlauncher.Launcher.run(Launcher.java:108) ~[modlauncher-10.0.9.jar%2353!/:?]
	at cpw.mods.modlauncher.Launcher.main(Launcher.java:78) ~[modlauncher-10.0.9.jar%2353!/:?]
	at cpw.mods.modlauncher.BootstrapLaunchConsumer.accept(BootstrapLaunchConsumer.java:26) ~[modlauncher-10.0.9.jar%2353!/:?]
	at cpw.mods.modlauncher.BootstrapLaunchConsumer.accept(BootstrapLaunchConsumer.java:23) ~[modlauncher-10.0.9.jar%2353!/:?]
	at cpw.mods.bootstraplauncher.BootstrapLauncher.main(BootstrapLauncher.java:141) ~[bootstraplauncher-1.1.2.jar:?]
[14Oct2025 20:13:16.654] [main/ERROR] [net.minecraft.world.item.crafting.RecipeManager/]: Parsing error loading recipe iter_rpg:packed_snow_bricks_cut_slab
com.google.gson.JsonSyntaxException: Unknown item 'iter_rpg:packed_snow_bricks'
	at net.minecraft.world.item.crafting.ShapedRecipe.m_151280_(ShapedRecipe.java:292) ~[server-1.20.1-20230612.114412-srg.jar%23231!/:?]
	at java.util.Optional.orElseThrow(Optional.java:403) ~[?:?]
	at net.minecraft.world.item.crafting.ShapedRecipe.m_151278_(ShapedRecipe.java:291) ~[server-1.20.1-20230612.114412-srg.jar%23231!/:?]
	at net.minecraft.world.item.crafting.Ingredient.m_43919_(Ingredient.java:219) ~[server-1.20.1-20230612.114412-srg.jar%23231!/:?]
	at net.minecraftforge.common.crafting.VanillaIngredientSerializer.parse(VanillaIngredientSerializer.java:27) ~[forge-1.20.1-47.3.0-universal.jar%23236!/:?]
	at net.minecraftforge.common.crafting.CraftingHelper.getIngredient(CraftingHelper.java:148) ~[forge-1.20.1-47.3.0-universal.jar%23236!/:?]
	at net.minecraft.world.item.crafting.Ingredient.m_288218_(Ingredient.java:194) ~[server-1.20.1-20230612.114412-srg.jar%23231!/:?]
	at net.minecraft.world.item.crafting.SingleItemRecipe$Serializer.m_6729_(SingleItemRecipe.java:91) ~[server-1.20.1-20230612.114412-srg.jar%23231!/:?]
	at net.minecraft.world.item.crafting.SingleItemRecipe$Serializer.m_6729_(SingleItemRecipe.java:72) ~[server-1.20.1-20230612.114412-srg.jar%23231!/:?]
	at net.minecraftforge.common.extensions.IForgeRecipeSerializer.fromJson(IForgeRecipeSerializer.java:23) ~[forge-1.20.1-47.3.0-universal.jar%23236!/:?]
	at net.minecraft.world.item.crafting.RecipeManager.fromJson(RecipeManager.java:171) ~[server-1.20.1-20230612.114412-srg.jar%23231!/:?]
	at net.minecraft.world.item.crafting.RecipeManager.m_5787_(RecipeManager.java:67) ~[server-1.20.1-20230612.114412-srg.jar%23231!/:?]
	at net.minecraft.world.item.crafting.RecipeManager.m_5787_(RecipeManager.java:34) ~[server-1.20.1-20230612.114412-srg.jar%23231!/:?]
	at net.minecraft.server.packs.resources.SimplePreparableReloadListener.m_10789_(SimplePreparableReloadListener.java:13) ~[server-1.20.1-20230612.114412-srg.jar%23231!/:?]
	at java.util.concurrent.CompletableFuture$UniAccept.tryFire(CompletableFuture.java:718) ~[?:?]
	at java.util.concurrent.CompletableFuture$Completion.run(CompletableFuture.java:482) ~[?:?]
	at net.minecraft.server.packs.resources.SimpleReloadInstance.m_143940_(SimpleReloadInstance.java:69) ~[server-1.20.1-20230612.114412-srg.jar%23231!/:?]
	at net.minecraft.Util.m_214652_(Util.java:783) ~[server-1.20.1-20230612.114412-srg.jar%23231!/:?]
	at net.minecraft.Util.m_214679_(Util.java:772) ~[server-1.20.1-20230612.114412-srg.jar%23231!/:?]
	at net.minecraft.server.Main.main(Main.java:166) ~[server-1.20.1-20230612.114412-srg.jar%23231!/:?]
	at jdk.internal.reflect.NativeMethodAccessorImpl.invoke0(Native Method) ~[?:?]
	at jdk.internal.reflect.NativeMethodAccessorImpl.invoke(NativeMethodAccessorImpl.java:77) ~[?:?]
	at jdk.internal.reflect.DelegatingMethodAccessorImpl.invoke(DelegatingMethodAccessorImpl.java:43) ~[?:?]
	at java.lang.reflect.Method.invoke(Method.java:569) ~[?:?]
	at net.minecraftforge.fml.loading.targets.CommonLaunchHandler.runTarget(CommonLaunchHandler.java:111) ~[fmlloader-1.20.1-47.3.0.jar%2367!/:?]
	at net.minecraftforge.fml.loading.targets.CommonLaunchHandler.serverService(CommonLaunchHandler.java:103) ~[fmlloader-1.20.1-47.3.0.jar%2367!/:?]
	at net.minecraftforge.fml.loading.targets.CommonServerLaunchHandler.lambda$makeService$0(CommonServerLaunchHandler.java:27) ~[fmlloader-1.20.1-47.3.0.jar%2367!/:?]
	at cpw.mods.modlauncher.LaunchServiceHandlerDecorator.launch(LaunchServiceHandlerDecorator.java:30) ~[modlauncher-10.0.9.jar%2353!/:?]
	at cpw.mods.modlauncher.LaunchServiceHandler.launch(LaunchServiceHandler.java:53) ~[modlauncher-10.0.9.jar%2353!/:?]
	at cpw.mods.modlauncher.LaunchServiceHandler.launch(LaunchServiceHandler.java:71) ~[modlauncher-10.0.9.jar%2353!/:?]
	at cpw.mods.modlauncher.Launcher.run(Launcher.java:108) ~[modlauncher-10.0.9.jar%2353!/:?]
	at cpw.mods.modlauncher.Launcher.main(Launcher.java:78) ~[modlauncher-10.0.9.jar%2353!/:?]
	at cpw.mods.modlauncher.BootstrapLaunchConsumer.accept(BootstrapLaunchConsumer.java:26) ~[modlauncher-10.0.9.jar%2353!/:?]
	at cpw.mods.modlauncher.BootstrapLaunchConsumer.accept(BootstrapLaunchConsumer.java:23) ~[modlauncher-10.0.9.jar%2353!/:?]
	at cpw.mods.bootstraplauncher.BootstrapLauncher.main(BootstrapLauncher.java:141) ~[bootstraplauncher-1.1.2.jar:?]
[14Oct2025 20:13:16.658] [main/ERROR] [net.minecraft.world.item.crafting.RecipeManager/]: Parsing error loading recipe forbidden_arcanus:edelwood_fence
com.google.gson.JsonParseException: An ingredient entry needs either a tag or an item
	at net.minecraft.world.item.crafting.Ingredient.m_43919_(Ingredient.java:226) ~[server-1.20.1-20230612.114412-srg.jar%23231!/:?]
	at net.minecraftforge.common.crafting.VanillaIngredientSerializer.parse(VanillaIngredientSerializer.java:27) ~[forge-1.20.1-47.3.0-universal.jar%23236!/:?]
	at net.minecraftforge.common.crafting.CraftingHelper.getIngredient(CraftingHelper.java:148) ~[forge-1.20.1-47.3.0-universal.jar%23236!/:?]
	at net.minecraft.world.item.crafting.Ingredient.m_288218_(Ingredient.java:194) ~[server-1.20.1-20230612.114412-srg.jar%23231!/:?]
	at net.minecraft.world.item.crafting.ShapedRecipe.m_44210_(ShapedRecipe.java:278) ~[server-1.20.1-20230612.114412-srg.jar%23231!/:?]
	at net.minecraft.world.item.crafting.ShapedRecipe$Serializer.m_6729_(ShapedRecipe.java:306) ~[server-1.20.1-20230612.114412-srg.jar%23231!/:?]
	at net.minecraft.world.item.crafting.ShapedRecipe$Serializer.m_6729_(ShapedRecipe.java:301) ~[server-1.20.1-20230612.114412-srg.jar%23231!/:?]
	at net.minecraftforge.common.extensions.IForgeRecipeSerializer.fromJson(IForgeRecipeSerializer.java:23) ~[forge-1.20.1-47.3.0-universal.jar%23236!/:?]
	at net.minecraft.world.item.crafting.RecipeManager.fromJson(RecipeManager.java:171) ~[server-1.20.1-20230612.114412-srg.jar%23231!/:?]
	at net.minecraft.world.item.crafting.RecipeManager.m_5787_(RecipeManager.java:67) ~[server-1.20.1-20230612.114412-srg.jar%23231!/:?]
	at net.minecraft.world.item.crafting.RecipeManager.m_5787_(RecipeManager.java:34) ~[server-1.20.1-20230612.114412-srg.jar%23231!/:?]
	at net.minecraft.server.packs.resources.SimplePreparableReloadListener.m_10789_(SimplePreparableReloadListener.java:13) ~[server-1.20.1-20230612.114412-srg.jar%23231!/:?]
	at java.util.concurrent.CompletableFuture$UniAccept.tryFire(CompletableFuture.java:718) ~[?:?]
	at java.util.concurrent.CompletableFuture$Completion.run(CompletableFuture.java:482) ~[?:?]
	at net.minecraft.server.packs.resources.SimpleReloadInstance.m_143940_(SimpleReloadInstance.java:69) ~[server-1.20.1-20230612.114412-srg.jar%23231!/:?]
	at net.minecraft.Util.m_214652_(Util.java:783) ~[server-1.20.1-20230612.114412-srg.jar%23231!/:?]
	at net.minecraft.Util.m_214679_(Util.java:772) ~[server-1.20.1-20230612.114412-srg.jar%23231!/:?]
	at net.minecraft.server.Main.main(Main.java:166) ~[server-1.20.1-20230612.114412-srg.jar%23231!/:?]
	at jdk.internal.reflect.NativeMethodAccessorImpl.invoke0(Native Method) ~[?:?]
	at jdk.internal.reflect.NativeMethodAccessorImpl.invoke(NativeMethodAccessorImpl.java:77) ~[?:?]
	at jdk.internal.reflect.DelegatingMethodAccessorImpl.invoke(DelegatingMethodAccessorImpl.java:43) ~[?:?]
	at java.lang.reflect.Method.invoke(Method.java:569) ~[?:?]
	at net.minecraftforge.fml.loading.targets.CommonLaunchHandler.runTarget(CommonLaunchHandler.java:111) ~[fmlloader-1.20.1-47.3.0.jar%2367!/:?]
	at net.minecraftforge.fml.loading.targets.CommonLaunchHandler.serverService(CommonLaunchHandler.java:103) ~[fmlloader-1.20.1-47.3.0.jar%2367!/:?]
	at net.minecraftforge.fml.loading.targets.CommonServerLaunchHandler.lambda$makeService$0(CommonServerLaunchHandler.java:27) ~[fmlloader-1.20.1-47.3.0.jar%2367!/:?]
	at cpw.mods.modlauncher.LaunchServiceHandlerDecorator.launch(LaunchServiceHandlerDecorator.java:30) ~[modlauncher-10.0.9.jar%2353!/:?]
	at cpw.mods.modlauncher.LaunchServiceHandler.launch(LaunchServiceHandler.java:53) ~[modlauncher-10.0.9.jar%2353!/:?]
	at cpw.mods.modlauncher.LaunchServiceHandler.launch(LaunchServiceHandler.java:71) ~[modlauncher-10.0.9.jar%2353!/:?]
	at cpw.mods.modlauncher.Launcher.run(Launcher.java:108) ~[modlauncher-10.0.9.jar%2353!/:?]
	at cpw.mods.modlauncher.Launcher.main(Launcher.java:78) ~[modlauncher-10.0.9.jar%2353!/:?]
	at cpw.mods.modlauncher.BootstrapLaunchConsumer.accept(BootstrapLaunchConsumer.java:26) ~[modlauncher-10.0.9.jar%2353!/:?]
	at cpw.mods.modlauncher.BootstrapLaunchConsumer.accept(BootstrapLaunchConsumer.java:23) ~[modlauncher-10.0.9.jar%2353!/:?]
	at cpw.mods.bootstraplauncher.BootstrapLauncher.main(BootstrapLauncher.java:141) ~[bootstraplauncher-1.1.2.jar:?]
[14Oct2025 20:13:16.660] [main/ERROR] [net.minecraft.world.item.crafting.RecipeManager/]: Parsing error loading recipe iter_rpg:packed_snow_bricks_cut_ornate
com.google.gson.JsonSyntaxException: Unknown item 'iter_rpg:packed_snow_bricks'
	at net.minecraft.world.item.crafting.ShapedRecipe.m_151280_(ShapedRecipe.java:292) ~[server-1.20.1-20230612.114412-srg.jar%23231!/:?]
	at java.util.Optional.orElseThrow(Optional.java:403) ~[?:?]
	at net.minecraft.world.item.crafting.ShapedRecipe.m_151278_(ShapedRecipe.java:291) ~[server-1.20.1-20230612.114412-srg.jar%23231!/:?]
	at net.minecraft.world.item.crafting.Ingredient.m_43919_(Ingredient.java:219) ~[server-1.20.1-20230612.114412-srg.jar%23231!/:?]
	at net.minecraftforge.common.crafting.VanillaIngredientSerializer.parse(VanillaIngredientSerializer.java:27) ~[forge-1.20.1-47.3.0-universal.jar%23236!/:?]
	at net.minecraftforge.common.crafting.CraftingHelper.getIngredient(CraftingHelper.java:148) ~[forge-1.20.1-47.3.0-universal.jar%23236!/:?]
	at net.minecraft.world.item.crafting.Ingredient.m_288218_(Ingredient.java:194) ~[server-1.20.1-20230612.114412-srg.jar%23231!/:?]
	at net.minecraft.world.item.crafting.SingleItemRecipe$Serializer.m_6729_(SingleItemRecipe.java:91) ~[server-1.20.1-20230612.114412-srg.jar%23231!/:?]
	at net.minecraft.world.item.crafting.SingleItemRecipe$Serializer.m_6729_(SingleItemRecipe.java:72) ~[server-1.20.1-20230612.114412-srg.jar%23231!/:?]
	at net.minecraftforge.common.extensions.IForgeRecipeSerializer.fromJson(IForgeRecipeSerializer.java:23) ~[forge-1.20.1-47.3.0-universal.jar%23236!/:?]
	at net.minecraft.world.item.crafting.RecipeManager.fromJson(RecipeManager.java:171) ~[server-1.20.1-20230612.114412-srg.jar%23231!/:?]
	at net.minecraft.world.item.crafting.RecipeManager.m_5787_(RecipeManager.java:67) ~[server-1.20.1-20230612.114412-srg.jar%23231!/:?]
	at net.minecraft.world.item.crafting.RecipeManager.m_5787_(RecipeManager.java:34) ~[server-1.20.1-20230612.114412-srg.jar%23231!/:?]
	at net.minecraft.server.packs.resources.SimplePreparableReloadListener.m_10789_(SimplePreparableReloadListener.java:13) ~[server-1.20.1-20230612.114412-srg.jar%23231!/:?]
	at java.util.concurrent.CompletableFuture$UniAccept.tryFire(CompletableFuture.java:718) ~[?:?]
	at java.util.concurrent.CompletableFuture$Completion.run(CompletableFuture.java:482) ~[?:?]
	at net.minecraft.server.packs.resources.SimpleReloadInstance.m_143940_(SimpleReloadInstance.java:69) ~[server-1.20.1-20230612.114412-srg.jar%23231!/:?]
	at net.minecraft.Util.m_214652_(Util.java:783) ~[server-1.20.1-20230612.114412-srg.jar%23231!/:?]
	at net.minecraft.Util.m_214679_(Util.java:772) ~[server-1.20.1-20230612.114412-srg.jar%23231!/:?]
	at net.minecraft.server.Main.main(Main.java:166) ~[server-1.20.1-20230612.114412-srg.jar%23231!/:?]
	at jdk.internal.reflect.NativeMethodAccessorImpl.invoke0(Native Method) ~[?:?]
	at jdk.internal.reflect.NativeMethodAccessorImpl.invoke(NativeMethodAccessorImpl.java:77) ~[?:?]
	at jdk.internal.reflect.DelegatingMethodAccessorImpl.invoke(DelegatingMethodAccessorImpl.java:43) ~[?:?]
	at java.lang.reflect.Method.invoke(Method.java:569) ~[?:?]
	at net.minecraftforge.fml.loading.targets.CommonLaunchHandler.runTarget(CommonLaunchHandler.java:111) ~[fmlloader-1.20.1-47.3.0.jar%2367!/:?]
	at net.minecraftforge.fml.loading.targets.CommonLaunchHandler.serverService(CommonLaunchHandler.java:103) ~[fmlloader-1.20.1-47.3.0.jar%2367!/:?]
	at net.minecraftforge.fml.loading.targets.CommonServerLaunchHandler.lambda$makeService$0(CommonServerLaunchHandler.java:27) ~[fmlloader-1.20.1-47.3.0.jar%2367!/:?]
	at cpw.mods.modlauncher.LaunchServiceHandlerDecorator.launch(LaunchServiceHandlerDecorator.java:30) ~[modlauncher-10.0.9.jar%2353!/:?]
	at cpw.mods.modlauncher.LaunchServiceHandler.launch(LaunchServiceHandler.java:53) ~[modlauncher-10.0.9.jar%2353!/:?]
	at cpw.mods.modlauncher.LaunchServiceHandler.launch(LaunchServiceHandler.java:71) ~[modlauncher-10.0.9.jar%2353!/:?]
	at cpw.mods.modlauncher.Launcher.run(Launcher.java:108) ~[modlauncher-10.0.9.jar%2353!/:?]
	at cpw.mods.modlauncher.Launcher.main(Launcher.java:78) ~[modlauncher-10.0.9.jar%2353!/:?]
	at cpw.mods.modlauncher.BootstrapLaunchConsumer.accept(BootstrapLaunchConsumer.java:26) ~[modlauncher-10.0.9.jar%2353!/:?]
	at cpw.mods.modlauncher.BootstrapLaunchConsumer.accept(BootstrapLaunchConsumer.java:23) ~[modlauncher-10.0.9.jar%2353!/:?]
	at cpw.mods.bootstraplauncher.BootstrapLauncher.main(BootstrapLauncher.java:141) ~[bootstraplauncher-1.1.2.jar:?]
[14Oct2025 20:13:16.663] [main/ERROR] [net.minecraft.world.item.crafting.RecipeManager/]: Parsing error loading recipe forbidden_arcanus:aurum_chest_boat
com.google.gson.JsonParseException: An ingredient entry needs either a tag or an item
	at net.minecraft.world.item.crafting.Ingredient.m_43919_(Ingredient.java:226) ~[server-1.20.1-20230612.114412-srg.jar%23231!/:?]
	at net.minecraftforge.common.crafting.VanillaIngredientSerializer.parse(VanillaIngredientSerializer.java:27) ~[forge-1.20.1-47.3.0-universal.jar%23236!/:?]
	at net.minecraftforge.common.crafting.CraftingHelper.getIngredient(CraftingHelper.java:148) ~[forge-1.20.1-47.3.0-universal.jar%23236!/:?]
	at net.minecraft.world.item.crafting.Ingredient.m_288218_(Ingredient.java:194) ~[server-1.20.1-20230612.114412-srg.jar%23231!/:?]
	at net.minecraft.world.item.crafting.ShapelessRecipe$Serializer.m_44275_(ShapelessRecipe.java:104) ~[server-1.20.1-20230612.114412-srg.jar%23231!/:?]
	at net.minecraft.world.item.crafting.ShapelessRecipe$Serializer.m_6729_(ShapelessRecipe.java:89) ~[server-1.20.1-20230612.114412-srg.jar%23231!/:?]
	at net.minecraft.world.item.crafting.ShapelessRecipe$Serializer.m_6729_(ShapelessRecipe.java:84) ~[server-1.20.1-20230612.114412-srg.jar%23231!/:?]
	at net.minecraftforge.common.extensions.IForgeRecipeSerializer.fromJson(IForgeRecipeSerializer.java:23) ~[forge-1.20.1-47.3.0-universal.jar%23236!/:?]
	at net.minecraft.world.item.crafting.RecipeManager.fromJson(RecipeManager.java:171) ~[server-1.20.1-20230612.114412-srg.jar%23231!/:?]
	at net.minecraft.world.item.crafting.RecipeManager.m_5787_(RecipeManager.java:67) ~[server-1.20.1-20230612.114412-srg.jar%23231!/:?]
	at net.minecraft.world.item.crafting.RecipeManager.m_5787_(RecipeManager.java:34) ~[server-1.20.1-20230612.114412-srg.jar%23231!/:?]
	at net.minecraft.server.packs.resources.SimplePreparableReloadListener.m_10789_(SimplePreparableReloadListener.java:13) ~[server-1.20.1-20230612.114412-srg.jar%23231!/:?]
	at java.util.concurrent.CompletableFuture$UniAccept.tryFire(CompletableFuture.java:718) ~[?:?]
	at java.util.concurrent.CompletableFuture$Completion.run(CompletableFuture.java:482) ~[?:?]
	at net.minecraft.server.packs.resources.SimpleReloadInstance.m_143940_(SimpleReloadInstance.java:69) ~[server-1.20.1-20230612.114412-srg.jar%23231!/:?]
	at net.minecraft.Util.m_214652_(Util.java:783) ~[server-1.20.1-20230612.114412-srg.jar%23231!/:?]
	at net.minecraft.Util.m_214679_(Util.java:772) ~[server-1.20.1-20230612.114412-srg.jar%23231!/:?]
	at net.minecraft.server.Main.main(Main.java:166) ~[server-1.20.1-20230612.114412-srg.jar%23231!/:?]
	at jdk.internal.reflect.NativeMethodAccessorImpl.invoke0(Native Method) ~[?:?]
	at jdk.internal.reflect.NativeMethodAccessorImpl.invoke(NativeMethodAccessorImpl.java:77) ~[?:?]
	at jdk.internal.reflect.DelegatingMethodAccessorImpl.invoke(DelegatingMethodAccessorImpl.java:43) ~[?:?]
	at java.lang.reflect.Method.invoke(Method.java:569) ~[?:?]
	at net.minecraftforge.fml.loading.targets.CommonLaunchHandler.runTarget(CommonLaunchHandler.java:111) ~[fmlloader-1.20.1-47.3.0.jar%2367!/:?]
	at net.minecraftforge.fml.loading.targets.CommonLaunchHandler.serverService(CommonLaunchHandler.java:103) ~[fmlloader-1.20.1-47.3.0.jar%2367!/:?]
	at net.minecraftforge.fml.loading.targets.CommonServerLaunchHandler.lambda$makeService$0(CommonServerLaunchHandler.java:27) ~[fmlloader-1.20.1-47.3.0.jar%2367!/:?]
	at cpw.mods.modlauncher.LaunchServiceHandlerDecorator.launch(LaunchServiceHandlerDecorator.java:30) ~[modlauncher-10.0.9.jar%2353!/:?]
	at cpw.mods.modlauncher.LaunchServiceHandler.launch(LaunchServiceHandler.java:53) ~[modlauncher-10.0.9.jar%2353!/:?]
	at cpw.mods.modlauncher.LaunchServiceHandler.launch(LaunchServiceHandler.java:71) ~[modlauncher-10.0.9.jar%2353!/:?]
	at cpw.mods.modlauncher.Launcher.run(Launcher.java:108) ~[modlauncher-10.0.9.jar%2353!/:?]
	at cpw.mods.modlauncher.Launcher.main(Launcher.java:78) ~[modlauncher-10.0.9.jar%2353!/:?]
	at cpw.mods.modlauncher.BootstrapLaunchConsumer.accept(BootstrapLaunchConsumer.java:26) ~[modlauncher-10.0.9.jar%2353!/:?]
	at cpw.mods.modlauncher.BootstrapLaunchConsumer.accept(BootstrapLaunchConsumer.java:23) ~[modlauncher-10.0.9.jar%2353!/:?]
	at cpw.mods.bootstraplauncher.BootstrapLauncher.main(BootstrapLauncher.java:141) ~[bootstraplauncher-1.1.2.jar:?]
[14Oct2025 20:13:16.665] [main/ERROR] [net.minecraft.world.item.crafting.RecipeManager/]: Parsing error loading recipe forbidden_arcanus:corrupted_pixie
com.google.gson.JsonSyntaxException: Unknown item 'forbidden_arcanus:dark_soul'
	at net.minecraft.world.item.crafting.ShapedRecipe.m_151280_(ShapedRecipe.java:292) ~[server-1.20.1-20230612.114412-srg.jar%23231!/:?]
	at java.util.Optional.orElseThrow(Optional.java:403) ~[?:?]
	at net.minecraft.world.item.crafting.ShapedRecipe.m_151278_(ShapedRecipe.java:291) ~[server-1.20.1-20230612.114412-srg.jar%23231!/:?]
	at net.minecraft.world.item.crafting.Ingredient.m_43919_(Ingredient.java:219) ~[server-1.20.1-20230612.114412-srg.jar%23231!/:?]
	at net.minecraftforge.common.crafting.VanillaIngredientSerializer.parse(VanillaIngredientSerializer.java:27) ~[forge-1.20.1-47.3.0-universal.jar%23236!/:?]
	at net.minecraftforge.common.crafting.CraftingHelper.getIngredient(CraftingHelper.java:148) ~[forge-1.20.1-47.3.0-universal.jar%23236!/:?]
	at net.minecraft.world.item.crafting.Ingredient.m_288218_(Ingredient.java:194) ~[server-1.20.1-20230612.114412-srg.jar%23231!/:?]
	at net.minecraft.world.item.crafting.ShapedRecipe.m_44210_(ShapedRecipe.java:278) ~[server-1.20.1-20230612.114412-srg.jar%23231!/:?]
	at net.minecraft.world.item.crafting.ShapedRecipe$Serializer.m_6729_(ShapedRecipe.java:306) ~[server-1.20.1-20230612.114412-srg.jar%23231!/:?]
	at net.minecraft.world.item.crafting.ShapedRecipe$Serializer.m_6729_(ShapedRecipe.java:301) ~[server-1.20.1-20230612.114412-srg.jar%23231!/:?]
	at net.minecraftforge.common.extensions.IForgeRecipeSerializer.fromJson(IForgeRecipeSerializer.java:23) ~[forge-1.20.1-47.3.0-universal.jar%23236!/:?]
	at net.minecraft.world.item.crafting.RecipeManager.fromJson(RecipeManager.java:171) ~[server-1.20.1-20230612.114412-srg.jar%23231!/:?]
	at net.minecraft.world.item.crafting.RecipeManager.m_5787_(RecipeManager.java:67) ~[server-1.20.1-20230612.114412-srg.jar%23231!/:?]
	at net.minecraft.world.item.crafting.RecipeManager.m_5787_(RecipeManager.java:34) ~[server-1.20.1-20230612.114412-srg.jar%23231!/:?]
	at net.minecraft.server.packs.resources.SimplePreparableReloadListener.m_10789_(SimplePreparableReloadListener.java:13) ~[server-1.20.1-20230612.114412-srg.jar%23231!/:?]
	at java.util.concurrent.CompletableFuture$UniAccept.tryFire(CompletableFuture.java:718) ~[?:?]
	at java.util.concurrent.CompletableFuture$Completion.run(CompletableFuture.java:482) ~[?:?]
	at net.minecraft.server.packs.resources.SimpleReloadInstance.m_143940_(SimpleReloadInstance.java:69) ~[server-1.20.1-20230612.114412-srg.jar%23231!/:?]
	at net.minecraft.Util.m_214652_(Util.java:783) ~[server-1.20.1-20230612.114412-srg.jar%23231!/:?]
	at net.minecraft.Util.m_214679_(Util.java:772) ~[server-1.20.1-20230612.114412-srg.jar%23231!/:?]
	at net.minecraft.server.Main.main(Main.java:166) ~[server-1.20.1-20230612.114412-srg.jar%23231!/:?]
	at jdk.internal.reflect.NativeMethodAccessorImpl.invoke0(Native Method) ~[?:?]
	at jdk.internal.reflect.NativeMethodAccessorImpl.invoke(NativeMethodAccessorImpl.java:77) ~[?:?]
	at jdk.internal.reflect.DelegatingMethodAccessorImpl.invoke(DelegatingMethodAccessorImpl.java:43) ~[?:?]
	at java.lang.reflect.Method.invoke(Method.java:569) ~[?:?]
	at net.minecraftforge.fml.loading.targets.CommonLaunchHandler.runTarget(CommonLaunchHandler.java:111) ~[fmlloader-1.20.1-47.3.0.jar%2367!/:?]
	at net.minecraftforge.fml.loading.targets.CommonLaunchHandler.serverService(CommonLaunchHandler.java:103) ~[fmlloader-1.20.1-47.3.0.jar%2367!/:?]
	at net.minecraftforge.fml.loading.targets.CommonServerLaunchHandler.lambda$makeService$0(CommonServerLaunchHandler.java:27) ~[fmlloader-1.20.1-47.3.0.jar%2367!/:?]
	at cpw.mods.modlauncher.LaunchServiceHandlerDecorator.launch(LaunchServiceHandlerDecorator.java:30) ~[modlauncher-10.0.9.jar%2353!/:?]
	at cpw.mods.modlauncher.LaunchServiceHandler.launch(LaunchServiceHandler.java:53) ~[modlauncher-10.0.9.jar%2353!/:?]
	at cpw.mods.modlauncher.LaunchServiceHandler.launch(LaunchServiceHandler.java:71) ~[modlauncher-10.0.9.jar%2353!/:?]
	at cpw.mods.modlauncher.Launcher.run(Launcher.java:108) ~[modlauncher-10.0.9.jar%2353!/:?]
	at cpw.mods.modlauncher.Launcher.main(Launcher.java:78) ~[modlauncher-10.0.9.jar%2353!/:?]
	at cpw.mods.modlauncher.BootstrapLaunchConsumer.accept(BootstrapLaunchConsumer.java:26) ~[modlauncher-10.0.9.jar%2353!/:?]
	at cpw.mods.modlauncher.BootstrapLaunchConsumer.accept(BootstrapLaunchConsumer.java:23) ~[modlauncher-10.0.9.jar%2353!/:?]
	at cpw.mods.bootstraplauncher.BootstrapLauncher.main(BootstrapLauncher.java:141) ~[bootstraplauncher-1.1.2.jar:?]
[14Oct2025 20:13:16.672] [main/ERROR] [net.minecraft.world.item.crafting.RecipeManager/]: Parsing error loading recipe iter_rpg:packed_snow_cut_bricks
com.google.gson.JsonSyntaxException: Unknown item 'iter_rpg:packed_snow'
	at net.minecraft.world.item.crafting.ShapedRecipe.m_151280_(ShapedRecipe.java:292) ~[server-1.20.1-20230612.114412-srg.jar%23231!/:?]
	at java.util.Optional.orElseThrow(Optional.java:403) ~[?:?]
	at net.minecraft.world.item.crafting.ShapedRecipe.m_151278_(ShapedRecipe.java:291) ~[server-1.20.1-20230612.114412-srg.jar%23231!/:?]
	at net.minecraft.world.item.crafting.Ingredient.m_43919_(Ingredient.java:219) ~[server-1.20.1-20230612.114412-srg.jar%23231!/:?]
	at net.minecraftforge.common.crafting.VanillaIngredientSerializer.parse(VanillaIngredientSerializer.java:27) ~[forge-1.20.1-47.3.0-universal.jar%23236!/:?]
	at net.minecraftforge.common.crafting.CraftingHelper.getIngredient(CraftingHelper.java:148) ~[forge-1.20.1-47.3.0-universal.jar%23236!/:?]
	at net.minecraft.world.item.crafting.Ingredient.m_288218_(Ingredient.java:194) ~[server-1.20.1-20230612.114412-srg.jar%23231!/:?]
	at net.minecraft.world.item.crafting.SingleItemRecipe$Serializer.m_6729_(SingleItemRecipe.java:91) ~[server-1.20.1-20230612.114412-srg.jar%23231!/:?]
	at net.minecraft.world.item.crafting.SingleItemRecipe$Serializer.m_6729_(SingleItemRecipe.java:72) ~[server-1.20.1-20230612.114412-srg.jar%23231!/:?]
	at net.minecraftforge.common.extensions.IForgeRecipeSerializer.fromJson(IForgeRecipeSerializer.java:23) ~[forge-1.20.1-47.3.0-universal.jar%23236!/:?]
	at net.minecraft.world.item.crafting.RecipeManager.fromJson(RecipeManager.java:171) ~[server-1.20.1-20230612.114412-srg.jar%23231!/:?]
	at net.minecraft.world.item.crafting.RecipeManager.m_5787_(RecipeManager.java:67) ~[server-1.20.1-20230612.114412-srg.jar%23231!/:?]
	at net.minecraft.world.item.crafting.RecipeManager.m_5787_(RecipeManager.java:34) ~[server-1.20.1-20230612.114412-srg.jar%23231!/:?]
	at net.minecraft.server.packs.resources.SimplePreparableReloadListener.m_10789_(SimplePreparableReloadListener.java:13) ~[server-1.20.1-20230612.114412-srg.jar%23231!/:?]
	at java.util.concurrent.CompletableFuture$UniAccept.tryFire(CompletableFuture.java:718) ~[?:?]
	at java.util.concurrent.CompletableFuture$Completion.run(CompletableFuture.java:482) ~[?:?]
	at net.minecraft.server.packs.resources.SimpleReloadInstance.m_143940_(SimpleReloadInstance.java:69) ~[server-1.20.1-20230612.114412-srg.jar%23231!/:?]
	at net.minecraft.Util.m_214652_(Util.java:783) ~[server-1.20.1-20230612.114412-srg.jar%23231!/:?]
	at net.minecraft.Util.m_214679_(Util.java:772) ~[server-1.20.1-20230612.114412-srg.jar%23231!/:?]
	at net.minecraft.server.Main.main(Main.java:166) ~[server-1.20.1-20230612.114412-srg.jar%23231!/:?]
	at jdk.internal.reflect.NativeMethodAccessorImpl.invoke0(Native Method) ~[?:?]
	at jdk.internal.reflect.NativeMethodAccessorImpl.invoke(NativeMethodAccessorImpl.java:77) ~[?:?]
	at jdk.internal.reflect.DelegatingMethodAccessorImpl.invoke(DelegatingMethodAccessorImpl.java:43) ~[?:?]
	at java.lang.reflect.Method.invoke(Method.java:569) ~[?:?]
	at net.minecraftforge.fml.loading.targets.CommonLaunchHandler.runTarget(CommonLaunchHandler.java:111) ~[fmlloader-1.20.1-47.3.0.jar%2367!/:?]
	at net.minecraftforge.fml.loading.targets.CommonLaunchHandler.serverService(CommonLaunchHandler.java:103) ~[fmlloader-1.20.1-47.3.0.jar%2367!/:?]
	at net.minecraftforge.fml.loading.targets.CommonServerLaunchHandler.lambda$makeService$0(CommonServerLaunchHandler.java:27) ~[fmlloader-1.20.1-47.3.0.jar%2367!/:?]
	at cpw.mods.modlauncher.LaunchServiceHandlerDecorator.launch(LaunchServiceHandlerDecorator.java:30) ~[modlauncher-10.0.9.jar%2353!/:?]
	at cpw.mods.modlauncher.LaunchServiceHandler.launch(LaunchServiceHandler.java:53) ~[modlauncher-10.0.9.jar%2353!/:?]
	at cpw.mods.modlauncher.LaunchServiceHandler.launch(LaunchServiceHandler.java:71) ~[modlauncher-10.0.9.jar%2353!/:?]
	at cpw.mods.modlauncher.Launcher.run(Launcher.java:108) ~[modlauncher-10.0.9.jar%2353!/:?]
	at cpw.mods.modlauncher.Launcher.main(Launcher.java:78) ~[modlauncher-10.0.9.jar%2353!/:?]
	at cpw.mods.modlauncher.BootstrapLaunchConsumer.accept(BootstrapLaunchConsumer.java:26) ~[modlauncher-10.0.9.jar%2353!/:?]
	at cpw.mods.modlauncher.BootstrapLaunchConsumer.accept(BootstrapLaunchConsumer.java:23) ~[modlauncher-10.0.9.jar%2353!/:?]
	at cpw.mods.bootstraplauncher.BootstrapLauncher.main(BootstrapLauncher.java:141) ~[bootstraplauncher-1.1.2.jar:?]
[14Oct2025 20:13:16.677] [main/ERROR] [net.minecraft.world.item.crafting.RecipeManager/]: Parsing error loading recipe forbidden_arcanus:edelwood_chest_boat
com.google.gson.JsonParseException: An ingredient entry needs either a tag or an item
	at net.minecraft.world.item.crafting.Ingredient.m_43919_(Ingredient.java:226) ~[server-1.20.1-20230612.114412-srg.jar%23231!/:?]
	at net.minecraftforge.common.crafting.VanillaIngredientSerializer.parse(VanillaIngredientSerializer.java:27) ~[forge-1.20.1-47.3.0-universal.jar%23236!/:?]
	at net.minecraftforge.common.crafting.CraftingHelper.getIngredient(CraftingHelper.java:148) ~[forge-1.20.1-47.3.0-universal.jar%23236!/:?]
	at net.minecraft.world.item.crafting.Ingredient.m_288218_(Ingredient.java:194) ~[server-1.20.1-20230612.114412-srg.jar%23231!/:?]
	at net.minecraft.world.item.crafting.ShapelessRecipe$Serializer.m_44275_(ShapelessRecipe.java:104) ~[server-1.20.1-20230612.114412-srg.jar%23231!/:?]
	at net.minecraft.world.item.crafting.ShapelessRecipe$Serializer.m_6729_(ShapelessRecipe.java:89) ~[server-1.20.1-20230612.114412-srg.jar%23231!/:?]
	at net.minecraft.world.item.crafting.ShapelessRecipe$Serializer.m_6729_(ShapelessRecipe.java:84) ~[server-1.20.1-20230612.114412-srg.jar%23231!/:?]
	at net.minecraftforge.common.extensions.IForgeRecipeSerializer.fromJson(IForgeRecipeSerializer.java:23) ~[forge-1.20.1-47.3.0-universal.jar%23236!/:?]
	at net.minecraft.world.item.crafting.RecipeManager.fromJson(RecipeManager.java:171) ~[server-1.20.1-20230612.114412-srg.jar%23231!/:?]
	at net.minecraft.world.item.crafting.RecipeManager.m_5787_(RecipeManager.java:67) ~[server-1.20.1-20230612.114412-srg.jar%23231!/:?]
	at net.minecraft.world.item.crafting.RecipeManager.m_5787_(RecipeManager.java:34) ~[server-1.20.1-20230612.114412-srg.jar%23231!/:?]
	at net.minecraft.server.packs.resources.SimplePreparableReloadListener.m_10789_(SimplePreparableReloadListener.java:13) ~[server-1.20.1-20230612.114412-srg.jar%23231!/:?]
	at java.util.concurrent.CompletableFuture$UniAccept.tryFire(CompletableFuture.java:718) ~[?:?]
	at java.util.concurrent.CompletableFuture$Completion.run(CompletableFuture.java:482) ~[?:?]
	at net.minecraft.server.packs.resources.SimpleReloadInstance.m_143940_(SimpleReloadInstance.java:69) ~[server-1.20.1-20230612.114412-srg.jar%23231!/:?]
	at net.minecraft.Util.m_214652_(Util.java:783) ~[server-1.20.1-20230612.114412-srg.jar%23231!/:?]
	at net.minecraft.Util.m_214679_(Util.java:772) ~[server-1.20.1-20230612.114412-srg.jar%23231!/:?]
	at net.minecraft.server.Main.main(Main.java:166) ~[server-1.20.1-20230612.114412-srg.jar%23231!/:?]
	at jdk.internal.reflect.NativeMethodAccessorImpl.invoke0(Native Method) ~[?:?]
	at jdk.internal.reflect.NativeMethodAccessorImpl.invoke(NativeMethodAccessorImpl.java:77) ~[?:?]
	at jdk.internal.reflect.DelegatingMethodAccessorImpl.invoke(DelegatingMethodAccessorImpl.java:43) ~[?:?]
	at java.lang.reflect.Method.invoke(Method.java:569) ~[?:?]
	at net.minecraftforge.fml.loading.targets.CommonLaunchHandler.runTarget(CommonLaunchHandler.java:111) ~[fmlloader-1.20.1-47.3.0.jar%2367!/:?]
	at net.minecraftforge.fml.loading.targets.CommonLaunchHandler.serverService(CommonLaunchHandler.java:103) ~[fmlloader-1.20.1-47.3.0.jar%2367!/:?]
	at net.minecraftforge.fml.loading.targets.CommonServerLaunchHandler.lambda$makeService$0(CommonServerLaunchHandler.java:27) ~[fmlloader-1.20.1-47.3.0.jar%2367!/:?]
	at cpw.mods.modlauncher.LaunchServiceHandlerDecorator.launch(LaunchServiceHandlerDecorator.java:30) ~[modlauncher-10.0.9.jar%2353!/:?]
	at cpw.mods.modlauncher.LaunchServiceHandler.launch(LaunchServiceHandler.java:53) ~[modlauncher-10.0.9.jar%2353!/:?]
	at cpw.mods.modlauncher.LaunchServiceHandler.launch(LaunchServiceHandler.java:71) ~[modlauncher-10.0.9.jar%2353!/:?]
	at cpw.mods.modlauncher.Launcher.run(Launcher.java:108) ~[modlauncher-10.0.9.jar%2353!/:?]
	at cpw.mods.modlauncher.Launcher.main(Launcher.java:78) ~[modlauncher-10.0.9.jar%2353!/:?]
	at cpw.mods.modlauncher.BootstrapLaunchConsumer.accept(BootstrapLaunchConsumer.java:26) ~[modlauncher-10.0.9.jar%2353!/:?]
	at cpw.mods.modlauncher.BootstrapLaunchConsumer.accept(BootstrapLaunchConsumer.java:23) ~[modlauncher-10.0.9.jar%2353!/:?]
	at cpw.mods.bootstraplauncher.BootstrapLauncher.main(BootstrapLauncher.java:141) ~[bootstraplauncher-1.1.2.jar:?]
[14Oct2025 20:13:16.678] [main/ERROR] [net.minecraft.world.item.crafting.RecipeManager/]: Parsing error loading recipe forbidden_arcanus:aurum_fence_gate
com.google.gson.JsonParseException: An ingredient entry needs either a tag or an item
	at net.minecraft.world.item.crafting.Ingredient.m_43919_(Ingredient.java:226) ~[server-1.20.1-20230612.114412-srg.jar%23231!/:?]
	at net.minecraftforge.common.crafting.VanillaIngredientSerializer.parse(VanillaIngredientSerializer.java:27) ~[forge-1.20.1-47.3.0-universal.jar%23236!/:?]
	at net.minecraftforge.common.crafting.CraftingHelper.getIngredient(CraftingHelper.java:148) ~[forge-1.20.1-47.3.0-universal.jar%23236!/:?]
	at net.minecraft.world.item.crafting.Ingredient.m_288218_(Ingredient.java:194) ~[server-1.20.1-20230612.114412-srg.jar%23231!/:?]
	at net.minecraft.world.item.crafting.ShapedRecipe.m_44210_(ShapedRecipe.java:278) ~[server-1.20.1-20230612.114412-srg.jar%23231!/:?]
	at net.minecraft.world.item.crafting.ShapedRecipe$Serializer.m_6729_(ShapedRecipe.java:306) ~[server-1.20.1-20230612.114412-srg.jar%23231!/:?]
	at net.minecraft.world.item.crafting.ShapedRecipe$Serializer.m_6729_(ShapedRecipe.java:301) ~[server-1.20.1-20230612.114412-srg.jar%23231!/:?]
	at net.minecraftforge.common.extensions.IForgeRecipeSerializer.fromJson(IForgeRecipeSerializer.java:23) ~[forge-1.20.1-47.3.0-universal.jar%23236!/:?]
	at net.minecraft.world.item.crafting.RecipeManager.fromJson(RecipeManager.java:171) ~[server-1.20.1-20230612.114412-srg.jar%23231!/:?]
	at net.minecraft.world.item.crafting.RecipeManager.m_5787_(RecipeManager.java:67) ~[server-1.20.1-20230612.114412-srg.jar%23231!/:?]
	at net.minecraft.world.item.crafting.RecipeManager.m_5787_(RecipeManager.java:34) ~[server-1.20.1-20230612.114412-srg.jar%23231!/:?]
	at net.minecraft.server.packs.resources.SimplePreparableReloadListener.m_10789_(SimplePreparableReloadListener.java:13) ~[server-1.20.1-20230612.114412-srg.jar%23231!/:?]
	at java.util.concurrent.CompletableFuture$UniAccept.tryFire(CompletableFuture.java:718) ~[?:?]
	at java.util.concurrent.CompletableFuture$Completion.run(CompletableFuture.java:482) ~[?:?]
	at net.minecraft.server.packs.resources.SimpleReloadInstance.m_143940_(SimpleReloadInstance.java:69) ~[server-1.20.1-20230612.114412-srg.jar%23231!/:?]
	at net.minecraft.Util.m_214652_(Util.java:783) ~[server-1.20.1-20230612.114412-srg.jar%23231!/:?]
	at net.minecraft.Util.m_214679_(Util.java:772) ~[server-1.20.1-20230612.114412-srg.jar%23231!/:?]
	at net.minecraft.server.Main.main(Main.java:166) ~[server-1.20.1-20230612.114412-srg.jar%23231!/:?]
	at jdk.internal.reflect.NativeMethodAccessorImpl.invoke0(Native Method) ~[?:?]
	at jdk.internal.reflect.NativeMethodAccessorImpl.invoke(NativeMethodAccessorImpl.java:77) ~[?:?]
	at jdk.internal.reflect.DelegatingMethodAccessorImpl.invoke(DelegatingMethodAccessorImpl.java:43) ~[?:?]
	at java.lang.reflect.Method.invoke(Method.java:569) ~[?:?]
	at net.minecraftforge.fml.loading.targets.CommonLaunchHandler.runTarget(CommonLaunchHandler.java:111) ~[fmlloader-1.20.1-47.3.0.jar%2367!/:?]
	at net.minecraftforge.fml.loading.targets.CommonLaunchHandler.serverService(CommonLaunchHandler.java:103) ~[fmlloader-1.20.1-47.3.0.jar%2367!/:?]
	at net.minecraftforge.fml.loading.targets.CommonServerLaunchHandler.lambda$makeService$0(CommonServerLaunchHandler.java:27) ~[fmlloader-1.20.1-47.3.0.jar%2367!/:?]
	at cpw.mods.modlauncher.LaunchServiceHandlerDecorator.launch(LaunchServiceHandlerDecorator.java:30) ~[modlauncher-10.0.9.jar%2353!/:?]
	at cpw.mods.modlauncher.LaunchServiceHandler.launch(LaunchServiceHandler.java:53) ~[modlauncher-10.0.9.jar%2353!/:?]
	at cpw.mods.modlauncher.LaunchServiceHandler.launch(LaunchServiceHandler.java:71) ~[modlauncher-10.0.9.jar%2353!/:?]
	at cpw.mods.modlauncher.Launcher.run(Launcher.java:108) ~[modlauncher-10.0.9.jar%2353!/:?]
	at cpw.mods.modlauncher.Launcher.main(Launcher.java:78) ~[modlauncher-10.0.9.jar%2353!/:?]
	at cpw.mods.modlauncher.BootstrapLaunchConsumer.accept(BootstrapLaunchConsumer.java:26) ~[modlauncher-10.0.9.jar%2353!/:?]
	at cpw.mods.modlauncher.BootstrapLaunchConsumer.accept(BootstrapLaunchConsumer.java:23) ~[modlauncher-10.0.9.jar%2353!/:?]
	at cpw.mods.bootstraplauncher.BootstrapLauncher.main(BootstrapLauncher.java:141) ~[bootstraplauncher-1.1.2.jar:?]
[14Oct2025 20:13:16.681] [main/ERROR] [net.minecraft.world.item.crafting.RecipeManager/]: Parsing error loading recipe iter_rpg:packed_snow_cut_wall
com.google.gson.JsonSyntaxException: Unknown item 'iter_rpg:packed_snow'
	at net.minecraft.world.item.crafting.ShapedRecipe.m_151280_(ShapedRecipe.java:292) ~[server-1.20.1-20230612.114412-srg.jar%23231!/:?]
	at java.util.Optional.orElseThrow(Optional.java:403) ~[?:?]
	at net.minecraft.world.item.crafting.ShapedRecipe.m_151278_(ShapedRecipe.java:291) ~[server-1.20.1-20230612.114412-srg.jar%23231!/:?]
	at net.minecraft.world.item.crafting.Ingredient.m_43919_(Ingredient.java:219) ~[server-1.20.1-20230612.114412-srg.jar%23231!/:?]
	at net.minecraftforge.common.crafting.VanillaIngredientSerializer.parse(VanillaIngredientSerializer.java:27) ~[forge-1.20.1-47.3.0-universal.jar%23236!/:?]
	at net.minecraftforge.common.crafting.CraftingHelper.getIngredient(CraftingHelper.java:148) ~[forge-1.20.1-47.3.0-universal.jar%23236!/:?]
	at net.minecraft.world.item.crafting.Ingredient.m_288218_(Ingredient.java:194) ~[server-1.20.1-20230612.114412-srg.jar%23231!/:?]
	at net.minecraft.world.item.crafting.SingleItemRecipe$Serializer.m_6729_(SingleItemRecipe.java:91) ~[server-1.20.1-20230612.114412-srg.jar%23231!/:?]
	at net.minecraft.world.item.crafting.SingleItemRecipe$Serializer.m_6729_(SingleItemRecipe.java:72) ~[server-1.20.1-20230612.114412-srg.jar%23231!/:?]
	at net.minecraftforge.common.extensions.IForgeRecipeSerializer.fromJson(IForgeRecipeSerializer.java:23) ~[forge-1.20.1-47.3.0-universal.jar%23236!/:?]
	at net.minecraft.world.item.crafting.RecipeManager.fromJson(RecipeManager.java:171) ~[server-1.20.1-20230612.114412-srg.jar%23231!/:?]
	at net.minecraft.world.item.crafting.RecipeManager.m_5787_(RecipeManager.java:67) ~[server-1.20.1-20230612.114412-srg.jar%23231!/:?]
	at net.minecraft.world.item.crafting.RecipeManager.m_5787_(RecipeManager.java:34) ~[server-1.20.1-20230612.114412-srg.jar%23231!/:?]
	at net.minecraft.server.packs.resources.SimplePreparableReloadListener.m_10789_(SimplePreparableReloadListener.java:13) ~[server-1.20.1-20230612.114412-srg.jar%23231!/:?]
	at java.util.concurrent.CompletableFuture$UniAccept.tryFire(CompletableFuture.java:718) ~[?:?]
	at java.util.concurrent.CompletableFuture$Completion.run(CompletableFuture.java:482) ~[?:?]
	at net.minecraft.server.packs.resources.SimpleReloadInstance.m_143940_(SimpleReloadInstance.java:69) ~[server-1.20.1-20230612.114412-srg.jar%23231!/:?]
	at net.minecraft.Util.m_214652_(Util.java:783) ~[server-1.20.1-20230612.114412-srg.jar%23231!/:?]
	at net.minecraft.Util.m_214679_(Util.java:772) ~[server-1.20.1-20230612.114412-srg.jar%23231!/:?]
	at net.minecraft.server.Main.main(Main.java:166) ~[server-1.20.1-20230612.114412-srg.jar%23231!/:?]
	at jdk.internal.reflect.NativeMethodAccessorImpl.invoke0(Native Method) ~[?:?]
	at jdk.internal.reflect.NativeMethodAccessorImpl.invoke(NativeMethodAccessorImpl.java:77) ~[?:?]
	at jdk.internal.reflect.DelegatingMethodAccessorImpl.invoke(DelegatingMethodAccessorImpl.java:43) ~[?:?]
	at java.lang.reflect.Method.invoke(Method.java:569) ~[?:?]
	at net.minecraftforge.fml.loading.targets.CommonLaunchHandler.runTarget(CommonLaunchHandler.java:111) ~[fmlloader-1.20.1-47.3.0.jar%2367!/:?]
	at net.minecraftforge.fml.loading.targets.CommonLaunchHandler.serverService(CommonLaunchHandler.java:103) ~[fmlloader-1.20.1-47.3.0.jar%2367!/:?]
	at net.minecraftforge.fml.loading.targets.CommonServerLaunchHandler.lambda$makeService$0(CommonServerLaunchHandler.java:27) ~[fmlloader-1.20.1-47.3.0.jar%2367!/:?]
	at cpw.mods.modlauncher.LaunchServiceHandlerDecorator.launch(LaunchServiceHandlerDecorator.java:30) ~[modlauncher-10.0.9.jar%2353!/:?]
	at cpw.mods.modlauncher.LaunchServiceHandler.launch(LaunchServiceHandler.java:53) ~[modlauncher-10.0.9.jar%2353!/:?]
	at cpw.mods.modlauncher.LaunchServiceHandler.launch(LaunchServiceHandler.java:71) ~[modlauncher-10.0.9.jar%2353!/:?]
	at cpw.mods.modlauncher.Launcher.run(Launcher.java:108) ~[modlauncher-10.0.9.jar%2353!/:?]
	at cpw.mods.modlauncher.Launcher.main(Launcher.java:78) ~[modlauncher-10.0.9.jar%2353!/:?]
	at cpw.mods.modlauncher.BootstrapLaunchConsumer.accept(BootstrapLaunchConsumer.java:26) ~[modlauncher-10.0.9.jar%2353!/:?]
	at cpw.mods.modlauncher.BootstrapLaunchConsumer.accept(BootstrapLaunchConsumer.java:23) ~[modlauncher-10.0.9.jar%2353!/:?]
	at cpw.mods.bootstraplauncher.BootstrapLauncher.main(BootstrapLauncher.java:141) ~[bootstraplauncher-1.1.2.jar:?]
[14Oct2025 20:13:16.687] [main/ERROR] [net.minecraft.world.item.crafting.RecipeManager/]: Parsing error loading recipe iter_rpg:smooth_ice_bricks_cut_ornate
com.google.gson.JsonSyntaxException: Unknown item 'iter_rpg:ice_bricks'
	at net.minecraft.world.item.crafting.ShapedRecipe.m_151280_(ShapedRecipe.java:292) ~[server-1.20.1-20230612.114412-srg.jar%23231!/:?]
	at java.util.Optional.orElseThrow(Optional.java:403) ~[?:?]
	at net.minecraft.world.item.crafting.ShapedRecipe.m_151278_(ShapedRecipe.java:291) ~[server-1.20.1-20230612.114412-srg.jar%23231!/:?]
	at net.minecraft.world.item.crafting.Ingredient.m_43919_(Ingredient.java:219) ~[server-1.20.1-20230612.114412-srg.jar%23231!/:?]
	at net.minecraftforge.common.crafting.VanillaIngredientSerializer.parse(VanillaIngredientSerializer.java:27) ~[forge-1.20.1-47.3.0-universal.jar%23236!/:?]
	at net.minecraftforge.common.crafting.CraftingHelper.getIngredient(CraftingHelper.java:148) ~[forge-1.20.1-47.3.0-universal.jar%23236!/:?]
	at net.minecraft.world.item.crafting.Ingredient.m_288218_(Ingredient.java:194) ~[server-1.20.1-20230612.114412-srg.jar%23231!/:?]
	at net.minecraft.world.item.crafting.SingleItemRecipe$Serializer.m_6729_(SingleItemRecipe.java:91) ~[server-1.20.1-20230612.114412-srg.jar%23231!/:?]
	at net.minecraft.world.item.crafting.SingleItemRecipe$Serializer.m_6729_(SingleItemRecipe.java:72) ~[server-1.20.1-20230612.114412-srg.jar%23231!/:?]
	at net.minecraftforge.common.extensions.IForgeRecipeSerializer.fromJson(IForgeRecipeSerializer.java:23) ~[forge-1.20.1-47.3.0-universal.jar%23236!/:?]
	at net.minecraft.world.item.crafting.RecipeManager.fromJson(RecipeManager.java:171) ~[server-1.20.1-20230612.114412-srg.jar%23231!/:?]
	at net.minecraft.world.item.crafting.RecipeManager.m_5787_(RecipeManager.java:67) ~[server-1.20.1-20230612.114412-srg.jar%23231!/:?]
	at net.minecraft.world.item.crafting.RecipeManager.m_5787_(RecipeManager.java:34) ~[server-1.20.1-20230612.114412-srg.jar%23231!/:?]
	at net.minecraft.server.packs.resources.SimplePreparableReloadListener.m_10789_(SimplePreparableReloadListener.java:13) ~[server-1.20.1-20230612.114412-srg.jar%23231!/:?]
	at java.util.concurrent.CompletableFuture$UniAccept.tryFire(CompletableFuture.java:718) ~[?:?]
	at java.util.concurrent.CompletableFuture$Completion.run(CompletableFuture.java:482) ~[?:?]
	at net.minecraft.server.packs.resources.SimpleReloadInstance.m_143940_(SimpleReloadInstance.java:69) ~[server-1.20.1-20230612.114412-srg.jar%23231!/:?]
	at net.minecraft.Util.m_214652_(Util.java:783) ~[server-1.20.1-20230612.114412-srg.jar%23231!/:?]
	at net.minecraft.Util.m_214679_(Util.java:772) ~[server-1.20.1-20230612.114412-srg.jar%23231!/:?]
	at net.minecraft.server.Main.main(Main.java:166) ~[server-1.20.1-20230612.114412-srg.jar%23231!/:?]
	at jdk.internal.reflect.NativeMethodAccessorImpl.invoke0(Native Method) ~[?:?]
	at jdk.internal.reflect.NativeMethodAccessorImpl.invoke(NativeMethodAccessorImpl.java:77) ~[?:?]
	at jdk.internal.reflect.DelegatingMethodAccessorImpl.invoke(DelegatingMethodAccessorImpl.java:43) ~[?:?]
	at java.lang.reflect.Method.invoke(Method.java:569) ~[?:?]
	at net.minecraftforge.fml.loading.targets.CommonLaunchHandler.runTarget(CommonLaunchHandler.java:111) ~[fmlloader-1.20.1-47.3.0.jar%2367!/:?]
	at net.minecraftforge.fml.loading.targets.CommonLaunchHandler.serverService(CommonLaunchHandler.java:103) ~[fmlloader-1.20.1-47.3.0.jar%2367!/:?]
	at net.minecraftforge.fml.loading.targets.CommonServerLaunchHandler.lambda$makeService$0(CommonServerLaunchHandler.java:27) ~[fmlloader-1.20.1-47.3.0.jar%2367!/:?]
	at cpw.mods.modlauncher.LaunchServiceHandlerDecorator.launch(LaunchServiceHandlerDecorator.java:30) ~[modlauncher-10.0.9.jar%2353!/:?]
	at cpw.mods.modlauncher.LaunchServiceHandler.launch(LaunchServiceHandler.java:53) ~[modlauncher-10.0.9.jar%2353!/:?]
	at cpw.mods.modlauncher.LaunchServiceHandler.launch(LaunchServiceHandler.java:71) ~[modlauncher-10.0.9.jar%2353!/:?]
	at cpw.mods.modlauncher.Launcher.run(Launcher.java:108) ~[modlauncher-10.0.9.jar%2353!/:?]
	at cpw.mods.modlauncher.Launcher.main(Launcher.java:78) ~[modlauncher-10.0.9.jar%2353!/:?]
	at cpw.mods.modlauncher.BootstrapLaunchConsumer.accept(BootstrapLaunchConsumer.java:26) ~[modlauncher-10.0.9.jar%2353!/:?]
	at cpw.mods.modlauncher.BootstrapLaunchConsumer.accept(BootstrapLaunchConsumer.java:23) ~[modlauncher-10.0.9.jar%2353!/:?]
	at cpw.mods.bootstraplauncher.BootstrapLauncher.main(BootstrapLauncher.java:141) ~[bootstraplauncher-1.1.2.jar:?]
[14Oct2025 20:13:16.698] [main/ERROR] [net.minecraft.world.item.crafting.RecipeManager/]: Parsing error loading recipe iter_rpg:packed_snow_cut_slab_bricks
com.google.gson.JsonSyntaxException: Unknown item 'iter_rpg:packed_snow'
	at net.minecraft.world.item.crafting.ShapedRecipe.m_151280_(ShapedRecipe.java:292) ~[server-1.20.1-20230612.114412-srg.jar%23231!/:?]
	at java.util.Optional.orElseThrow(Optional.java:403) ~[?:?]
	at net.minecraft.world.item.crafting.ShapedRecipe.m_151278_(ShapedRecipe.java:291) ~[server-1.20.1-20230612.114412-srg.jar%23231!/:?]
	at net.minecraft.world.item.crafting.Ingredient.m_43919_(Ingredient.java:219) ~[server-1.20.1-20230612.114412-srg.jar%23231!/:?]
	at net.minecraftforge.common.crafting.VanillaIngredientSerializer.parse(VanillaIngredientSerializer.java:27) ~[forge-1.20.1-47.3.0-universal.jar%23236!/:?]
	at net.minecraftforge.common.crafting.CraftingHelper.getIngredient(CraftingHelper.java:148) ~[forge-1.20.1-47.3.0-universal.jar%23236!/:?]
	at net.minecraft.world.item.crafting.Ingredient.m_288218_(Ingredient.java:194) ~[server-1.20.1-20230612.114412-srg.jar%23231!/:?]
	at net.minecraft.world.item.crafting.SingleItemRecipe$Serializer.m_6729_(SingleItemRecipe.java:91) ~[server-1.20.1-20230612.114412-srg.jar%23231!/:?]
	at net.minecraft.world.item.crafting.SingleItemRecipe$Serializer.m_6729_(SingleItemRecipe.java:72) ~[server-1.20.1-20230612.114412-srg.jar%23231!/:?]
	at net.minecraftforge.common.extensions.IForgeRecipeSerializer.fromJson(IForgeRecipeSerializer.java:23) ~[forge-1.20.1-47.3.0-universal.jar%23236!/:?]
	at net.minecraft.world.item.crafting.RecipeManager.fromJson(RecipeManager.java:171) ~[server-1.20.1-20230612.114412-srg.jar%23231!/:?]
	at net.minecraft.world.item.crafting.RecipeManager.m_5787_(RecipeManager.java:67) ~[server-1.20.1-20230612.114412-srg.jar%23231!/:?]
	at net.minecraft.world.item.crafting.RecipeManager.m_5787_(RecipeManager.java:34) ~[server-1.20.1-20230612.114412-srg.jar%23231!/:?]
	at net.minecraft.server.packs.resources.SimplePreparableReloadListener.m_10789_(SimplePreparableReloadListener.java:13) ~[server-1.20.1-20230612.114412-srg.jar%23231!/:?]
	at java.util.concurrent.CompletableFuture$UniAccept.tryFire(CompletableFuture.java:718) ~[?:?]
	at java.util.concurrent.CompletableFuture$Completion.run(CompletableFuture.java:482) ~[?:?]
	at net.minecraft.server.packs.resources.SimpleReloadInstance.m_143940_(SimpleReloadInstance.java:69) ~[server-1.20.1-20230612.114412-srg.jar%23231!/:?]
	at net.minecraft.Util.m_214652_(Util.java:783) ~[server-1.20.1-20230612.114412-srg.jar%23231!/:?]
	at net.minecraft.Util.m_214679_(Util.java:772) ~[server-1.20.1-20230612.114412-srg.jar%23231!/:?]
	at net.minecraft.server.Main.main(Main.java:166) ~[server-1.20.1-20230612.114412-srg.jar%23231!/:?]
	at jdk.internal.reflect.NativeMethodAccessorImpl.invoke0(Native Method) ~[?:?]
	at jdk.internal.reflect.NativeMethodAccessorImpl.invoke(NativeMethodAccessorImpl.java:77) ~[?:?]
	at jdk.internal.reflect.DelegatingMethodAccessorImpl.invoke(DelegatingMethodAccessorImpl.java:43) ~[?:?]
	at java.lang.reflect.Method.invoke(Method.java:569) ~[?:?]
	at net.minecraftforge.fml.loading.targets.CommonLaunchHandler.runTarget(CommonLaunchHandler.java:111) ~[fmlloader-1.20.1-47.3.0.jar%2367!/:?]
	at net.minecraftforge.fml.loading.targets.CommonLaunchHandler.serverService(CommonLaunchHandler.java:103) ~[fmlloader-1.20.1-47.3.0.jar%2367!/:?]
	at net.minecraftforge.fml.loading.targets.CommonServerLaunchHandler.lambda$makeService$0(CommonServerLaunchHandler.java:27) ~[fmlloader-1.20.1-47.3.0.jar%2367!/:?]
	at cpw.mods.modlauncher.LaunchServiceHandlerDecorator.launch(LaunchServiceHandlerDecorator.java:30) ~[modlauncher-10.0.9.jar%2353!/:?]
	at cpw.mods.modlauncher.LaunchServiceHandler.launch(LaunchServiceHandler.java:53) ~[modlauncher-10.0.9.jar%2353!/:?]
	at cpw.mods.modlauncher.LaunchServiceHandler.launch(LaunchServiceHandler.java:71) ~[modlauncher-10.0.9.jar%2353!/:?]
	at cpw.mods.modlauncher.Launcher.run(Launcher.java:108) ~[modlauncher-10.0.9.jar%2353!/:?]
	at cpw.mods.modlauncher.Launcher.main(Launcher.java:78) ~[modlauncher-10.0.9.jar%2353!/:?]
	at cpw.mods.modlauncher.BootstrapLaunchConsumer.accept(BootstrapLaunchConsumer.java:26) ~[modlauncher-10.0.9.jar%2353!/:?]
	at cpw.mods.modlauncher.BootstrapLaunchConsumer.accept(BootstrapLaunchConsumer.java:23) ~[modlauncher-10.0.9.jar%2353!/:?]
	at cpw.mods.bootstraplauncher.BootstrapLauncher.main(BootstrapLauncher.java:141) ~[bootstraplauncher-1.1.2.jar:?]
[14Oct2025 20:13:16.704] [main/ERROR] [net.minecraft.world.item.crafting.RecipeManager/]: Parsing error loading recipe iter_rpg:smooth_ice_cut_slab_bricks
com.google.gson.JsonSyntaxException: Unknown item 'iter_rpg:smooth_ice'
	at net.minecraft.world.item.crafting.ShapedRecipe.m_151280_(ShapedRecipe.java:292) ~[server-1.20.1-20230612.114412-srg.jar%23231!/:?]
	at java.util.Optional.orElseThrow(Optional.java:403) ~[?:?]
	at net.minecraft.world.item.crafting.ShapedRecipe.m_151278_(ShapedRecipe.java:291) ~[server-1.20.1-20230612.114412-srg.jar%23231!/:?]
	at net.minecraft.world.item.crafting.Ingredient.m_43919_(Ingredient.java:219) ~[server-1.20.1-20230612.114412-srg.jar%23231!/:?]
	at net.minecraftforge.common.crafting.VanillaIngredientSerializer.parse(VanillaIngredientSerializer.java:27) ~[forge-1.20.1-47.3.0-universal.jar%23236!/:?]
	at net.minecraftforge.common.crafting.CraftingHelper.getIngredient(CraftingHelper.java:148) ~[forge-1.20.1-47.3.0-universal.jar%23236!/:?]
	at net.minecraft.world.item.crafting.Ingredient.m_288218_(Ingredient.java:194) ~[server-1.20.1-20230612.114412-srg.jar%23231!/:?]
	at net.minecraft.world.item.crafting.SingleItemRecipe$Serializer.m_6729_(SingleItemRecipe.java:91) ~[server-1.20.1-20230612.114412-srg.jar%23231!/:?]
	at net.minecraft.world.item.crafting.SingleItemRecipe$Serializer.m_6729_(SingleItemRecipe.java:72) ~[server-1.20.1-20230612.114412-srg.jar%23231!/:?]
	at net.minecraftforge.common.extensions.IForgeRecipeSerializer.fromJson(IForgeRecipeSerializer.java:23) ~[forge-1.20.1-47.3.0-universal.jar%23236!/:?]
	at net.minecraft.world.item.crafting.RecipeManager.fromJson(RecipeManager.java:171) ~[server-1.20.1-20230612.114412-srg.jar%23231!/:?]
	at net.minecraft.world.item.crafting.RecipeManager.m_5787_(RecipeManager.java:67) ~[server-1.20.1-20230612.114412-srg.jar%23231!/:?]
	at net.minecraft.world.item.crafting.RecipeManager.m_5787_(RecipeManager.java:34) ~[server-1.20.1-20230612.114412-srg.jar%23231!/:?]
	at net.minecraft.server.packs.resources.SimplePreparableReloadListener.m_10789_(SimplePreparableReloadListener.java:13) ~[server-1.20.1-20230612.114412-srg.jar%23231!/:?]
	at java.util.concurrent.CompletableFuture$UniAccept.tryFire(CompletableFuture.java:718) ~[?:?]
	at java.util.concurrent.CompletableFuture$Completion.run(CompletableFuture.java:482) ~[?:?]
	at net.minecraft.server.packs.resources.SimpleReloadInstance.m_143940_(SimpleReloadInstance.java:69) ~[server-1.20.1-20230612.114412-srg.jar%23231!/:?]
	at net.minecraft.Util.m_214652_(Util.java:783) ~[server-1.20.1-20230612.114412-srg.jar%23231!/:?]
	at net.minecraft.Util.m_214679_(Util.java:772) ~[server-1.20.1-20230612.114412-srg.jar%23231!/:?]
	at net.minecraft.server.Main.main(Main.java:166) ~[server-1.20.1-20230612.114412-srg.jar%23231!/:?]
	at jdk.internal.reflect.NativeMethodAccessorImpl.invoke0(Native Method) ~[?:?]
	at jdk.internal.reflect.NativeMethodAccessorImpl.invoke(NativeMethodAccessorImpl.java:77) ~[?:?]
	at jdk.internal.reflect.DelegatingMethodAccessorImpl.invoke(DelegatingMethodAccessorImpl.java:43) ~[?:?]
	at java.lang.reflect.Method.invoke(Method.java:569) ~[?:?]
	at net.minecraftforge.fml.loading.targets.CommonLaunchHandler.runTarget(CommonLaunchHandler.java:111) ~[fmlloader-1.20.1-47.3.0.jar%2367!/:?]
	at net.minecraftforge.fml.loading.targets.CommonLaunchHandler.serverService(CommonLaunchHandler.java:103) ~[fmlloader-1.20.1-47.3.0.jar%2367!/:?]
	at net.minecraftforge.fml.loading.targets.CommonServerLaunchHandler.lambda$makeService$0(CommonServerLaunchHandler.java:27) ~[fmlloader-1.20.1-47.3.0.jar%2367!/:?]
	at cpw.mods.modlauncher.LaunchServiceHandlerDecorator.launch(LaunchServiceHandlerDecorator.java:30) ~[modlauncher-10.0.9.jar%2353!/:?]
	at cpw.mods.modlauncher.LaunchServiceHandler.launch(LaunchServiceHandler.java:53) ~[modlauncher-10.0.9.jar%2353!/:?]
	at cpw.mods.modlauncher.LaunchServiceHandler.launch(LaunchServiceHandler.java:71) ~[modlauncher-10.0.9.jar%2353!/:?]
	at cpw.mods.modlauncher.Launcher.run(Launcher.java:108) ~[modlauncher-10.0.9.jar%2353!/:?]
	at cpw.mods.modlauncher.Launcher.main(Launcher.java:78) ~[modlauncher-10.0.9.jar%2353!/:?]
	at cpw.mods.modlauncher.BootstrapLaunchConsumer.accept(BootstrapLaunchConsumer.java:26) ~[modlauncher-10.0.9.jar%2353!/:?]
	at cpw.mods.modlauncher.BootstrapLaunchConsumer.accept(BootstrapLaunchConsumer.java:23) ~[modlauncher-10.0.9.jar%2353!/:?]
	at cpw.mods.bootstraplauncher.BootstrapLauncher.main(BootstrapLauncher.java:141) ~[bootstraplauncher-1.1.2.jar:?]
[14Oct2025 20:13:16.706] [main/ERROR] [net.minecraft.world.item.crafting.RecipeManager/]: Parsing error loading recipe netherdungeons:crafting/chiseled_polished_gilded_blackstone
com.google.gson.JsonSyntaxException: Unknown item 'netherdungeons:polished_gilded_blackstone_slab'
	at net.minecraft.world.item.crafting.ShapedRecipe.m_151280_(ShapedRecipe.java:292) ~[server-1.20.1-20230612.114412-srg.jar%23231!/:?]
	at java.util.Optional.orElseThrow(Optional.java:403) ~[?:?]
	at net.minecraft.world.item.crafting.ShapedRecipe.m_151278_(ShapedRecipe.java:291) ~[server-1.20.1-20230612.114412-srg.jar%23231!/:?]
	at net.minecraft.world.item.crafting.Ingredient.m_43919_(Ingredient.java:219) ~[server-1.20.1-20230612.114412-srg.jar%23231!/:?]
	at net.minecraftforge.common.crafting.VanillaIngredientSerializer.parse(VanillaIngredientSerializer.java:27) ~[forge-1.20.1-47.3.0-universal.jar%23236!/:?]
	at net.minecraftforge.common.crafting.CraftingHelper.getIngredient(CraftingHelper.java:148) ~[forge-1.20.1-47.3.0-universal.jar%23236!/:?]
	at net.minecraft.world.item.crafting.Ingredient.m_288218_(Ingredient.java:194) ~[server-1.20.1-20230612.114412-srg.jar%23231!/:?]
	at net.minecraft.world.item.crafting.ShapedRecipe.m_44210_(ShapedRecipe.java:278) ~[server-1.20.1-20230612.114412-srg.jar%23231!/:?]
	at net.minecraft.world.item.crafting.ShapedRecipe$Serializer.m_6729_(ShapedRecipe.java:306) ~[server-1.20.1-20230612.114412-srg.jar%23231!/:?]
	at net.minecraft.world.item.crafting.ShapedRecipe$Serializer.m_6729_(ShapedRecipe.java:301) ~[server-1.20.1-20230612.114412-srg.jar%23231!/:?]
	at net.minecraftforge.common.extensions.IForgeRecipeSerializer.fromJson(IForgeRecipeSerializer.java:23) ~[forge-1.20.1-47.3.0-universal.jar%23236!/:?]
	at net.minecraft.world.item.crafting.RecipeManager.fromJson(RecipeManager.java:171) ~[server-1.20.1-20230612.114412-srg.jar%23231!/:?]
	at net.minecraft.world.item.crafting.RecipeManager.m_5787_(RecipeManager.java:67) ~[server-1.20.1-20230612.114412-srg.jar%23231!/:?]
	at net.minecraft.world.item.crafting.RecipeManager.m_5787_(RecipeManager.java:34) ~[server-1.20.1-20230612.114412-srg.jar%23231!/:?]
	at net.minecraft.server.packs.resources.SimplePreparableReloadListener.m_10789_(SimplePreparableReloadListener.java:13) ~[server-1.20.1-20230612.114412-srg.jar%23231!/:?]
	at java.util.concurrent.CompletableFuture$UniAccept.tryFire(CompletableFuture.java:718) ~[?:?]
	at java.util.concurrent.CompletableFuture$Completion.run(CompletableFuture.java:482) ~[?:?]
	at net.minecraft.server.packs.resources.SimpleReloadInstance.m_143940_(SimpleReloadInstance.java:69) ~[server-1.20.1-20230612.114412-srg.jar%23231!/:?]
	at net.minecraft.Util.m_214652_(Util.java:783) ~[server-1.20.1-20230612.114412-srg.jar%23231!/:?]
	at net.minecraft.Util.m_214679_(Util.java:772) ~[server-1.20.1-20230612.114412-srg.jar%23231!/:?]
	at net.minecraft.server.Main.main(Main.java:166) ~[server-1.20.1-20230612.114412-srg.jar%23231!/:?]
	at jdk.internal.reflect.NativeMethodAccessorImpl.invoke0(Native Method) ~[?:?]
	at jdk.internal.reflect.NativeMethodAccessorImpl.invoke(NativeMethodAccessorImpl.java:77) ~[?:?]
	at jdk.internal.reflect.DelegatingMethodAccessorImpl.invoke(DelegatingMethodAccessorImpl.java:43) ~[?:?]
	at java.lang.reflect.Method.invoke(Method.java:569) ~[?:?]
	at net.minecraftforge.fml.loading.targets.CommonLaunchHandler.runTarget(CommonLaunchHandler.java:111) ~[fmlloader-1.20.1-47.3.0.jar%2367!/:?]
	at net.minecraftforge.fml.loading.targets.CommonLaunchHandler.serverService(CommonLaunchHandler.java:103) ~[fmlloader-1.20.1-47.3.0.jar%2367!/:?]
	at net.minecraftforge.fml.loading.targets.CommonServerLaunchHandler.lambda$makeService$0(CommonServerLaunchHandler.java:27) ~[fmlloader-1.20.1-47.3.0.jar%2367!/:?]
	at cpw.mods.modlauncher.LaunchServiceHandlerDecorator.launch(LaunchServiceHandlerDecorator.java:30) ~[modlauncher-10.0.9.jar%2353!/:?]
	at cpw.mods.modlauncher.LaunchServiceHandler.launch(LaunchServiceHandler.java:53) ~[modlauncher-10.0.9.jar%2353!/:?]
	at cpw.mods.modlauncher.LaunchServiceHandler.launch(LaunchServiceHandler.java:71) ~[modlauncher-10.0.9.jar%2353!/:?]
	at cpw.mods.modlauncher.Launcher.run(Launcher.java:108) ~[modlauncher-10.0.9.jar%2353!/:?]
	at cpw.mods.modlauncher.Launcher.main(Launcher.java:78) ~[modlauncher-10.0.9.jar%2353!/:?]
	at cpw.mods.modlauncher.BootstrapLaunchConsumer.accept(BootstrapLaunchConsumer.java:26) ~[modlauncher-10.0.9.jar%2353!/:?]
	at cpw.mods.modlauncher.BootstrapLaunchConsumer.accept(BootstrapLaunchConsumer.java:23) ~[modlauncher-10.0.9.jar%2353!/:?]
	at cpw.mods.bootstraplauncher.BootstrapLauncher.main(BootstrapLauncher.java:141) ~[bootstraplauncher-1.1.2.jar:?]
[14Oct2025 20:13:16.708] [main/INFO] [net.minecraft.world.item.crafting.RecipeManager/]: Skipping loading recipe grimoireofgaia:gaiapedia as it's serializer returned null
[14Oct2025 20:13:16.712] [main/ERROR] [net.minecraft.world.item.crafting.RecipeManager/]: Parsing error loading recipe forbidden_arcanus:edelwood_fence_gate
com.google.gson.JsonParseException: An ingredient entry needs either a tag or an item
	at net.minecraft.world.item.crafting.Ingredient.m_43919_(Ingredient.java:226) ~[server-1.20.1-20230612.114412-srg.jar%23231!/:?]
	at net.minecraftforge.common.crafting.VanillaIngredientSerializer.parse(VanillaIngredientSerializer.java:27) ~[forge-1.20.1-47.3.0-universal.jar%23236!/:?]
	at net.minecraftforge.common.crafting.CraftingHelper.getIngredient(CraftingHelper.java:148) ~[forge-1.20.1-47.3.0-universal.jar%23236!/:?]
	at net.minecraft.world.item.crafting.Ingredient.m_288218_(Ingredient.java:194) ~[server-1.20.1-20230612.114412-srg.jar%23231!/:?]
	at net.minecraft.world.item.crafting.ShapedRecipe.m_44210_(ShapedRecipe.java:278) ~[server-1.20.1-20230612.114412-srg.jar%23231!/:?]
	at net.minecraft.world.item.crafting.ShapedRecipe$Serializer.m_6729_(ShapedRecipe.java:306) ~[server-1.20.1-20230612.114412-srg.jar%23231!/:?]
	at net.minecraft.world.item.crafting.ShapedRecipe$Serializer.m_6729_(ShapedRecipe.java:301) ~[server-1.20.1-20230612.114412-srg.jar%23231!/:?]
	at net.minecraftforge.common.extensions.IForgeRecipeSerializer.fromJson(IForgeRecipeSerializer.java:23) ~[forge-1.20.1-47.3.0-universal.jar%23236!/:?]
	at net.minecraft.world.item.crafting.RecipeManager.fromJson(RecipeManager.java:171) ~[server-1.20.1-20230612.114412-srg.jar%23231!/:?]
	at net.minecraft.world.item.crafting.RecipeManager.m_5787_(RecipeManager.java:67) ~[server-1.20.1-20230612.114412-srg.jar%23231!/:?]
	at net.minecraft.world.item.crafting.RecipeManager.m_5787_(RecipeManager.java:34) ~[server-1.20.1-20230612.114412-srg.jar%23231!/:?]
	at net.minecraft.server.packs.resources.SimplePreparableReloadListener.m_10789_(SimplePreparableReloadListener.java:13) ~[server-1.20.1-20230612.114412-srg.jar%23231!/:?]
	at java.util.concurrent.CompletableFuture$UniAccept.tryFire(CompletableFuture.java:718) ~[?:?]
	at java.util.concurrent.CompletableFuture$Completion.run(CompletableFuture.java:482) ~[?:?]
	at net.minecraft.server.packs.resources.SimpleReloadInstance.m_143940_(SimpleReloadInstance.java:69) ~[server-1.20.1-20230612.114412-srg.jar%23231!/:?]
	at net.minecraft.Util.m_214652_(Util.java:783) ~[server-1.20.1-20230612.114412-srg.jar%23231!/:?]
	at net.minecraft.Util.m_214679_(Util.java:772) ~[server-1.20.1-20230612.114412-srg.jar%23231!/:?]
	at net.minecraft.server.Main.main(Main.java:166) ~[server-1.20.1-20230612.114412-srg.jar%23231!/:?]
	at jdk.internal.reflect.NativeMethodAccessorImpl.invoke0(Native Method) ~[?:?]
	at jdk.internal.reflect.NativeMethodAccessorImpl.invoke(NativeMethodAccessorImpl.java:77) ~[?:?]
	at jdk.internal.reflect.DelegatingMethodAccessorImpl.invoke(DelegatingMethodAccessorImpl.java:43) ~[?:?]
	at java.lang.reflect.Method.invoke(Method.java:569) ~[?:?]
	at net.minecraftforge.fml.loading.targets.CommonLaunchHandler.runTarget(CommonLaunchHandler.java:111) ~[fmlloader-1.20.1-47.3.0.jar%2367!/:?]
	at net.minecraftforge.fml.loading.targets.CommonLaunchHandler.serverService(CommonLaunchHandler.java:103) ~[fmlloader-1.20.1-47.3.0.jar%2367!/:?]
	at net.minecraftforge.fml.loading.targets.CommonServerLaunchHandler.lambda$makeService$0(CommonServerLaunchHandler.java:27) ~[fmlloader-1.20.1-47.3.0.jar%2367!/:?]
	at cpw.mods.modlauncher.LaunchServiceHandlerDecorator.launch(LaunchServiceHandlerDecorator.java:30) ~[modlauncher-10.0.9.jar%2353!/:?]
	at cpw.mods.modlauncher.LaunchServiceHandler.launch(LaunchServiceHandler.java:53) ~[modlauncher-10.0.9.jar%2353!/:?]
	at cpw.mods.modlauncher.LaunchServiceHandler.launch(LaunchServiceHandler.java:71) ~[modlauncher-10.0.9.jar%2353!/:?]
	at cpw.mods.modlauncher.Launcher.run(Launcher.java:108) ~[modlauncher-10.0.9.jar%2353!/:?]
	at cpw.mods.modlauncher.Launcher.main(Launcher.java:78) ~[modlauncher-10.0.9.jar%2353!/:?]
	at cpw.mods.modlauncher.BootstrapLaunchConsumer.accept(BootstrapLaunchConsumer.java:26) ~[modlauncher-10.0.9.jar%2353!/:?]
	at cpw.mods.modlauncher.BootstrapLaunchConsumer.accept(BootstrapLaunchConsumer.java:23) ~[modlauncher-10.0.9.jar%2353!/:?]
	at cpw.mods.bootstraplauncher.BootstrapLauncher.main(BootstrapLauncher.java:141) ~[bootstraplauncher-1.1.2.jar:?]
[14Oct2025 20:13:16.714] [main/ERROR] [net.minecraft.world.item.crafting.RecipeManager/]: Parsing error loading recipe naturalist:frontier_cap
com.google.gson.JsonSyntaxException: Invalid or unsupported recipe type 'forge:mod_loaded'
	at net.minecraft.world.item.crafting.RecipeManager.m_220253_(RecipeManager.java:170) ~[server-1.20.1-20230612.114412-srg.jar%23231!/:?]
	at java.util.Optional.orElseThrow(Optional.java:403) ~[?:?]
	at net.minecraft.world.item.crafting.RecipeManager.fromJson(RecipeManager.java:169) ~[server-1.20.1-20230612.114412-srg.jar%23231!/:?]
	at net.minecraft.world.item.crafting.RecipeManager.m_5787_(RecipeManager.java:67) ~[server-1.20.1-20230612.114412-srg.jar%23231!/:?]
	at net.minecraft.world.item.crafting.RecipeManager.m_5787_(RecipeManager.java:34) ~[server-1.20.1-20230612.114412-srg.jar%23231!/:?]
	at net.minecraft.server.packs.resources.SimplePreparableReloadListener.m_10789_(SimplePreparableReloadListener.java:13) ~[server-1.20.1-20230612.114412-srg.jar%23231!/:?]
	at java.util.concurrent.CompletableFuture$UniAccept.tryFire(CompletableFuture.java:718) ~[?:?]
	at java.util.concurrent.CompletableFuture$Completion.run(CompletableFuture.java:482) ~[?:?]
	at net.minecraft.server.packs.resources.SimpleReloadInstance.m_143940_(SimpleReloadInstance.java:69) ~[server-1.20.1-20230612.114412-srg.jar%23231!/:?]
	at net.minecraft.Util.m_214652_(Util.java:783) ~[server-1.20.1-20230612.114412-srg.jar%23231!/:?]
	at net.minecraft.Util.m_214679_(Util.java:772) ~[server-1.20.1-20230612.114412-srg.jar%23231!/:?]
	at net.minecraft.server.Main.main(Main.java:166) ~[server-1.20.1-20230612.114412-srg.jar%23231!/:?]
	at jdk.internal.reflect.NativeMethodAccessorImpl.invoke0(Native Method) ~[?:?]
	at jdk.internal.reflect.NativeMethodAccessorImpl.invoke(NativeMethodAccessorImpl.java:77) ~[?:?]
	at jdk.internal.reflect.DelegatingMethodAccessorImpl.invoke(DelegatingMethodAccessorImpl.java:43) ~[?:?]
	at java.lang.reflect.Method.invoke(Method.java:569) ~[?:?]
	at net.minecraftforge.fml.loading.targets.CommonLaunchHandler.runTarget(CommonLaunchHandler.java:111) ~[fmlloader-1.20.1-47.3.0.jar%2367!/:?]
	at net.minecraftforge.fml.loading.targets.CommonLaunchHandler.serverService(CommonLaunchHandler.java:103) ~[fmlloader-1.20.1-47.3.0.jar%2367!/:?]
	at net.minecraftforge.fml.loading.targets.CommonServerLaunchHandler.lambda$makeService$0(CommonServerLaunchHandler.java:27) ~[fmlloader-1.20.1-47.3.0.jar%2367!/:?]
	at cpw.mods.modlauncher.LaunchServiceHandlerDecorator.launch(LaunchServiceHandlerDecorator.java:30) ~[modlauncher-10.0.9.jar%2353!/:?]
	at cpw.mods.modlauncher.LaunchServiceHandler.launch(LaunchServiceHandler.java:53) ~[modlauncher-10.0.9.jar%2353!/:?]
	at cpw.mods.modlauncher.LaunchServiceHandler.launch(LaunchServiceHandler.java:71) ~[modlauncher-10.0.9.jar%2353!/:?]
	at cpw.mods.modlauncher.Launcher.run(Launcher.java:108) ~[modlauncher-10.0.9.jar%2353!/:?]
	at cpw.mods.modlauncher.Launcher.main(Launcher.java:78) ~[modlauncher-10.0.9.jar%2353!/:?]
	at cpw.mods.modlauncher.BootstrapLaunchConsumer.accept(BootstrapLaunchConsumer.java:26) ~[modlauncher-10.0.9.jar%2353!/:?]
	at cpw.mods.modlauncher.BootstrapLaunchConsumer.accept(BootstrapLaunchConsumer.java:23) ~[modlauncher-10.0.9.jar%2353!/:?]
	at cpw.mods.bootstraplauncher.BootstrapLauncher.main(BootstrapLauncher.java:141) ~[bootstraplauncher-1.1.2.jar:?]
[14Oct2025 20:13:16.719] [main/ERROR] [net.minecraft.world.item.crafting.RecipeManager/]: Parsing error loading recipe iter_rpg:smooth_ice_cut_stairs
com.google.gson.JsonSyntaxException: Unknown item 'iter_rpg:smooth_ice'
	at net.minecraft.world.item.crafting.ShapedRecipe.m_151280_(ShapedRecipe.java:292) ~[server-1.20.1-20230612.114412-srg.jar%23231!/:?]
	at java.util.Optional.orElseThrow(Optional.java:403) ~[?:?]
	at net.minecraft.world.item.crafting.ShapedRecipe.m_151278_(ShapedRecipe.java:291) ~[server-1.20.1-20230612.114412-srg.jar%23231!/:?]
	at net.minecraft.world.item.crafting.Ingredient.m_43919_(Ingredient.java:219) ~[server-1.20.1-20230612.114412-srg.jar%23231!/:?]
	at net.minecraftforge.common.crafting.VanillaIngredientSerializer.parse(VanillaIngredientSerializer.java:27) ~[forge-1.20.1-47.3.0-universal.jar%23236!/:?]
	at net.minecraftforge.common.crafting.CraftingHelper.getIngredient(CraftingHelper.java:148) ~[forge-1.20.1-47.3.0-universal.jar%23236!/:?]
	at net.minecraft.world.item.crafting.Ingredient.m_288218_(Ingredient.java:194) ~[server-1.20.1-20230612.114412-srg.jar%23231!/:?]
	at net.minecraft.world.item.crafting.SingleItemRecipe$Serializer.m_6729_(SingleItemRecipe.java:91) ~[server-1.20.1-20230612.114412-srg.jar%23231!/:?]
	at net.minecraft.world.item.crafting.SingleItemRecipe$Serializer.m_6729_(SingleItemRecipe.java:72) ~[server-1.20.1-20230612.114412-srg.jar%23231!/:?]
	at net.minecraftforge.common.extensions.IForgeRecipeSerializer.fromJson(IForgeRecipeSerializer.java:23) ~[forge-1.20.1-47.3.0-universal.jar%23236!/:?]
	at net.minecraft.world.item.crafting.RecipeManager.fromJson(RecipeManager.java:171) ~[server-1.20.1-20230612.114412-srg.jar%23231!/:?]
	at net.minecraft.world.item.crafting.RecipeManager.m_5787_(RecipeManager.java:67) ~[server-1.20.1-20230612.114412-srg.jar%23231!/:?]
	at net.minecraft.world.item.crafting.RecipeManager.m_5787_(RecipeManager.java:34) ~[server-1.20.1-20230612.114412-srg.jar%23231!/:?]
	at net.minecraft.server.packs.resources.SimplePreparableReloadListener.m_10789_(SimplePreparableReloadListener.java:13) ~[server-1.20.1-20230612.114412-srg.jar%23231!/:?]
	at java.util.concurrent.CompletableFuture$UniAccept.tryFire(CompletableFuture.java:718) ~[?:?]
	at java.util.concurrent.CompletableFuture$Completion.run(CompletableFuture.java:482) ~[?:?]
	at net.minecraft.server.packs.resources.SimpleReloadInstance.m_143940_(SimpleReloadInstance.java:69) ~[server-1.20.1-20230612.114412-srg.jar%23231!/:?]
	at net.minecraft.Util.m_214652_(Util.java:783) ~[server-1.20.1-20230612.114412-srg.jar%23231!/:?]
	at net.minecraft.Util.m_214679_(Util.java:772) ~[server-1.20.1-20230612.114412-srg.jar%23231!/:?]
	at net.minecraft.server.Main.main(Main.java:166) ~[server-1.20.1-20230612.114412-srg.jar%23231!/:?]
	at jdk.internal.reflect.NativeMethodAccessorImpl.invoke0(Native Method) ~[?:?]
	at jdk.internal.reflect.NativeMethodAccessorImpl.invoke(NativeMethodAccessorImpl.java:77) ~[?:?]
	at jdk.internal.reflect.DelegatingMethodAccessorImpl.invoke(DelegatingMethodAccessorImpl.java:43) ~[?:?]
	at java.lang.reflect.Method.invoke(Method.java:569) ~[?:?]
	at net.minecraftforge.fml.loading.targets.CommonLaunchHandler.runTarget(CommonLaunchHandler.java:111) ~[fmlloader-1.20.1-47.3.0.jar%2367!/:?]
	at net.minecraftforge.fml.loading.targets.CommonLaunchHandler.serverService(CommonLaunchHandler.java:103) ~[fmlloader-1.20.1-47.3.0.jar%2367!/:?]
	at net.minecraftforge.fml.loading.targets.CommonServerLaunchHandler.lambda$makeService$0(CommonServerLaunchHandler.java:27) ~[fmlloader-1.20.1-47.3.0.jar%2367!/:?]
	at cpw.mods.modlauncher.LaunchServiceHandlerDecorator.launch(LaunchServiceHandlerDecorator.java:30) ~[modlauncher-10.0.9.jar%2353!/:?]
	at cpw.mods.modlauncher.LaunchServiceHandler.launch(LaunchServiceHandler.java:53) ~[modlauncher-10.0.9.jar%2353!/:?]
	at cpw.mods.modlauncher.LaunchServiceHandler.launch(LaunchServiceHandler.java:71) ~[modlauncher-10.0.9.jar%2353!/:?]
	at cpw.mods.modlauncher.Launcher.run(Launcher.java:108) ~[modlauncher-10.0.9.jar%2353!/:?]
	at cpw.mods.modlauncher.Launcher.main(Launcher.java:78) ~[modlauncher-10.0.9.jar%2353!/:?]
	at cpw.mods.modlauncher.BootstrapLaunchConsumer.accept(BootstrapLaunchConsumer.java:26) ~[modlauncher-10.0.9.jar%2353!/:?]
	at cpw.mods.modlauncher.BootstrapLaunchConsumer.accept(BootstrapLaunchConsumer.java:23) ~[modlauncher-10.0.9.jar%2353!/:?]
	at cpw.mods.bootstraplauncher.BootstrapLauncher.main(BootstrapLauncher.java:141) ~[bootstraplauncher-1.1.2.jar:?]
[14Oct2025 20:13:16.995] [main/ERROR] [net.minecraft.world.item.crafting.RecipeManager/]: Parsing error loading recipe naturalist:frontier_cap_alt
com.google.gson.JsonSyntaxException: Invalid or unsupported recipe type 'forge:mod_loaded'
	at net.minecraft.world.item.crafting.RecipeManager.m_220253_(RecipeManager.java:170) ~[server-1.20.1-20230612.114412-srg.jar%23231!/:?]
	at java.util.Optional.orElseThrow(Optional.java:403) ~[?:?]
	at net.minecraft.world.item.crafting.RecipeManager.fromJson(RecipeManager.java:169) ~[server-1.20.1-20230612.114412-srg.jar%23231!/:?]
	at net.minecraft.world.item.crafting.RecipeManager.m_5787_(RecipeManager.java:67) ~[server-1.20.1-20230612.114412-srg.jar%23231!/:?]
	at net.minecraft.world.item.crafting.RecipeManager.m_5787_(RecipeManager.java:34) ~[server-1.20.1-20230612.114412-srg.jar%23231!/:?]
	at net.minecraft.server.packs.resources.SimplePreparableReloadListener.m_10789_(SimplePreparableReloadListener.java:13) ~[server-1.20.1-20230612.114412-srg.jar%23231!/:?]
	at java.util.concurrent.CompletableFuture$UniAccept.tryFire(CompletableFuture.java:718) ~[?:?]
	at java.util.concurrent.CompletableFuture$Completion.run(CompletableFuture.java:482) ~[?:?]
	at net.minecraft.server.packs.resources.SimpleReloadInstance.m_143940_(SimpleReloadInstance.java:69) ~[server-1.20.1-20230612.114412-srg.jar%23231!/:?]
	at net.minecraft.Util.m_214652_(Util.java:783) ~[server-1.20.1-20230612.114412-srg.jar%23231!/:?]
	at net.minecraft.Util.m_214679_(Util.java:772) ~[server-1.20.1-20230612.114412-srg.jar%23231!/:?]
	at net.minecraft.server.Main.main(Main.java:166) ~[server-1.20.1-20230612.114412-srg.jar%23231!/:?]
	at jdk.internal.reflect.NativeMethodAccessorImpl.invoke0(Native Method) ~[?:?]
	at jdk.internal.reflect.NativeMethodAccessorImpl.invoke(NativeMethodAccessorImpl.java:77) ~[?:?]
	at jdk.internal.reflect.DelegatingMethodAccessorImpl.invoke(DelegatingMethodAccessorImpl.java:43) ~[?:?]
	at java.lang.reflect.Method.invoke(Method.java:569) ~[?:?]
	at net.minecraftforge.fml.loading.targets.CommonLaunchHandler.runTarget(CommonLaunchHandler.java:111) ~[fmlloader-1.20.1-47.3.0.jar%2367!/:?]
	at net.minecraftforge.fml.loading.targets.CommonLaunchHandler.serverService(CommonLaunchHandler.java:103) ~[fmlloader-1.20.1-47.3.0.jar%2367!/:?]
	at net.minecraftforge.fml.loading.targets.CommonServerLaunchHandler.lambda$makeService$0(CommonServerLaunchHandler.java:27) ~[fmlloader-1.20.1-47.3.0.jar%2367!/:?]
	at cpw.mods.modlauncher.LaunchServiceHandlerDecorator.launch(LaunchServiceHandlerDecorator.java:30) ~[modlauncher-10.0.9.jar%2353!/:?]
	at cpw.mods.modlauncher.LaunchServiceHandler.launch(LaunchServiceHandler.java:53) ~[modlauncher-10.0.9.jar%2353!/:?]
	at cpw.mods.modlauncher.LaunchServiceHandler.launch(LaunchServiceHandler.java:71) ~[modlauncher-10.0.9.jar%2353!/:?]
	at cpw.mods.modlauncher.Launcher.run(Launcher.java:108) ~[modlauncher-10.0.9.jar%2353!/:?]
	at cpw.mods.modlauncher.Launcher.main(Launcher.java:78) ~[modlauncher-10.0.9.jar%2353!/:?]
	at cpw.mods.modlauncher.BootstrapLaunchConsumer.accept(BootstrapLaunchConsumer.java:26) ~[modlauncher-10.0.9.jar%2353!/:?]
	at cpw.mods.modlauncher.BootstrapLaunchConsumer.accept(BootstrapLaunchConsumer.java:23) ~[modlauncher-10.0.9.jar%2353!/:?]
	at cpw.mods.bootstraplauncher.BootstrapLauncher.main(BootstrapLauncher.java:141) ~[bootstraplauncher-1.1.2.jar:?]
[14Oct2025 20:13:17.007] [main/ERROR] [net.minecraft.world.item.crafting.RecipeManager/]: Parsing error loading recipe iter_rpg:packed_snow_cut_ornate_bricks
com.google.gson.JsonSyntaxException: Unknown item 'iter_rpg:packed_snow'
	at net.minecraft.world.item.crafting.ShapedRecipe.m_151280_(ShapedRecipe.java:292) ~[server-1.20.1-20230612.114412-srg.jar%23231!/:?]
	at java.util.Optional.orElseThrow(Optional.java:403) ~[?:?]
	at net.minecraft.world.item.crafting.ShapedRecipe.m_151278_(ShapedRecipe.java:291) ~[server-1.20.1-20230612.114412-srg.jar%23231!/:?]
	at net.minecraft.world.item.crafting.Ingredient.m_43919_(Ingredient.java:219) ~[server-1.20.1-20230612.114412-srg.jar%23231!/:?]
	at net.minecraftforge.common.crafting.VanillaIngredientSerializer.parse(VanillaIngredientSerializer.java:27) ~[forge-1.20.1-47.3.0-universal.jar%23236!/:?]
	at net.minecraftforge.common.crafting.CraftingHelper.getIngredient(CraftingHelper.java:148) ~[forge-1.20.1-47.3.0-universal.jar%23236!/:?]
	at net.minecraft.world.item.crafting.Ingredient.m_288218_(Ingredient.java:194) ~[server-1.20.1-20230612.114412-srg.jar%23231!/:?]
	at net.minecraft.world.item.crafting.SingleItemRecipe$Serializer.m_6729_(SingleItemRecipe.java:91) ~[server-1.20.1-20230612.114412-srg.jar%23231!/:?]
	at net.minecraft.world.item.crafting.SingleItemRecipe$Serializer.m_6729_(SingleItemRecipe.java:72) ~[server-1.20.1-20230612.114412-srg.jar%23231!/:?]
	at net.minecraftforge.common.extensions.IForgeRecipeSerializer.fromJson(IForgeRecipeSerializer.java:23) ~[forge-1.20.1-47.3.0-universal.jar%23236!/:?]
	at net.minecraft.world.item.crafting.RecipeManager.fromJson(RecipeManager.java:171) ~[server-1.20.1-20230612.114412-srg.jar%23231!/:?]
	at net.minecraft.world.item.crafting.RecipeManager.m_5787_(RecipeManager.java:67) ~[server-1.20.1-20230612.114412-srg.jar%23231!/:?]
	at net.minecraft.world.item.crafting.RecipeManager.m_5787_(RecipeManager.java:34) ~[server-1.20.1-20230612.114412-srg.jar%23231!/:?]
	at net.minecraft.server.packs.resources.SimplePreparableReloadListener.m_10789_(SimplePreparableReloadListener.java:13) ~[server-1.20.1-20230612.114412-srg.jar%23231!/:?]
	at java.util.concurrent.CompletableFuture$UniAccept.tryFire(CompletableFuture.java:718) ~[?:?]
	at java.util.concurrent.CompletableFuture$Completion.run(CompletableFuture.java:482) ~[?:?]
	at net.minecraft.server.packs.resources.SimpleReloadInstance.m_143940_(SimpleReloadInstance.java:69) ~[server-1.20.1-20230612.114412-srg.jar%23231!/:?]
	at net.minecraft.Util.m_214652_(Util.java:783) ~[server-1.20.1-20230612.114412-srg.jar%23231!/:?]
	at net.minecraft.Util.m_214679_(Util.java:772) ~[server-1.20.1-20230612.114412-srg.jar%23231!/:?]
	at net.minecraft.server.Main.main(Main.java:166) ~[server-1.20.1-20230612.114412-srg.jar%23231!/:?]
	at jdk.internal.reflect.NativeMethodAccessorImpl.invoke0(Native Method) ~[?:?]
	at jdk.internal.reflect.NativeMethodAccessorImpl.invoke(NativeMethodAccessorImpl.java:77) ~[?:?]
	at jdk.internal.reflect.DelegatingMethodAccessorImpl.invoke(DelegatingMethodAccessorImpl.java:43) ~[?:?]
	at java.lang.reflect.Method.invoke(Method.java:569) ~[?:?]
	at net.minecraftforge.fml.loading.targets.CommonLaunchHandler.runTarget(CommonLaunchHandler.java:111) ~[fmlloader-1.20.1-47.3.0.jar%2367!/:?]
	at net.minecraftforge.fml.loading.targets.CommonLaunchHandler.serverService(CommonLaunchHandler.java:103) ~[fmlloader-1.20.1-47.3.0.jar%2367!/:?]
	at net.minecraftforge.fml.loading.targets.CommonServerLaunchHandler.lambda$makeService$0(CommonServerLaunchHandler.java:27) ~[fmlloader-1.20.1-47.3.0.jar%2367!/:?]
	at cpw.mods.modlauncher.LaunchServiceHandlerDecorator.launch(LaunchServiceHandlerDecorator.java:30) ~[modlauncher-10.0.9.jar%2353!/:?]
	at cpw.mods.modlauncher.LaunchServiceHandler.launch(LaunchServiceHandler.java:53) ~[modlauncher-10.0.9.jar%2353!/:?]
	at cpw.mods.modlauncher.LaunchServiceHandler.launch(LaunchServiceHandler.java:71) ~[modlauncher-10.0.9.jar%2353!/:?]
	at cpw.mods.modlauncher.Launcher.run(Launcher.java:108) ~[modlauncher-10.0.9.jar%2353!/:?]
	at cpw.mods.modlauncher.Launcher.main(Launcher.java:78) ~[modlauncher-10.0.9.jar%2353!/:?]
	at cpw.mods.modlauncher.BootstrapLaunchConsumer.accept(BootstrapLaunchConsumer.java:26) ~[modlauncher-10.0.9.jar%2353!/:?]
	at cpw.mods.modlauncher.BootstrapLaunchConsumer.accept(BootstrapLaunchConsumer.java:23) ~[modlauncher-10.0.9.jar%2353!/:?]
	at cpw.mods.bootstraplauncher.BootstrapLauncher.main(BootstrapLauncher.java:141) ~[bootstraplauncher-1.1.2.jar:?]
[14Oct2025 20:13:17.013] [main/ERROR] [net.minecraft.world.item.crafting.RecipeManager/]: Parsing error loading recipe iter_rpg:packed_snow_bricks_cut_stairs
com.google.gson.JsonSyntaxException: Unknown item 'iter_rpg:packed_snow_bricks'
	at net.minecraft.world.item.crafting.ShapedRecipe.m_151280_(ShapedRecipe.java:292) ~[server-1.20.1-20230612.114412-srg.jar%23231!/:?]
	at java.util.Optional.orElseThrow(Optional.java:403) ~[?:?]
	at net.minecraft.world.item.crafting.ShapedRecipe.m_151278_(ShapedRecipe.java:291) ~[server-1.20.1-20230612.114412-srg.jar%23231!/:?]
	at net.minecraft.world.item.crafting.Ingredient.m_43919_(Ingredient.java:219) ~[server-1.20.1-20230612.114412-srg.jar%23231!/:?]
	at net.minecraftforge.common.crafting.VanillaIngredientSerializer.parse(VanillaIngredientSerializer.java:27) ~[forge-1.20.1-47.3.0-universal.jar%23236!/:?]
	at net.minecraftforge.common.crafting.CraftingHelper.getIngredient(CraftingHelper.java:148) ~[forge-1.20.1-47.3.0-universal.jar%23236!/:?]
	at net.minecraft.world.item.crafting.Ingredient.m_288218_(Ingredient.java:194) ~[server-1.20.1-20230612.114412-srg.jar%23231!/:?]
	at net.minecraft.world.item.crafting.SingleItemRecipe$Serializer.m_6729_(SingleItemRecipe.java:91) ~[server-1.20.1-20230612.114412-srg.jar%23231!/:?]
	at net.minecraft.world.item.crafting.SingleItemRecipe$Serializer.m_6729_(SingleItemRecipe.java:72) ~[server-1.20.1-20230612.114412-srg.jar%23231!/:?]
	at net.minecraftforge.common.extensions.IForgeRecipeSerializer.fromJson(IForgeRecipeSerializer.java:23) ~[forge-1.20.1-47.3.0-universal.jar%23236!/:?]
	at net.minecraft.world.item.crafting.RecipeManager.fromJson(RecipeManager.java:171) ~[server-1.20.1-20230612.114412-srg.jar%23231!/:?]
	at net.minecraft.world.item.crafting.RecipeManager.m_5787_(RecipeManager.java:67) ~[server-1.20.1-20230612.114412-srg.jar%23231!/:?]
	at net.minecraft.world.item.crafting.RecipeManager.m_5787_(RecipeManager.java:34) ~[server-1.20.1-20230612.114412-srg.jar%23231!/:?]
	at net.minecraft.server.packs.resources.SimplePreparableReloadListener.m_10789_(SimplePreparableReloadListener.java:13) ~[server-1.20.1-20230612.114412-srg.jar%23231!/:?]
	at java.util.concurrent.CompletableFuture$UniAccept.tryFire(CompletableFuture.java:718) ~[?:?]
	at java.util.concurrent.CompletableFuture$Completion.run(CompletableFuture.java:482) ~[?:?]
	at net.minecraft.server.packs.resources.SimpleReloadInstance.m_143940_(SimpleReloadInstance.java:69) ~[server-1.20.1-20230612.114412-srg.jar%23231!/:?]
	at net.minecraft.Util.m_214652_(Util.java:783) ~[server-1.20.1-20230612.114412-srg.jar%23231!/:?]
	at net.minecraft.Util.m_214679_(Util.java:772) ~[server-1.20.1-20230612.114412-srg.jar%23231!/:?]
	at net.minecraft.server.Main.main(Main.java:166) ~[server-1.20.1-20230612.114412-srg.jar%23231!/:?]
	at jdk.internal.reflect.NativeMethodAccessorImpl.invoke0(Native Method) ~[?:?]
	at jdk.internal.reflect.NativeMethodAccessorImpl.invoke(NativeMethodAccessorImpl.java:77) ~[?:?]
	at jdk.internal.reflect.DelegatingMethodAccessorImpl.invoke(DelegatingMethodAccessorImpl.java:43) ~[?:?]
	at java.lang.reflect.Method.invoke(Method.java:569) ~[?:?]
	at net.minecraftforge.fml.loading.targets.CommonLaunchHandler.runTarget(CommonLaunchHandler.java:111) ~[fmlloader-1.20.1-47.3.0.jar%2367!/:?]
	at net.minecraftforge.fml.loading.targets.CommonLaunchHandler.serverService(CommonLaunchHandler.java:103) ~[fmlloader-1.20.1-47.3.0.jar%2367!/:?]
	at net.minecraftforge.fml.loading.targets.CommonServerLaunchHandler.lambda$makeService$0(CommonServerLaunchHandler.java:27) ~[fmlloader-1.20.1-47.3.0.jar%2367!/:?]
	at cpw.mods.modlauncher.LaunchServiceHandlerDecorator.launch(LaunchServiceHandlerDecorator.java:30) ~[modlauncher-10.0.9.jar%2353!/:?]
	at cpw.mods.modlauncher.LaunchServiceHandler.launch(LaunchServiceHandler.java:53) ~[modlauncher-10.0.9.jar%2353!/:?]
	at cpw.mods.modlauncher.LaunchServiceHandler.launch(LaunchServiceHandler.java:71) ~[modlauncher-10.0.9.jar%2353!/:?]
	at cpw.mods.modlauncher.Launcher.run(Launcher.java:108) ~[modlauncher-10.0.9.jar%2353!/:?]
	at cpw.mods.modlauncher.Launcher.main(Launcher.java:78) ~[modlauncher-10.0.9.jar%2353!/:?]
	at cpw.mods.modlauncher.BootstrapLaunchConsumer.accept(BootstrapLaunchConsumer.java:26) ~[modlauncher-10.0.9.jar%2353!/:?]
	at cpw.mods.modlauncher.BootstrapLaunchConsumer.accept(BootstrapLaunchConsumer.java:23) ~[modlauncher-10.0.9.jar%2353!/:?]
	at cpw.mods.bootstraplauncher.BootstrapLauncher.main(BootstrapLauncher.java:141) ~[bootstraplauncher-1.1.2.jar:?]
[14Oct2025 20:13:17.017] [main/ERROR] [net.minecraft.world.item.crafting.RecipeManager/]: Parsing error loading recipe iter_rpg:packed_snow_cut_slab
com.google.gson.JsonSyntaxException: Unknown item 'iter_rpg:packed_snow'
	at net.minecraft.world.item.crafting.ShapedRecipe.m_151280_(ShapedRecipe.java:292) ~[server-1.20.1-20230612.114412-srg.jar%23231!/:?]
	at java.util.Optional.orElseThrow(Optional.java:403) ~[?:?]
	at net.minecraft.world.item.crafting.ShapedRecipe.m_151278_(ShapedRecipe.java:291) ~[server-1.20.1-20230612.114412-srg.jar%23231!/:?]
	at net.minecraft.world.item.crafting.Ingredient.m_43919_(Ingredient.java:219) ~[server-1.20.1-20230612.114412-srg.jar%23231!/:?]
	at net.minecraftforge.common.crafting.VanillaIngredientSerializer.parse(VanillaIngredientSerializer.java:27) ~[forge-1.20.1-47.3.0-universal.jar%23236!/:?]
	at net.minecraftforge.common.crafting.CraftingHelper.getIngredient(CraftingHelper.java:148) ~[forge-1.20.1-47.3.0-universal.jar%23236!/:?]
	at net.minecraft.world.item.crafting.Ingredient.m_288218_(Ingredient.java:194) ~[server-1.20.1-20230612.114412-srg.jar%23231!/:?]
	at net.minecraft.world.item.crafting.SingleItemRecipe$Serializer.m_6729_(SingleItemRecipe.java:91) ~[server-1.20.1-20230612.114412-srg.jar%23231!/:?]
	at net.minecraft.world.item.crafting.SingleItemRecipe$Serializer.m_6729_(SingleItemRecipe.java:72) ~[server-1.20.1-20230612.114412-srg.jar%23231!/:?]
	at net.minecraftforge.common.extensions.IForgeRecipeSerializer.fromJson(IForgeRecipeSerializer.java:23) ~[forge-1.20.1-47.3.0-universal.jar%23236!/:?]
	at net.minecraft.world.item.crafting.RecipeManager.fromJson(RecipeManager.java:171) ~[server-1.20.1-20230612.114412-srg.jar%23231!/:?]
	at net.minecraft.world.item.crafting.RecipeManager.m_5787_(RecipeManager.java:67) ~[server-1.20.1-20230612.114412-srg.jar%23231!/:?]
	at net.minecraft.world.item.crafting.RecipeManager.m_5787_(RecipeManager.java:34) ~[server-1.20.1-20230612.114412-srg.jar%23231!/:?]
	at net.minecraft.server.packs.resources.SimplePreparableReloadListener.m_10789_(SimplePreparableReloadListener.java:13) ~[server-1.20.1-20230612.114412-srg.jar%23231!/:?]
	at java.util.concurrent.CompletableFuture$UniAccept.tryFire(CompletableFuture.java:718) ~[?:?]
	at java.util.concurrent.CompletableFuture$Completion.run(CompletableFuture.java:482) ~[?:?]
	at net.minecraft.server.packs.resources.SimpleReloadInstance.m_143940_(SimpleReloadInstance.java:69) ~[server-1.20.1-20230612.114412-srg.jar%23231!/:?]
	at net.minecraft.Util.m_214652_(Util.java:783) ~[server-1.20.1-20230612.114412-srg.jar%23231!/:?]
	at net.minecraft.Util.m_214679_(Util.java:772) ~[server-1.20.1-20230612.114412-srg.jar%23231!/:?]
	at net.minecraft.server.Main.main(Main.java:166) ~[server-1.20.1-20230612.114412-srg.jar%23231!/:?]
	at jdk.internal.reflect.NativeMethodAccessorImpl.invoke0(Native Method) ~[?:?]
	at jdk.internal.reflect.NativeMethodAccessorImpl.invoke(NativeMethodAccessorImpl.java:77) ~[?:?]
	at jdk.internal.reflect.DelegatingMethodAccessorImpl.invoke(DelegatingMethodAccessorImpl.java:43) ~[?:?]
	at java.lang.reflect.Method.invoke(Method.java:569) ~[?:?]
	at net.minecraftforge.fml.loading.targets.CommonLaunchHandler.runTarget(CommonLaunchHandler.java:111) ~[fmlloader-1.20.1-47.3.0.jar%2367!/:?]
	at net.minecraftforge.fml.loading.targets.CommonLaunchHandler.serverService(CommonLaunchHandler.java:103) ~[fmlloader-1.20.1-47.3.0.jar%2367!/:?]
	at net.minecraftforge.fml.loading.targets.CommonServerLaunchHandler.lambda$makeService$0(CommonServerLaunchHandler.java:27) ~[fmlloader-1.20.1-47.3.0.jar%2367!/:?]
	at cpw.mods.modlauncher.LaunchServiceHandlerDecorator.launch(LaunchServiceHandlerDecorator.java:30) ~[modlauncher-10.0.9.jar%2353!/:?]
	at cpw.mods.modlauncher.LaunchServiceHandler.launch(LaunchServiceHandler.java:53) ~[modlauncher-10.0.9.jar%2353!/:?]
	at cpw.mods.modlauncher.LaunchServiceHandler.launch(LaunchServiceHandler.java:71) ~[modlauncher-10.0.9.jar%2353!/:?]
	at cpw.mods.modlauncher.Launcher.run(Launcher.java:108) ~[modlauncher-10.0.9.jar%2353!/:?]
	at cpw.mods.modlauncher.Launcher.main(Launcher.java:78) ~[modlauncher-10.0.9.jar%2353!/:?]
	at cpw.mods.modlauncher.BootstrapLaunchConsumer.accept(BootstrapLaunchConsumer.java:26) ~[modlauncher-10.0.9.jar%2353!/:?]
	at cpw.mods.modlauncher.BootstrapLaunchConsumer.accept(BootstrapLaunchConsumer.java:23) ~[modlauncher-10.0.9.jar%2353!/:?]
	at cpw.mods.bootstraplauncher.BootstrapLauncher.main(BootstrapLauncher.java:141) ~[bootstraplauncher-1.1.2.jar:?]
[14Oct2025 20:13:17.018] [main/ERROR] [net.minecraft.world.item.crafting.RecipeManager/]: Parsing error loading recipe forbidden_arcanus:fungyss_fence_gate
com.google.gson.JsonParseException: An ingredient entry needs either a tag or an item
	at net.minecraft.world.item.crafting.Ingredient.m_43919_(Ingredient.java:226) ~[server-1.20.1-20230612.114412-srg.jar%23231!/:?]
	at net.minecraftforge.common.crafting.VanillaIngredientSerializer.parse(VanillaIngredientSerializer.java:27) ~[forge-1.20.1-47.3.0-universal.jar%23236!/:?]
	at net.minecraftforge.common.crafting.CraftingHelper.getIngredient(CraftingHelper.java:148) ~[forge-1.20.1-47.3.0-universal.jar%23236!/:?]
	at net.minecraft.world.item.crafting.Ingredient.m_288218_(Ingredient.java:194) ~[server-1.20.1-20230612.114412-srg.jar%23231!/:?]
	at net.minecraft.world.item.crafting.ShapedRecipe.m_44210_(ShapedRecipe.java:278) ~[server-1.20.1-20230612.114412-srg.jar%23231!/:?]
	at net.minecraft.world.item.crafting.ShapedRecipe$Serializer.m_6729_(ShapedRecipe.java:306) ~[server-1.20.1-20230612.114412-srg.jar%23231!/:?]
	at net.minecraft.world.item.crafting.ShapedRecipe$Serializer.m_6729_(ShapedRecipe.java:301) ~[server-1.20.1-20230612.114412-srg.jar%23231!/:?]
	at net.minecraftforge.common.extensions.IForgeRecipeSerializer.fromJson(IForgeRecipeSerializer.java:23) ~[forge-1.20.1-47.3.0-universal.jar%23236!/:?]
	at net.minecraft.world.item.crafting.RecipeManager.fromJson(RecipeManager.java:171) ~[server-1.20.1-20230612.114412-srg.jar%23231!/:?]
	at net.minecraft.world.item.crafting.RecipeManager.m_5787_(RecipeManager.java:67) ~[server-1.20.1-20230612.114412-srg.jar%23231!/:?]
	at net.minecraft.world.item.crafting.RecipeManager.m_5787_(RecipeManager.java:34) ~[server-1.20.1-20230612.114412-srg.jar%23231!/:?]
	at net.minecraft.server.packs.resources.SimplePreparableReloadListener.m_10789_(SimplePreparableReloadListener.java:13) ~[server-1.20.1-20230612.114412-srg.jar%23231!/:?]
	at java.util.concurrent.CompletableFuture$UniAccept.tryFire(CompletableFuture.java:718) ~[?:?]
	at java.util.concurrent.CompletableFuture$Completion.run(CompletableFuture.java:482) ~[?:?]
	at net.minecraft.server.packs.resources.SimpleReloadInstance.m_143940_(SimpleReloadInstance.java:69) ~[server-1.20.1-20230612.114412-srg.jar%23231!/:?]
	at net.minecraft.Util.m_214652_(Util.java:783) ~[server-1.20.1-20230612.114412-srg.jar%23231!/:?]
	at net.minecraft.Util.m_214679_(Util.java:772) ~[server-1.20.1-20230612.114412-srg.jar%23231!/:?]
	at net.minecraft.server.Main.main(Main.java:166) ~[server-1.20.1-20230612.114412-srg.jar%23231!/:?]
	at jdk.internal.reflect.NativeMethodAccessorImpl.invoke0(Native Method) ~[?:?]
	at jdk.internal.reflect.NativeMethodAccessorImpl.invoke(NativeMethodAccessorImpl.java:77) ~[?:?]
	at jdk.internal.reflect.DelegatingMethodAccessorImpl.invoke(DelegatingMethodAccessorImpl.java:43) ~[?:?]
	at java.lang.reflect.Method.invoke(Method.java:569) ~[?:?]
	at net.minecraftforge.fml.loading.targets.CommonLaunchHandler.runTarget(CommonLaunchHandler.java:111) ~[fmlloader-1.20.1-47.3.0.jar%2367!/:?]
	at net.minecraftforge.fml.loading.targets.CommonLaunchHandler.serverService(CommonLaunchHandler.java:103) ~[fmlloader-1.20.1-47.3.0.jar%2367!/:?]
	at net.minecraftforge.fml.loading.targets.CommonServerLaunchHandler.lambda$makeService$0(CommonServerLaunchHandler.java:27) ~[fmlloader-1.20.1-47.3.0.jar%2367!/:?]
	at cpw.mods.modlauncher.LaunchServiceHandlerDecorator.launch(LaunchServiceHandlerDecorator.java:30) ~[modlauncher-10.0.9.jar%2353!/:?]
	at cpw.mods.modlauncher.LaunchServiceHandler.launch(LaunchServiceHandler.java:53) ~[modlauncher-10.0.9.jar%2353!/:?]
	at cpw.mods.modlauncher.LaunchServiceHandler.launch(LaunchServiceHandler.java:71) ~[modlauncher-10.0.9.jar%2353!/:?]
	at cpw.mods.modlauncher.Launcher.run(Launcher.java:108) ~[modlauncher-10.0.9.jar%2353!/:?]
	at cpw.mods.modlauncher.Launcher.main(Launcher.java:78) ~[modlauncher-10.0.9.jar%2353!/:?]
	at cpw.mods.modlauncher.BootstrapLaunchConsumer.accept(BootstrapLaunchConsumer.java:26) ~[modlauncher-10.0.9.jar%2353!/:?]
	at cpw.mods.modlauncher.BootstrapLaunchConsumer.accept(BootstrapLaunchConsumer.java:23) ~[modlauncher-10.0.9.jar%2353!/:?]
	at cpw.mods.bootstraplauncher.BootstrapLauncher.main(BootstrapLauncher.java:141) ~[bootstraplauncher-1.1.2.jar:?]
[14Oct2025 20:13:17.021] [main/ERROR] [net.minecraft.world.item.crafting.RecipeManager/]: Parsing error loading recipe iter_rpg:smooth_ice_bricks_cut_slab
com.google.gson.JsonSyntaxException: Unknown item 'iter_rpg:ice_bricks'
	at net.minecraft.world.item.crafting.ShapedRecipe.m_151280_(ShapedRecipe.java:292) ~[server-1.20.1-20230612.114412-srg.jar%23231!/:?]
	at java.util.Optional.orElseThrow(Optional.java:403) ~[?:?]
	at net.minecraft.world.item.crafting.ShapedRecipe.m_151278_(ShapedRecipe.java:291) ~[server-1.20.1-20230612.114412-srg.jar%23231!/:?]
	at net.minecraft.world.item.crafting.Ingredient.m_43919_(Ingredient.java:219) ~[server-1.20.1-20230612.114412-srg.jar%23231!/:?]
	at net.minecraftforge.common.crafting.VanillaIngredientSerializer.parse(VanillaIngredientSerializer.java:27) ~[forge-1.20.1-47.3.0-universal.jar%23236!/:?]
	at net.minecraftforge.common.crafting.CraftingHelper.getIngredient(CraftingHelper.java:148) ~[forge-1.20.1-47.3.0-universal.jar%23236!/:?]
	at net.minecraft.world.item.crafting.Ingredient.m_288218_(Ingredient.java:194) ~[server-1.20.1-20230612.114412-srg.jar%23231!/:?]
	at net.minecraft.world.item.crafting.SingleItemRecipe$Serializer.m_6729_(SingleItemRecipe.java:91) ~[server-1.20.1-20230612.114412-srg.jar%23231!/:?]
	at net.minecraft.world.item.crafting.SingleItemRecipe$Serializer.m_6729_(SingleItemRecipe.java:72) ~[server-1.20.1-20230612.114412-srg.jar%23231!/:?]
	at net.minecraftforge.common.extensions.IForgeRecipeSerializer.fromJson(IForgeRecipeSerializer.java:23) ~[forge-1.20.1-47.3.0-universal.jar%23236!/:?]
	at net.minecraft.world.item.crafting.RecipeManager.fromJson(RecipeManager.java:171) ~[server-1.20.1-20230612.114412-srg.jar%23231!/:?]
	at net.minecraft.world.item.crafting.RecipeManager.m_5787_(RecipeManager.java:67) ~[server-1.20.1-20230612.114412-srg.jar%23231!/:?]
	at net.minecraft.world.item.crafting.RecipeManager.m_5787_(RecipeManager.java:34) ~[server-1.20.1-20230612.114412-srg.jar%23231!/:?]
	at net.minecraft.server.packs.resources.SimplePreparableReloadListener.m_10789_(SimplePreparableReloadListener.java:13) ~[server-1.20.1-20230612.114412-srg.jar%23231!/:?]
	at java.util.concurrent.CompletableFuture$UniAccept.tryFire(CompletableFuture.java:718) ~[?:?]
	at java.util.concurrent.CompletableFuture$Completion.run(CompletableFuture.java:482) ~[?:?]
	at net.minecraft.server.packs.resources.SimpleReloadInstance.m_143940_(SimpleReloadInstance.java:69) ~[server-1.20.1-20230612.114412-srg.jar%23231!/:?]
	at net.minecraft.Util.m_214652_(Util.java:783) ~[server-1.20.1-20230612.114412-srg.jar%23231!/:?]
	at net.minecraft.Util.m_214679_(Util.java:772) ~[server-1.20.1-20230612.114412-srg.jar%23231!/:?]
	at net.minecraft.server.Main.main(Main.java:166) ~[server-1.20.1-20230612.114412-srg.jar%23231!/:?]
	at jdk.internal.reflect.NativeMethodAccessorImpl.invoke0(Native Method) ~[?:?]
	at jdk.internal.reflect.NativeMethodAccessorImpl.invoke(NativeMethodAccessorImpl.java:77) ~[?:?]
	at jdk.internal.reflect.DelegatingMethodAccessorImpl.invoke(DelegatingMethodAccessorImpl.java:43) ~[?:?]
	at java.lang.reflect.Method.invoke(Method.java:569) ~[?:?]
	at net.minecraftforge.fml.loading.targets.CommonLaunchHandler.runTarget(CommonLaunchHandler.java:111) ~[fmlloader-1.20.1-47.3.0.jar%2367!/:?]
	at net.minecraftforge.fml.loading.targets.CommonLaunchHandler.serverService(CommonLaunchHandler.java:103) ~[fmlloader-1.20.1-47.3.0.jar%2367!/:?]
	at net.minecraftforge.fml.loading.targets.CommonServerLaunchHandler.lambda$makeService$0(CommonServerLaunchHandler.java:27) ~[fmlloader-1.20.1-47.3.0.jar%2367!/:?]
	at cpw.mods.modlauncher.LaunchServiceHandlerDecorator.launch(LaunchServiceHandlerDecorator.java:30) ~[modlauncher-10.0.9.jar%2353!/:?]
	at cpw.mods.modlauncher.LaunchServiceHandler.launch(LaunchServiceHandler.java:53) ~[modlauncher-10.0.9.jar%2353!/:?]
	at cpw.mods.modlauncher.LaunchServiceHandler.launch(LaunchServiceHandler.java:71) ~[modlauncher-10.0.9.jar%2353!/:?]
	at cpw.mods.modlauncher.Launcher.run(Launcher.java:108) ~[modlauncher-10.0.9.jar%2353!/:?]
	at cpw.mods.modlauncher.Launcher.main(Launcher.java:78) ~[modlauncher-10.0.9.jar%2353!/:?]
	at cpw.mods.modlauncher.BootstrapLaunchConsumer.accept(BootstrapLaunchConsumer.java:26) ~[modlauncher-10.0.9.jar%2353!/:?]
	at cpw.mods.modlauncher.BootstrapLaunchConsumer.accept(BootstrapLaunchConsumer.java:23) ~[modlauncher-10.0.9.jar%2353!/:?]
	at cpw.mods.bootstraplauncher.BootstrapLauncher.main(BootstrapLauncher.java:141) ~[bootstraplauncher-1.1.2.jar:?]
[14Oct2025 20:13:17.028] [main/ERROR] [net.minecraft.world.item.crafting.RecipeManager/]: Parsing error loading recipe iter_rpg:smooth_ice_bricks_cut_stairs
com.google.gson.JsonSyntaxException: Unknown item 'iter_rpg:ice_bricks'
	at net.minecraft.world.item.crafting.ShapedRecipe.m_151280_(ShapedRecipe.java:292) ~[server-1.20.1-20230612.114412-srg.jar%23231!/:?]
	at java.util.Optional.orElseThrow(Optional.java:403) ~[?:?]
	at net.minecraft.world.item.crafting.ShapedRecipe.m_151278_(ShapedRecipe.java:291) ~[server-1.20.1-20230612.114412-srg.jar%23231!/:?]
	at net.minecraft.world.item.crafting.Ingredient.m_43919_(Ingredient.java:219) ~[server-1.20.1-20230612.114412-srg.jar%23231!/:?]
	at net.minecraftforge.common.crafting.VanillaIngredientSerializer.parse(VanillaIngredientSerializer.java:27) ~[forge-1.20.1-47.3.0-universal.jar%23236!/:?]
	at net.minecraftforge.common.crafting.CraftingHelper.getIngredient(CraftingHelper.java:148) ~[forge-1.20.1-47.3.0-universal.jar%23236!/:?]
	at net.minecraft.world.item.crafting.Ingredient.m_288218_(Ingredient.java:194) ~[server-1.20.1-20230612.114412-srg.jar%23231!/:?]
	at net.minecraft.world.item.crafting.SingleItemRecipe$Serializer.m_6729_(SingleItemRecipe.java:91) ~[server-1.20.1-20230612.114412-srg.jar%23231!/:?]
	at net.minecraft.world.item.crafting.SingleItemRecipe$Serializer.m_6729_(SingleItemRecipe.java:72) ~[server-1.20.1-20230612.114412-srg.jar%23231!/:?]
	at net.minecraftforge.common.extensions.IForgeRecipeSerializer.fromJson(IForgeRecipeSerializer.java:23) ~[forge-1.20.1-47.3.0-universal.jar%23236!/:?]
	at net.minecraft.world.item.crafting.RecipeManager.fromJson(RecipeManager.java:171) ~[server-1.20.1-20230612.114412-srg.jar%23231!/:?]
	at net.minecraft.world.item.crafting.RecipeManager.m_5787_(RecipeManager.java:67) ~[server-1.20.1-20230612.114412-srg.jar%23231!/:?]
	at net.minecraft.world.item.crafting.RecipeManager.m_5787_(RecipeManager.java:34) ~[server-1.20.1-20230612.114412-srg.jar%23231!/:?]
	at net.minecraft.server.packs.resources.SimplePreparableReloadListener.m_10789_(SimplePreparableReloadListener.java:13) ~[server-1.20.1-20230612.114412-srg.jar%23231!/:?]
	at java.util.concurrent.CompletableFuture$UniAccept.tryFire(CompletableFuture.java:718) ~[?:?]
	at java.util.concurrent.CompletableFuture$Completion.run(CompletableFuture.java:482) ~[?:?]
	at net.minecraft.server.packs.resources.SimpleReloadInstance.m_143940_(SimpleReloadInstance.java:69) ~[server-1.20.1-20230612.114412-srg.jar%23231!/:?]
	at net.minecraft.Util.m_214652_(Util.java:783) ~[server-1.20.1-20230612.114412-srg.jar%23231!/:?]
	at net.minecraft.Util.m_214679_(Util.java:772) ~[server-1.20.1-20230612.114412-srg.jar%23231!/:?]
	at net.minecraft.server.Main.main(Main.java:166) ~[server-1.20.1-20230612.114412-srg.jar%23231!/:?]
	at jdk.internal.reflect.NativeMethodAccessorImpl.invoke0(Native Method) ~[?:?]
	at jdk.internal.reflect.NativeMethodAccessorImpl.invoke(NativeMethodAccessorImpl.java:77) ~[?:?]
	at jdk.internal.reflect.DelegatingMethodAccessorImpl.invoke(DelegatingMethodAccessorImpl.java:43) ~[?:?]
	at java.lang.reflect.Method.invoke(Method.java:569) ~[?:?]
	at net.minecraftforge.fml.loading.targets.CommonLaunchHandler.runTarget(CommonLaunchHandler.java:111) ~[fmlloader-1.20.1-47.3.0.jar%2367!/:?]
	at net.minecraftforge.fml.loading.targets.CommonLaunchHandler.serverService(CommonLaunchHandler.java:103) ~[fmlloader-1.20.1-47.3.0.jar%2367!/:?]
	at net.minecraftforge.fml.loading.targets.CommonServerLaunchHandler.lambda$makeService$0(CommonServerLaunchHandler.java:27) ~[fmlloader-1.20.1-47.3.0.jar%2367!/:?]
	at cpw.mods.modlauncher.LaunchServiceHandlerDecorator.launch(LaunchServiceHandlerDecorator.java:30) ~[modlauncher-10.0.9.jar%2353!/:?]
	at cpw.mods.modlauncher.LaunchServiceHandler.launch(LaunchServiceHandler.java:53) ~[modlauncher-10.0.9.jar%2353!/:?]
	at cpw.mods.modlauncher.LaunchServiceHandler.launch(LaunchServiceHandler.java:71) ~[modlauncher-10.0.9.jar%2353!/:?]
	at cpw.mods.modlauncher.Launcher.run(Launcher.java:108) ~[modlauncher-10.0.9.jar%2353!/:?]
	at cpw.mods.modlauncher.Launcher.main(Launcher.java:78) ~[modlauncher-10.0.9.jar%2353!/:?]
	at cpw.mods.modlauncher.BootstrapLaunchConsumer.accept(BootstrapLaunchConsumer.java:26) ~[modlauncher-10.0.9.jar%2353!/:?]
	at cpw.mods.modlauncher.BootstrapLaunchConsumer.accept(BootstrapLaunchConsumer.java:23) ~[modlauncher-10.0.9.jar%2353!/:?]
	at cpw.mods.bootstraplauncher.BootstrapLauncher.main(BootstrapLauncher.java:141) ~[bootstraplauncher-1.1.2.jar:?]
[14Oct2025 20:13:17.030] [main/ERROR] [net.minecraft.world.item.crafting.RecipeManager/]: Parsing error loading recipe iter_rpg:smooth_ice_cut_wall
com.google.gson.JsonSyntaxException: Unknown item 'iter_rpg:smooth_ice'
	at net.minecraft.world.item.crafting.ShapedRecipe.m_151280_(ShapedRecipe.java:292) ~[server-1.20.1-20230612.114412-srg.jar%23231!/:?]
	at java.util.Optional.orElseThrow(Optional.java:403) ~[?:?]
	at net.minecraft.world.item.crafting.ShapedRecipe.m_151278_(ShapedRecipe.java:291) ~[server-1.20.1-20230612.114412-srg.jar%23231!/:?]
	at net.minecraft.world.item.crafting.Ingredient.m_43919_(Ingredient.java:219) ~[server-1.20.1-20230612.114412-srg.jar%23231!/:?]
	at net.minecraftforge.common.crafting.VanillaIngredientSerializer.parse(VanillaIngredientSerializer.java:27) ~[forge-1.20.1-47.3.0-universal.jar%23236!/:?]
	at net.minecraftforge.common.crafting.CraftingHelper.getIngredient(CraftingHelper.java:148) ~[forge-1.20.1-47.3.0-universal.jar%23236!/:?]
	at net.minecraft.world.item.crafting.Ingredient.m_288218_(Ingredient.java:194) ~[server-1.20.1-20230612.114412-srg.jar%23231!/:?]
	at net.minecraft.world.item.crafting.SingleItemRecipe$Serializer.m_6729_(SingleItemRecipe.java:91) ~[server-1.20.1-20230612.114412-srg.jar%23231!/:?]
	at net.minecraft.world.item.crafting.SingleItemRecipe$Serializer.m_6729_(SingleItemRecipe.java:72) ~[server-1.20.1-20230612.114412-srg.jar%23231!/:?]
	at net.minecraftforge.common.extensions.IForgeRecipeSerializer.fromJson(IForgeRecipeSerializer.java:23) ~[forge-1.20.1-47.3.0-universal.jar%23236!/:?]
	at net.minecraft.world.item.crafting.RecipeManager.fromJson(RecipeManager.java:171) ~[server-1.20.1-20230612.114412-srg.jar%23231!/:?]
	at net.minecraft.world.item.crafting.RecipeManager.m_5787_(RecipeManager.java:67) ~[server-1.20.1-20230612.114412-srg.jar%23231!/:?]
	at net.minecraft.world.item.crafting.RecipeManager.m_5787_(RecipeManager.java:34) ~[server-1.20.1-20230612.114412-srg.jar%23231!/:?]
	at net.minecraft.server.packs.resources.SimplePreparableReloadListener.m_10789_(SimplePreparableReloadListener.java:13) ~[server-1.20.1-20230612.114412-srg.jar%23231!/:?]
	at java.util.concurrent.CompletableFuture$UniAccept.tryFire(CompletableFuture.java:718) ~[?:?]
	at java.util.concurrent.CompletableFuture$Completion.run(CompletableFuture.java:482) ~[?:?]
	at net.minecraft.server.packs.resources.SimpleReloadInstance.m_143940_(SimpleReloadInstance.java:69) ~[server-1.20.1-20230612.114412-srg.jar%23231!/:?]
	at net.minecraft.Util.m_214652_(Util.java:783) ~[server-1.20.1-20230612.114412-srg.jar%23231!/:?]
	at net.minecraft.Util.m_214679_(Util.java:772) ~[server-1.20.1-20230612.114412-srg.jar%23231!/:?]
	at net.minecraft.server.Main.main(Main.java:166) ~[server-1.20.1-20230612.114412-srg.jar%23231!/:?]
	at jdk.internal.reflect.NativeMethodAccessorImpl.invoke0(Native Method) ~[?:?]
	at jdk.internal.reflect.NativeMethodAccessorImpl.invoke(NativeMethodAccessorImpl.java:77) ~[?:?]
	at jdk.internal.reflect.DelegatingMethodAccessorImpl.invoke(DelegatingMethodAccessorImpl.java:43) ~[?:?]
	at java.lang.reflect.Method.invoke(Method.java:569) ~[?:?]
	at net.minecraftforge.fml.loading.targets.CommonLaunchHandler.runTarget(CommonLaunchHandler.java:111) ~[fmlloader-1.20.1-47.3.0.jar%2367!/:?]
	at net.minecraftforge.fml.loading.targets.CommonLaunchHandler.serverService(CommonLaunchHandler.java:103) ~[fmlloader-1.20.1-47.3.0.jar%2367!/:?]
	at net.minecraftforge.fml.loading.targets.CommonServerLaunchHandler.lambda$makeService$0(CommonServerLaunchHandler.java:27) ~[fmlloader-1.20.1-47.3.0.jar%2367!/:?]
	at cpw.mods.modlauncher.LaunchServiceHandlerDecorator.launch(LaunchServiceHandlerDecorator.java:30) ~[modlauncher-10.0.9.jar%2353!/:?]
	at cpw.mods.modlauncher.LaunchServiceHandler.launch(LaunchServiceHandler.java:53) ~[modlauncher-10.0.9.jar%2353!/:?]
	at cpw.mods.modlauncher.LaunchServiceHandler.launch(LaunchServiceHandler.java:71) ~[modlauncher-10.0.9.jar%2353!/:?]
	at cpw.mods.modlauncher.Launcher.run(Launcher.java:108) ~[modlauncher-10.0.9.jar%2353!/:?]
	at cpw.mods.modlauncher.Launcher.main(Launcher.java:78) ~[modlauncher-10.0.9.jar%2353!/:?]
	at cpw.mods.modlauncher.BootstrapLaunchConsumer.accept(BootstrapLaunchConsumer.java:26) ~[modlauncher-10.0.9.jar%2353!/:?]
	at cpw.mods.modlauncher.BootstrapLaunchConsumer.accept(BootstrapLaunchConsumer.java:23) ~[modlauncher-10.0.9.jar%2353!/:?]
	at cpw.mods.bootstraplauncher.BootstrapLauncher.main(BootstrapLauncher.java:141) ~[bootstraplauncher-1.1.2.jar:?]
[14Oct2025 20:13:17.039] [main/INFO] [net.minecraft.world.item.crafting.RecipeManager/]: Loaded 17 recipes
[14Oct2025 20:13:17.076] [main/ERROR] [net.minecraft.server.ServerAdvancementManager/]: Parsing error loading custom advancement spartanshields:recipes/dark_steel_riot_basic_shield: Unknown item id 'enderio:octadic_capacitor'
[14Oct2025 20:13:17.149] [main/ERROR] [net.minecraft.server.ServerAdvancementManager/]: Parsing error loading custom advancement spartanshields:recipes/basic_mekanists_tower_shield: Unknown item id 'mekanism:energy_tablet'
[14Oct2025 20:13:17.184] [main/ERROR] [net.minecraft.server.ServerAdvancementManager/]: Parsing error loading custom advancement spartanshields:recipes/dark_steel_riot_tower_shield: Unknown item id 'enderio:octadic_capacitor'
[14Oct2025 20:13:17.192] [main/ERROR] [net.minecraft.server.ServerAdvancementManager/]: Parsing error loading custom advancement spartanshields:recipes/basic_mekanists_basic_shield: Unknown item id 'mekanism:energy_tablet'
[14Oct2025 20:13:17.200] [main/ERROR] [net.minecraft.server.ServerAdvancementManager/]: Parsing error loading custom advancement legendary_monsters:defeat_ambusher: Expected item to be an item, was unknown string 'legendary_monsters:ancient_dripstone_shard'
[14Oct2025 20:13:17.251] [main/INFO] [net.minecraft.advancements.AdvancementList/]: Loaded 4577 advancements
[14Oct2025 20:13:17.274] [main/WARN] [epicfight/]: Can't find particle type epicfight:entity.hit.blunt
[14Oct2025 20:13:17.316] [main/INFO] [top.theillusivec4.curios.Curios/]: Loaded 11 curio slots
[14Oct2025 20:13:17.323] [main/INFO] [top.theillusivec4.curios.Curios/]: Loaded 1 curio entities
[14Oct2025 20:13:17.350] [main/INFO] [com.brutalbosses.BrutalBosses/]: Loaded boss variant for: minecraft:drowned
[14Oct2025 20:13:17.351] [main/INFO] [com.brutalbosses.BrutalBosses/]: Loaded boss variant for: minecraft:iron_golem
[14Oct2025 20:13:17.351] [main/INFO] [com.brutalbosses.BrutalBosses/]: Loaded boss variant for: minecraft:snow_golem
[14Oct2025 20:13:17.351] [main/INFO] [com.brutalbosses.BrutalBosses/]: Loaded boss variant for: minecraft:zombie
[14Oct2025 20:13:17.351] [main/INFO] [com.brutalbosses.BrutalBosses/]: Loaded boss variant for: minecraft:skeleton
[14Oct2025 20:13:17.351] [main/INFO] [com.brutalbosses.BrutalBosses/]: Loaded boss variant for: minecraft:pillager
[14Oct2025 20:13:17.351] [main/INFO] [com.brutalbosses.BrutalBosses/]: Loaded boss variant for: minecraft:vex
[14Oct2025 20:13:17.351] [main/INFO] [com.brutalbosses.BrutalBosses/]: Loaded boss variant for: minecraft:evoker
[14Oct2025 20:13:17.351] [main/INFO] [com.brutalbosses.BrutalBosses/]: Loaded boss variant for: minecraft:zombie
[14Oct2025 20:13:17.351] [main/INFO] [com.brutalbosses.BrutalBosses/]: Loaded boss variant for: minecraft:vindicator
[14Oct2025 20:13:17.352] [main/INFO] [com.brutalbosses.BrutalBosses/]: Loaded boss variant for: minecraft:wither_skeleton
[14Oct2025 20:13:17.352] [main/INFO] [com.brutalbosses.BrutalBosses/]: Loaded boss variant for: minecraft:wither_skeleton
[14Oct2025 20:13:17.352] [main/INFO] [com.brutalbosses.BrutalBosses/]: Loaded boss variant for: minecraft:cave_spider
[14Oct2025 20:13:17.352] [main/INFO] [com.brutalbosses.BrutalBosses/]: Loaded boss variant for: minecraft:zombie
[14Oct2025 20:13:17.352] [main/INFO] [com.brutalbosses.BrutalBosses/]: Loaded boss variant for: minecraft:husk
[14Oct2025 20:13:17.352] [main/INFO] [com.brutalbosses.BrutalBosses/]: Loaded boss variant for: minecraft:evoker
[14Oct2025 20:13:17.352] [main/INFO] [com.brutalbosses.BrutalBosses/]: Loaded boss variant for: minecraft:wandering_trader
[14Oct2025 20:13:17.352] [main/INFO] [com.brutalbosses.BrutalBosses/]: Loaded boss variant for: minecraft:guardian
[14Oct2025 20:13:17.352] [main/INFO] [com.brutalbosses.BrutalBosses/]: Loaded boss variant for: minecraft:vindicator
[14Oct2025 20:13:17.352] [main/INFO] [com.brutalbosses.BrutalBosses/]: Loaded boss variant for: minecraft:shulker
[14Oct2025 20:13:17.352] [main/INFO] [com.brutalbosses.BrutalBosses/]: Loaded boss variant for: minecraft:zoglin
[14Oct2025 20:13:17.353] [main/INFO] [com.brutalbosses.BrutalBosses/]: Loaded boss variant for: minecraft:chicken
[14Oct2025 20:13:17.353] [main/INFO] [com.brutalbosses.BrutalBosses/]: Loaded boss variant for: minecraft:blaze
[14Oct2025 20:13:17.353] [main/INFO] [com.brutalbosses.BrutalBosses/]: Loaded boss variant for: minecraft:witch
[14Oct2025 20:13:17.353] [main/INFO] [com.brutalbosses.BrutalBosses/]: Loaded boss variant for: minecraft:phantom
[14Oct2025 20:13:17.353] [main/INFO] [com.brutalbosses.BrutalBosses/]: Loaded boss variant for: minecraft:mooshroom
[14Oct2025 20:13:17.353] [main/INFO] [com.brutalbosses.BrutalBosses/]: Loaded boss variant for: minecraft:rabbit
[14Oct2025 20:13:17.353] [main/INFO] [com.brutalbosses.BrutalBosses/]: Loaded boss variant for: minecraft:piglin_brute
[14Oct2025 20:13:17.353] [main/INFO] [com.brutalbosses.BrutalBosses/]: Loaded boss variant for: minecraft:ghast
[14Oct2025 20:13:17.353] [main/INFO] [com.brutalbosses.BrutalBosses/]: Loaded boss variant for: minecraft:stray
[14Oct2025 20:13:17.358] [main/INFO] [Fossils Archeology/]: Loaded 723 server animations for 65 entities
[14Oct2025 20:13:17.374] [main/INFO] [Fossils Archeology/]: Loaded 1040 animation category entries for 65 entities
[14Oct2025 20:13:17.379] [main/INFO] [Fossils Archeology/]: Loaded data for 58 entities
[14Oct2025 20:13:17.380] [main/INFO] [Fossils Archeology/]: Loaded food values: (items: 51) (entities: 0, 0) (Tags: 0, 0)
[14Oct2025 20:13:17.389] [main/INFO] [Fossils Archeology/]: Loaded 10 variants
[14Oct2025 20:13:17.420] [main/WARN] [net.minecraft.core.MappedRegistry/]: Not all defined tags for registry ResourceKey[minecraft:root / minecraft:worldgen/biome] are present in data pack: forge:no_default_monsters, minecraft:is_mountains
[14Oct2025 20:13:18.885] [main/INFO] [Spartan Weaponry/]: Finished initialising Weapon Traits & Attributes! Took 5.004186ms
[14Oct2025 20:13:19.994] [Server thread/INFO] [net.minecraft.server.dedicated.DedicatedServer/]: Starting minecraft server version 1.20.1
[14Oct2025 20:13:19.994] [Server thread/INFO] [net.minecraft.server.dedicated.DedicatedServer/]: Loading properties
[14Oct2025 20:13:19.994] [Server thread/INFO] [net.minecraft.server.dedicated.DedicatedServer/]: Default game type: SURVIVAL
[14Oct2025 20:13:19.995] [Server thread/INFO] [net.minecraft.server.MinecraftServer/]: Generating keypair
[14Oct2025 20:13:20.168] [Server thread/INFO] [net.minecraft.server.dedicated.DedicatedServer/]: Starting Minecraft server on *:25565
[14Oct2025 20:13:20.194] [Server thread/INFO] [net.minecraft.server.network.ServerConnectionListener/]: Using epoll channel type
[14Oct2025 20:13:20.272] [Server thread/WARN] [net.minecraft.server.dedicated.DedicatedServer/]: **** SERVER IS RUNNING IN OFFLINE/INSECURE MODE!
[14Oct2025 20:13:20.272] [Server thread/WARN] [net.minecraft.server.dedicated.DedicatedServer/]: The server will make no attempt to authenticate usernames. Beware.
[14Oct2025 20:13:20.272] [Server thread/WARN] [net.minecraft.server.dedicated.DedicatedServer/]: While this makes the game possible to play without internet access, it also opens up the ability for hackers to connect with any username they choose.
[14Oct2025 20:13:20.272] [Server thread/WARN] [net.minecraft.server.dedicated.DedicatedServer/]: To change this, set "online-mode" to "true" in the server.properties file.
[14Oct2025 20:13:20.285] [Server thread/WARN] [net.minecraft.server.dedicated.DedicatedPlayerList/]: Failed to load white-list: 
com.google.gson.JsonSyntaxException: Expected a com.google.gson.JsonArray but was com.google.gson.JsonPrimitive; at path $
	at com.google.gson.internal.bind.TypeAdapters$34$1.read(TypeAdapters.java:1010) ~[gson-2.10.jar%2370!/:?]
	at com.google.gson.Gson.fromJson(Gson.java:1214) ~[gson-2.10.jar%2370!/:?]
	at com.google.gson.Gson.fromJson(Gson.java:1124) ~[gson-2.10.jar%2370!/:?]
	at com.google.gson.Gson.fromJson(Gson.java:1062) ~[gson-2.10.jar%2370!/:?]
	at net.minecraft.server.players.StoredUserList.m_11399_(StoredUserList.java:118) ~[server-1.20.1-20230612.114412-srg.jar%23231!/:?]
	at net.minecraft.server.dedicated.DedicatedPlayerList.m_139578_(DedicatedPlayerList.java:109) ~[server-1.20.1-20230612.114412-srg.jar%23231!/:?]
	at net.minecraft.server.dedicated.DedicatedPlayerList.<init>(DedicatedPlayerList.java:29) ~[server-1.20.1-20230612.114412-srg.jar%23231!/:?]
	at net.minecraft.server.dedicated.DedicatedServer.m_7038_(DedicatedServer.java:158) ~[server-1.20.1-20230612.114412-srg.jar%23231!/:?]
	at net.minecraft.server.MinecraftServer.m_130011_(MinecraftServer.java:634) ~[server-1.20.1-20230612.114412-srg.jar%23231!/:?]
	at net.minecraft.server.MinecraftServer.m_206580_(MinecraftServer.java:251) ~[server-1.20.1-20230612.114412-srg.jar%23231!/:?]
	at java.lang.Thread.run(Thread.java:840) ~[?:?]
[14Oct2025 20:13:20.292] [Server thread/INFO] [journeymap/]: Loading JourneyMap Forge Configs
[14Oct2025 20:13:20.293] [Thread-0/INFO] [journeymap/]: Loading JourneyMap Forge Configs
[14Oct2025 20:13:21.169] [Server thread/INFO] [terrablender/]: Initialized TerraBlender biomes for level stem minecraft:overworld
[14Oct2025 20:13:21.170] [Server thread/INFO] [terrablender/]: Initialized TerraBlender biomes for level stem minecraft:the_nether
[14Oct2025 20:13:21.170] [Server thread/INFO] [net.minecraft.server.dedicated.DedicatedServer/]: Preparing level "world"
[14Oct2025 20:13:31.860] [Server thread/INFO] [net.minecraft.server.MinecraftServer/]: Preparing start region for dimension minecraft:overworld
[14Oct2025 20:13:36.351] [Worker-Main-2/INFO] [net.minecraft.server.level.progress.LoggerChunkProgressListener/]: Preparing spawn area: 0%
[14Oct2025 20:13:36.367] [Worker-Main-3/INFO] [net.minecraft.server.level.progress.LoggerChunkProgressListener/]: Preparing spawn area: 0%
[14Oct2025 20:13:36.373] [Worker-Main-1/INFO] [net.minecraft.server.level.progress.LoggerChunkProgressListener/]: Preparing spawn area: 0%
[14Oct2025 20:13:36.382] [Worker-Main-1/INFO] [net.minecraft.server.level.progress.LoggerChunkProgressListener/]: Preparing spawn area: 0%
[14Oct2025 20:13:36.389] [Worker-Main-3/INFO] [net.minecraft.server.level.progress.LoggerChunkProgressListener/]: Preparing spawn area: 0%
[14Oct2025 20:13:36.394] [Worker-Main-2/INFO] [net.minecraft.server.level.progress.LoggerChunkProgressListener/]: Preparing spawn area: 0%
[14Oct2025 20:13:36.400] [Worker-Main-1/INFO] [net.minecraft.server.level.progress.LoggerChunkProgressListener/]: Preparing spawn area: 0%
[14Oct2025 20:13:36.405] [Worker-Main-3/INFO] [net.minecraft.server.level.progress.LoggerChunkProgressListener/]: Preparing spawn area: 0%
[14Oct2025 20:13:36.410] [Worker-Main-2/INFO] [net.minecraft.server.level.progress.LoggerChunkProgressListener/]: Preparing spawn area: 0%
[14Oct2025 20:13:36.417] [Worker-Main-3/INFO] [net.minecraft.server.level.progress.LoggerChunkProgressListener/]: Preparing spawn area: 0%
[14Oct2025 20:13:36.911] [Worker-Main-2/INFO] [net.minecraft.server.level.progress.LoggerChunkProgressListener/]: Preparing spawn area: 0%
[14Oct2025 20:13:37.362] [Worker-Main-1/INFO] [net.minecraft.server.level.progress.LoggerChunkProgressListener/]: Preparing spawn area: 9%
[14Oct2025 20:13:37.713] [Server thread/INFO] [com.cupboard.Cupboard/]: Loaded config for: brutalbosses.json
[14Oct2025 20:13:37.862] [Worker-Main-3/INFO] [net.minecraft.server.level.progress.LoggerChunkProgressListener/]: Preparing spawn area: 78%
[14Oct2025 20:13:38.019] [Server thread/INFO] [net.minecraft.server.level.progress.LoggerChunkProgressListener/]: Time elapsed: 6158 ms
[14Oct2025 20:13:38.019] [Server thread/INFO] [net.minecraft.server.dedicated.DedicatedServer/]: Done (17.732s)! For help, type "help"
[14Oct2025 20:13:38.078] [Server thread/INFO] [net.minecraftforge.server.permission.PermissionAPI/]: Successfully initialized permission handler forge:default_handler
[14Oct2025 20:13:38.111] [Server thread/INFO] [com.rajhab.morevanillashields_mod.morevanillashields/]: morevanillashields: This mod is now running on a server. Please report any error or bugs.
[14Oct2025 20:13:38.115] [Server thread/INFO] [com.github.alexthe666.iceandfire.IceAndFire/]: {iceandfire:fire_dragon_roost=true, iceandfire:fire_lily=true, iceandfire:spawn_dragon_skeleton_fire=true, iceandfire:lightning_dragon_roost=true, iceandfire:spawn_dragon_skeleton_lightning=true, iceandfire:ice_dragon_roost=true, iceandfire:ice_dragon_cave=true, iceandfire:lightning_dragon_cave=true, iceandfire:cyclops_cave=true, iceandfire:spawn_wandering_cyclops=true, iceandfire:spawn_sea_serpent=true, iceandfire:frost_lily=true, iceandfire:hydra_cave=true, iceandfire:lightning_lily=true, iceandfire:pixie_village=true, iceandfire:myrmex_hive_jungle=true, iceandfire:myrmex_hive_desert=true, iceandfire:silver_ore=true, iceandfire:siren_island=true, iceandfire:spawn_dragon_skeleton_ice=true, iceandfire:spawn_stymphalian_bird=true, iceandfire:fire_dragon_cave=true, iceandfire:sapphire_ore=true, iceandfire:spawn_hippocampus=true, iceandfire:spawn_death_worm=true}
[14Oct2025 20:13:38.115] [Server thread/INFO] [com.github.alexthe666.iceandfire.IceAndFire/]: {TROLL_S=true, HIPPOGRYPH=true, AMPHITHERE=true, COCKATRICE=true, TROLL_M=true, DREAD_LICH=true, TROLL_F=true}
[14Oct2025 20:17:23.750] [Server thread/INFO] [net.minecraft.server.players.PlayerList/]: AleGuil_[/127.19.150.140:59507] logged in with entity id 45 at (-4666.274128281792, 15.0, 495.8419255148756)
[14Oct2025 20:17:23.827] [Server thread/INFO] [net.minecraft.server.MinecraftServer/]: AleGuil_ joined the game
[14Oct2025 20:17:27.155] [Server thread/WARN] [net.minecraft.server.MinecraftServer/]: Can't keep up! Is the server overloaded? Running 3590ms or 71 ticks behind
[14Oct2025 20:18:29.581] [Server thread/WARN] [net.minecraft.server.level.ServerPlayerGameMode/]: Mismatch in destroy block pos: BlockPos{x=-4669, y=16, z=492} BlockPos{x=-4668, y=16, z=494}
[14Oct2025 20:18:29.633] [Server thread/WARN] [net.minecraft.server.level.ServerPlayerGameMode/]: Mismatch in destroy block pos: BlockPos{x=-4669, y=16, z=492} BlockPos{x=-4668, y=16, z=494}
[14Oct2025 20:18:29.678] [Server thread/WARN] [net.minecraft.server.level.ServerPlayerGameMode/]: Mismatch in destroy block pos: BlockPos{x=-4670, y=16, z=491} BlockPos{x=-4668, y=16, z=494}
[14Oct2025 20:18:29.732] [Server thread/WARN] [net.minecraft.server.level.ServerPlayerGameMode/]: Mismatch in destroy block pos: BlockPos{x=-4670, y=15, z=491} BlockPos{x=-4668, y=16, z=494}
[14Oct2025 20:18:29.779] [Server thread/WARN] [net.minecraft.server.level.ServerPlayerGameMode/]: Mismatch in destroy block pos: BlockPos{x=-4670, y=15, z=491} BlockPos{x=-4668, y=16, z=494}
[14Oct2025 20:18:55.676] [Server thread/WARN] [net.minecraft.world.level.chunk.LevelChunk/]: Tried to load a block entity for block Block{minecraft:fletching_table} but failed at location BlockPos{x=-4781, y=68, z=266}
[14Oct2025 20:19:02.556] [Server thread/WARN] [net.minecraft.server.level.ServerPlayerGameMode/]: Mismatch in destroy block pos: BlockPos{x=-4662, y=16, z=436} BlockPos{x=-4665, y=16, z=432}
[14Oct2025 20:19:02.993] [Server thread/WARN] [net.minecraft.server.level.ServerPlayerGameMode/]: Mismatch in destroy block pos: BlockPos{x=-4662, y=16, z=436} BlockPos{x=-4664, y=15, z=432}
[14Oct2025 20:19:05.463] [Server thread/WARN] [net.minecraft.server.level.ServerPlayerGameMode/]: Mismatch in destroy block pos: BlockPos{x=-4664, y=15, z=432} BlockPos{x=-4664, y=16, z=430}
[14Oct2025 20:19:05.468] [Server thread/WARN] [net.minecraft.server.level.ServerPlayerGameMode/]: Mismatch in destroy block pos: BlockPos{x=-4664, y=15, z=432} BlockPos{x=-4664, y=16, z=430}
[14Oct2025 20:19:06.538] [Server thread/WARN] [net.minecraft.server.level.ServerPlayerGameMode/]: Mismatch in destroy block pos: BlockPos{x=-4664, y=15, z=432} BlockPos{x=-4664, y=15, z=429}
[14Oct2025 20:19:07.189] [Server thread/WARN] [net.minecraft.server.level.ServerPlayerGameMode/]: Mismatch in destroy block pos: BlockPos{x=-4664, y=15, z=432} BlockPos{x=-4664, y=15, z=428}
[14Oct2025 20:19:08.388] [Server thread/WARN] [net.minecraft.server.level.ServerPlayerGameMode/]: Mismatch in destroy block pos: BlockPos{x=-4664, y=15, z=432} BlockPos{x=-4664, y=16, z=426}
[14Oct2025 20:19:09.585] [Server thread/WARN] [net.minecraft.server.level.ServerPlayerGameMode/]: Mismatch in destroy block pos: BlockPos{x=-4664, y=15, z=432} BlockPos{x=-4664, y=15, z=426}
[14Oct2025 20:19:12.091] [Server thread/WARN] [net.minecraft.server.level.ServerPlayerGameMode/]: Mismatch in destroy block pos: BlockPos{x=-4664, y=15, z=432} BlockPos{x=-4664, y=15, z=423}
[14Oct2025 20:19:20.850] [Server thread/WARN] [net.minecraft.server.level.ServerPlayerGameMode/]: Mismatch in destroy block pos: BlockPos{x=-4664, y=15, z=432} BlockPos{x=-4669, y=14, z=401}
[14Oct2025 20:19:20.884] [Server thread/WARN] [net.minecraft.server.level.ServerPlayerGameMode/]: Mismatch in destroy block pos: BlockPos{x=-4664, y=15, z=432} BlockPos{x=-4669, y=14, z=401}
[14Oct2025 20:19:20.936] [Server thread/WARN] [net.minecraft.server.level.ServerPlayerGameMode/]: Mismatch in destroy block pos: BlockPos{x=-4664, y=15, z=432} BlockPos{x=-4669, y=14, z=401}
[14Oct2025 20:19:20.991] [Server thread/WARN] [net.minecraft.server.level.ServerPlayerGameMode/]: Mismatch in destroy block pos: BlockPos{x=-4668, y=13, z=399} BlockPos{x=-4669, y=14, z=401}
[14Oct2025 20:19:23.483] [Server thread/WARN] [net.minecraft.server.level.ServerPlayerGameMode/]: Mismatch in destroy block pos: BlockPos{x=-4668, y=14, z=395} BlockPos{x=-4668, y=14, z=394}
[14Oct2025 20:19:33.584] [Server thread/WARN] [net.minecraft.server.level.ServerPlayerGameMode/]: Mismatch in destroy block pos: BlockPos{x=-4664, y=14, z=374} BlockPos{x=-4663, y=14, z=373}
[14Oct2025 20:19:56.988] [Server thread/WARN] [net.minecraft.server.level.ServerPlayerGameMode/]: Mismatch in destroy block pos: BlockPos{x=-4660, y=13, z=368} BlockPos{x=-4661, y=13, z=368}
[14Oct2025 20:19:58.683] [Server thread/WARN] [net.minecraft.server.level.ServerPlayerGameMode/]: Mismatch in destroy block pos: BlockPos{x=-4660, y=13, z=368} BlockPos{x=-4662, y=14, z=367}
[14Oct2025 20:20:00.535] [Server thread/WARN] [net.minecraft.server.level.ServerPlayerGameMode/]: Mismatch in destroy block pos: BlockPos{x=-4660, y=13, z=368} BlockPos{x=-4662, y=14, z=366}
[14Oct2025 20:20:00.600] [Server thread/WARN] [net.minecraft.server.level.ServerPlayerGameMode/]: Mismatch in destroy block pos: BlockPos{x=-4660, y=13, z=368} BlockPos{x=-4662, y=14, z=366}
[14Oct2025 20:20:00.634] [Server thread/WARN] [net.minecraft.server.level.ServerPlayerGameMode/]: Mismatch in destroy block pos: BlockPos{x=-4660, y=13, z=368} BlockPos{x=-4662, y=14, z=366}
[14Oct2025 20:20:00.705] [Server thread/WARN] [net.minecraft.server.level.ServerPlayerGameMode/]: Mismatch in destroy block pos: BlockPos{x=-4660, y=13, z=368} BlockPos{x=-4662, y=14, z=366}
[14Oct2025 20:20:00.735] [Server thread/WARN] [net.minecraft.server.level.ServerPlayerGameMode/]: Mismatch in destroy block pos: BlockPos{x=-4660, y=13, z=368} BlockPos{x=-4662, y=14, z=366}
[14Oct2025 20:20:00.795] [Server thread/WARN] [net.minecraft.server.level.ServerPlayerGameMode/]: Mismatch in destroy block pos: BlockPos{x=-4660, y=13, z=368} BlockPos{x=-4662, y=14, z=366}
[14Oct2025 20:20:00.837] [Server thread/WARN] [net.minecraft.server.level.ServerPlayerGameMode/]: Mismatch in destroy block pos: BlockPos{x=-4660, y=13, z=368} BlockPos{x=-4662, y=14, z=366}
[14Oct2025 20:20:02.336] [Server thread/WARN] [net.minecraft.server.level.ServerPlayerGameMode/]: Mismatch in destroy block pos: BlockPos{x=-4660, y=13, z=368} BlockPos{x=-4662, y=15, z=364}
[14Oct2025 20:20:02.392] [Server thread/WARN] [net.minecraft.server.level.ServerPlayerGameMode/]: Mismatch in destroy block pos: BlockPos{x=-4660, y=13, z=368} BlockPos{x=-4662, y=15, z=364}
[14Oct2025 20:20:02.492] [Server thread/WARN] [net.minecraft.server.level.ServerPlayerGameMode/]: Mismatch in destroy block pos: BlockPos{x=-4660, y=13, z=368} BlockPos{x=-4662, y=15, z=364}
[14Oct2025 20:20:05.842] [Server thread/WARN] [net.minecraft.server.level.ServerPlayerGameMode/]: Mismatch in destroy block pos: BlockPos{x=-4662, y=17, z=361} BlockPos{x=-4662, y=16, z=358}
[14Oct2025 20:20:06.688] [Server thread/WARN] [net.minecraft.server.level.ServerPlayerGameMode/]: Mismatch in destroy block pos: BlockPos{x=-4664, y=16, z=357} BlockPos{x=-4665, y=16, z=357}
[14Oct2025 20:20:06.737] [Server thread/WARN] [net.minecraft.server.level.ServerPlayerGameMode/]: Mismatch in destroy block pos: BlockPos{x=-4664, y=16, z=357} BlockPos{x=-4664, y=16, z=356}
[14Oct2025 20:20:06.791] [Server thread/WARN] [net.minecraft.server.level.ServerPlayerGameMode/]: Mismatch in destroy block pos: BlockPos{x=-4664, y=16, z=357} BlockPos{x=-4664, y=16, z=356}
[14Oct2025 20:20:06.846] [Server thread/WARN] [net.minecraft.server.level.ServerPlayerGameMode/]: Mismatch in destroy block pos: BlockPos{x=-4664, y=16, z=357} BlockPos{x=-4664, y=16, z=356}
[14Oct2025 20:20:06.892] [Server thread/WARN] [net.minecraft.server.level.ServerPlayerGameMode/]: Mismatch in destroy block pos: BlockPos{x=-4664, y=16, z=357} BlockPos{x=-4664, y=16, z=356}
[14Oct2025 20:20:06.945] [Server thread/WARN] [net.minecraft.server.level.ServerPlayerGameMode/]: Mismatch in destroy block pos: BlockPos{x=-4664, y=16, z=357} BlockPos{x=-4664, y=16, z=356}
[14Oct2025 20:20:07.096] [Server thread/WARN] [net.minecraft.server.level.ServerPlayerGameMode/]: Mismatch in destroy block pos: BlockPos{x=-4661, y=16, z=355} BlockPos{x=-4664, y=16, z=356}
[14Oct2025 20:20:07.097] [Server thread/WARN] [net.minecraft.server.level.ServerPlayerGameMode/]: Mismatch in destroy block pos: BlockPos{x=-4661, y=16, z=354} BlockPos{x=-4664, y=16, z=356}
[14Oct2025 20:20:07.098] [Server thread/WARN] [net.minecraft.server.level.ServerPlayerGameMode/]: Mismatch in destroy block pos: BlockPos{x=-4661, y=15, z=354} BlockPos{x=-4664, y=16, z=356}
[14Oct2025 20:20:07.146] [Server thread/WARN] [net.minecraft.server.level.ServerPlayerGameMode/]: Mismatch in destroy block pos: BlockPos{x=-4661, y=15, z=354} BlockPos{x=-4664, y=16, z=356}
[14Oct2025 20:20:11.584] [Server thread/WARN] [net.minecraft.server.level.ServerPlayerGameMode/]: Mismatch in destroy block pos: BlockPos{x=-4662, y=16, z=349} BlockPos{x=-4662, y=16, z=348}
[14Oct2025 20:20:11.641] [Server thread/WARN] [net.minecraft.server.level.ServerPlayerGameMode/]: Mismatch in destroy block pos: BlockPos{x=-4662, y=16, z=349} BlockPos{x=-4662, y=16, z=348}
[14Oct2025 20:20:11.705] [Server thread/WARN] [net.minecraft.server.level.ServerPlayerGameMode/]: Mismatch in destroy block pos: BlockPos{x=-4662, y=16, z=349} BlockPos{x=-4662, y=16, z=348}
[14Oct2025 20:20:11.738] [Server thread/WARN] [net.minecraft.server.level.ServerPlayerGameMode/]: Mismatch in destroy block pos: BlockPos{x=-4662, y=16, z=349} BlockPos{x=-4662, y=16, z=348}
[14Oct2025 20:20:15.335] [Server thread/WARN] [net.minecraft.server.level.ServerPlayerGameMode/]: Mismatch in destroy block pos: BlockPos{x=-4662, y=16, z=349} BlockPos{x=-4662, y=16, z=341}
[14Oct2025 20:20:16.792] [Server thread/WARN] [net.minecraft.server.level.ServerPlayerGameMode/]: Mismatch in destroy block pos: BlockPos{x=-4662, y=16, z=341} BlockPos{x=-4663, y=16, z=337}
[14Oct2025 20:20:25.686] [Server thread/WARN] [net.minecraft.server.level.ServerPlayerGameMode/]: Mismatch in destroy block pos: BlockPos{x=-4660, y=16, z=327} BlockPos{x=-4658, y=16, z=320}
[14Oct2025 20:20:25.735] [Server thread/WARN] [net.minecraft.server.level.ServerPlayerGameMode/]: Mismatch in destroy block pos: BlockPos{x=-4660, y=16, z=327} BlockPos{x=-4658, y=16, z=320}
[14Oct2025 20:20:25.784] [Server thread/WARN] [net.minecraft.server.level.ServerPlayerGameMode/]: Mismatch in destroy block pos: BlockPos{x=-4660, y=16, z=327} BlockPos{x=-4658, y=16, z=320}
[14Oct2025 20:20:25.832] [Server thread/WARN] [net.minecraft.server.level.ServerPlayerGameMode/]: Mismatch in destroy block pos: BlockPos{x=-4660, y=16, z=327} BlockPos{x=-4658, y=16, z=320}
[14Oct2025 20:20:25.888] [Server thread/WARN] [net.minecraft.server.level.ServerPlayerGameMode/]: Mismatch in destroy block pos: BlockPos{x=-4660, y=16, z=327} BlockPos{x=-4658, y=16, z=320}
[14Oct2025 20:20:25.932] [Server thread/WARN] [net.minecraft.server.level.ServerPlayerGameMode/]: Mismatch in destroy block pos: BlockPos{x=-4660, y=16, z=327} BlockPos{x=-4658, y=16, z=320}
[14Oct2025 20:20:27.882] [Server thread/WARN] [net.minecraft.server.level.ServerPlayerGameMode/]: Mismatch in destroy block pos: BlockPos{x=-4660, y=16, z=327} BlockPos{x=-4657, y=15, z=317}
[14Oct2025 20:20:27.948] [Server thread/WARN] [net.minecraft.server.level.ServerPlayerGameMode/]: Mismatch in destroy block pos: BlockPos{x=-4660, y=16, z=327} BlockPos{x=-4657, y=15, z=317}
[14Oct2025 20:20:29.389] [Server thread/WARN] [net.minecraft.server.level.ServerPlayerGameMode/]: Mismatch in destroy block pos: BlockPos{x=-4660, y=16, z=327} BlockPos{x=-4657, y=16, z=315}
[14Oct2025 20:20:29.433] [Server thread/WARN] [net.minecraft.server.level.ServerPlayerGameMode/]: Mismatch in destroy block pos: BlockPos{x=-4660, y=16, z=327} BlockPos{x=-4657, y=16, z=315}
[14Oct2025 20:20:29.489] [Server thread/WARN] [net.minecraft.server.level.ServerPlayerGameMode/]: Mismatch in destroy block pos: BlockPos{x=-4660, y=16, z=327} BlockPos{x=-4657, y=16, z=315}
[14Oct2025 20:20:29.538] [Server thread/WARN] [net.minecraft.server.level.ServerPlayerGameMode/]: Mismatch in destroy block pos: BlockPos{x=-4660, y=16, z=327} BlockPos{x=-4657, y=16, z=315}
[14Oct2025 20:20:31.239] [Server thread/WARN] [net.minecraft.server.level.ServerPlayerGameMode/]: Mismatch in destroy block pos: BlockPos{x=-4660, y=16, z=327} BlockPos{x=-4657, y=16, z=311}
[14Oct2025 20:20:31.315] [Server thread/WARN] [net.minecraft.server.level.ServerPlayerGameMode/]: Mismatch in destroy block pos: BlockPos{x=-4660, y=16, z=327} BlockPos{x=-4657, y=16, z=311}
[14Oct2025 20:20:31.345] [Server thread/WARN] [net.minecraft.server.level.ServerPlayerGameMode/]: Mismatch in destroy block pos: BlockPos{x=-4660, y=16, z=327} BlockPos{x=-4657, y=16, z=311}
[14Oct2025 20:20:31.382] [Server thread/WARN] [net.minecraft.server.level.ServerPlayerGameMode/]: Mismatch in destroy block pos: BlockPos{x=-4660, y=16, z=327} BlockPos{x=-4657, y=16, z=311}
[14Oct2025 20:20:34.748] [Server thread/WARN] [net.minecraft.server.level.ServerPlayerGameMode/]: Mismatch in destroy block pos: BlockPos{x=-4660, y=16, z=327} BlockPos{x=-4657, y=16, z=305}
[14Oct2025 20:20:39.998] [Server thread/WARN] [net.minecraft.server.level.ServerPlayerGameMode/]: Mismatch in destroy block pos: BlockPos{x=-4660, y=16, z=327} BlockPos{x=-4657, y=16, z=291}
[14Oct2025 20:20:40.393] [Server thread/WARN] [net.minecraft.server.level.ServerPlayerGameMode/]: Mismatch in destroy block pos: BlockPos{x=-4660, y=16, z=327} BlockPos{x=-4659, y=16, z=291}
[14Oct2025 20:20:40.437] [Server thread/WARN] [net.minecraft.server.level.ServerPlayerGameMode/]: Mismatch in destroy block pos: BlockPos{x=-4660, y=16, z=327} BlockPos{x=-4659, y=16, z=291}
[14Oct2025 20:20:45.083] [Server thread/WARN] [net.minecraft.server.level.ServerPlayerGameMode/]: Mismatch in destroy block pos: BlockPos{x=-4657, y=15, z=289} BlockPos{x=-4657, y=16, z=289}
[14Oct2025 20:20:45.141] [Server thread/WARN] [net.minecraft.server.level.ServerPlayerGameMode/]: Mismatch in destroy block pos: BlockPos{x=-4657, y=15, z=289} BlockPos{x=-4657, y=16, z=289}
[14Oct2025 20:20:48.482] [Server thread/WARN] [net.minecraft.server.level.ServerPlayerGameMode/]: Mismatch in destroy block pos: BlockPos{x=-4657, y=15, z=289} BlockPos{x=-4657, y=15, z=285}
[14Oct2025 20:20:59.233] [Server thread/WARN] [net.minecraft.server.level.ServerPlayerGameMode/]: Mismatch in destroy block pos: BlockPos{x=-4657, y=15, z=289} BlockPos{x=-4657, y=17, z=271}
[14Oct2025 20:20:59.292] [Server thread/WARN] [net.minecraft.server.level.ServerPlayerGameMode/]: Mismatch in destroy block pos: BlockPos{x=-4657, y=15, z=289} BlockPos{x=-4657, y=17, z=271}
[14Oct2025 20:21:01.637] [Server thread/WARN] [net.minecraft.server.level.ServerPlayerGameMode/]: Mismatch in destroy block pos: BlockPos{x=-4657, y=15, z=289} BlockPos{x=-4657, y=17, z=267}
[14Oct2025 20:21:03.488] [Server thread/WARN] [net.minecraft.server.level.ServerPlayerGameMode/]: Mismatch in destroy block pos: BlockPos{x=-4657, y=15, z=289} BlockPos{x=-4658, y=17, z=265}
[14Oct2025 20:21:03.539] [Server thread/WARN] [net.minecraft.server.level.ServerPlayerGameMode/]: Mismatch in destroy block pos: BlockPos{x=-4657, y=15, z=289} BlockPos{x=-4658, y=17, z=265}
[14Oct2025 20:21:03.597] [Server thread/WARN] [net.minecraft.server.level.ServerPlayerGameMode/]: Mismatch in destroy block pos: BlockPos{x=-4657, y=15, z=289} BlockPos{x=-4658, y=17, z=265}
[14Oct2025 20:21:04.834] [Server thread/WARN] [net.minecraft.server.level.ServerPlayerGameMode/]: Mismatch in destroy block pos: BlockPos{x=-4657, y=15, z=289} BlockPos{x=-4658, y=16, z=264}
[14Oct2025 20:21:05.941] [Server thread/WARN] [net.minecraft.server.level.ServerPlayerGameMode/]: Mismatch in destroy block pos: BlockPos{x=-4657, y=15, z=289} BlockPos{x=-4658, y=16, z=262}
[14Oct2025 20:21:11.889] [Server thread/WARN] [net.minecraft.server.level.ServerPlayerGameMode/]: Mismatch in destroy block pos: BlockPos{x=-4657, y=15, z=289} BlockPos{x=-4658, y=17, z=250}
[14Oct2025 20:21:12.438] [Server thread/WARN] [net.minecraft.server.level.ServerPlayerGameMode/]: Mismatch in destroy block pos: BlockPos{x=-4657, y=15, z=289} BlockPos{x=-4658, y=17, z=249}
[14Oct2025 20:21:13.446] [Server thread/WARN] [net.minecraft.server.level.ServerPlayerGameMode/]: Mismatch in destroy block pos: BlockPos{x=-4657, y=15, z=289} BlockPos{x=-4658, y=17, z=247}
[14Oct2025 20:21:14.052] [Server thread/WARN] [net.minecraft.server.level.ServerPlayerGameMode/]: Mismatch in destroy block pos: BlockPos{x=-4657, y=15, z=289} BlockPos{x=-4658, y=17, z=246}
[14Oct2025 20:21:35.044] [Server thread/WARN] [net.minecraft.server.level.ServerPlayerGameMode/]: Mismatch in destroy block pos: BlockPos{x=-4657, y=15, z=289} BlockPos{x=-4658, y=19, z=245}
[14Oct2025 20:21:35.086] [Server thread/WARN] [net.minecraft.server.level.ServerPlayerGameMode/]: Mismatch in destroy block pos: BlockPos{x=-4657, y=15, z=289} BlockPos{x=-4658, y=19, z=245}
[14Oct2025 20:21:35.133] [Server thread/WARN] [net.minecraft.server.level.ServerPlayerGameMode/]: Mismatch in destroy block pos: BlockPos{x=-4657, y=15, z=289} BlockPos{x=-4658, y=19, z=245}
[14Oct2025 20:21:44.133] [Server thread/WARN] [net.minecraft.server.level.ServerPlayerGameMode/]: Mismatch in destroy block pos: BlockPos{x=-4657, y=21, z=243} BlockPos{x=-4657, y=22, z=241}
[14Oct2025 20:21:55.785] [Server thread/WARN] [net.minecraft.server.level.ServerPlayerGameMode/]: Mismatch in destroy block pos: BlockPos{x=-4657, y=21, z=243} BlockPos{x=-4645, y=34, z=241}
[14Oct2025 20:21:55.835] [Server thread/WARN] [net.minecraft.server.level.ServerPlayerGameMode/]: Mismatch in destroy block pos: BlockPos{x=-4657, y=21, z=243} BlockPos{x=-4645, y=34, z=241}
[14Oct2025 20:21:55.905] [Server thread/WARN] [net.minecraft.server.level.ServerPlayerGameMode/]: Mismatch in destroy block pos: BlockPos{x=-4644, y=35, z=241} BlockPos{x=-4645, y=34, z=241}
[14Oct2025 20:21:55.948] [Server thread/WARN] [net.minecraft.server.level.ServerPlayerGameMode/]: Mismatch in destroy block pos: BlockPos{x=-4644, y=35, z=241} BlockPos{x=-4645, y=34, z=241}
[14Oct2025 20:21:55.992] [Server thread/WARN] [net.minecraft.server.level.ServerPlayerGameMode/]: Mismatch in destroy block pos: BlockPos{x=-4644, y=36, z=240} BlockPos{x=-4645, y=34, z=241}
[14Oct2025 20:21:56.039] [Server thread/WARN] [net.minecraft.server.level.ServerPlayerGameMode/]: Mismatch in destroy block pos: BlockPos{x=-4645, y=36, z=241} BlockPos{x=-4645, y=34, z=241}
[14Oct2025 20:21:56.093] [Server thread/WARN] [net.minecraft.server.level.ServerPlayerGameMode/]: Mismatch in destroy block pos: BlockPos{x=-4645, y=36, z=240} BlockPos{x=-4645, y=34, z=241}
[14Oct2025 20:21:56.136] [Server thread/WARN] [net.minecraft.server.level.ServerPlayerGameMode/]: Mismatch in destroy block pos: BlockPos{x=-4645, y=36, z=240} BlockPos{x=-4645, y=34, z=241}
[14Oct2025 20:22:03.736] [Server thread/WARN] [net.minecraft.server.level.ServerPlayerGameMode/]: Mismatch in destroy block pos: BlockPos{x=-4645, y=35, z=239} BlockPos{x=-4643, y=38, z=237}
[14Oct2025 20:22:03.802] [Server thread/WARN] [net.minecraft.server.level.ServerPlayerGameMode/]: Mismatch in destroy block pos: BlockPos{x=-4645, y=35, z=239} BlockPos{x=-4643, y=38, z=237}
[14Oct2025 20:22:03.844] [Server thread/WARN] [net.minecraft.server.level.ServerPlayerGameMode/]: Mismatch in destroy block pos: BlockPos{x=-4645, y=35, z=239} BlockPos{x=-4643, y=38, z=237}
[14Oct2025 20:22:03.886] [Server thread/WARN] [net.minecraft.server.level.ServerPlayerGameMode/]: Mismatch in destroy block pos: BlockPos{x=-4645, y=35, z=239} BlockPos{x=-4643, y=38, z=237}
[14Oct2025 20:22:15.532] [Server thread/WARN] [net.minecraft.server.level.ServerPlayerGameMode/]: Mismatch in destroy block pos: BlockPos{x=-4643, y=42, z=236} BlockPos{x=-4621, y=51, z=207}
[14Oct2025 20:22:15.753] [Server thread/WARN] [net.minecraft.server.level.ServerPlayerGameMode/]: Mismatch in destroy block pos: BlockPos{x=-4621, y=52, z=207} BlockPos{x=-4621, y=51, z=208}
[14Oct2025 20:22:15.783] [Server thread/WARN] [net.minecraft.server.level.ServerPlayerGameMode/]: Mismatch in destroy block pos: BlockPos{x=-4620, y=52, z=207} BlockPos{x=-4621, y=51, z=208}
[14Oct2025 20:22:15.831] [Server thread/WARN] [net.minecraft.server.level.ServerPlayerGameMode/]: Mismatch in destroy block pos: BlockPos{x=-4620, y=52, z=207} BlockPos{x=-4621, y=51, z=208}
[14Oct2025 20:22:21.282] [Server thread/WARN] [net.minecraft.server.level.ServerPlayerGameMode/]: Mismatch in destroy block pos: BlockPos{x=-4614, y=56, z=206} BlockPos{x=-4616, y=56, z=206}
[14Oct2025 20:22:21.335] [Server thread/WARN] [net.minecraft.server.level.ServerPlayerGameMode/]: Mismatch in destroy block pos: BlockPos{x=-4614, y=56, z=206} BlockPos{x=-4616, y=56, z=206}
[14Oct2025 20:22:28.036] [Server thread/WARN] [net.minecraft.server.level.ServerPlayerGameMode/]: Mismatch in destroy block pos: BlockPos{x=-4611, y=59, z=206} BlockPos{x=-4611, y=58, z=206}
[14Oct2025 20:22:38.836] [Server thread/WARN] [net.minecraft.server.level.ServerPlayerGameMode/]: Mismatch in destroy block pos: BlockPos{x=-4604, y=64, z=206} BlockPos{x=-4599, y=68, z=204}
[14Oct2025 20:22:38.933] [Server thread/WARN] [net.minecraft.server.level.ServerPlayerGameMode/]: Mismatch in destroy block pos: BlockPos{x=-4599, y=68, z=205} BlockPos{x=-4599, y=67, z=205}
[14Oct2025 20:22:43.680] [Server thread/WARN] [net.minecraft.server.level.ServerPlayerGameMode/]: Mismatch in destroy block pos: BlockPos{x=-4597, y=68, z=201} BlockPos{x=-4598, y=69, z=202}
[14Oct2025 20:24:17.028] [Worker-Main-10/WARN] [net.minecraft.world.level.levelgen.heightproviders.UniformHeight/]: Empty height range: [-33 absolute--50 absolute]
[14Oct2025 20:24:54.585] [Server thread/INFO] [net.minecraft.server.network.ServerGamePacketListenerImpl/]: AleGuil_ lost connection: Timed out
[14Oct2025 20:24:54.630] [Server thread/INFO] [net.minecraft.server.MinecraftServer/]: AleGuil_ left the game
[14Oct2025 20:25:01.347] [Server thread/INFO] [net.minecraft.server.players.PlayerList/]: AleGuil_[/127.19.150.140:57993] logged in with entity id 4825 at (-4927.598640888646, 88.0, 305.68067786420556)
[14Oct2025 20:25:01.375] [Server thread/INFO] [net.minecraft.server.MinecraftServer/]: AleGuil_ joined the game
[14Oct2025 20:25:04.674] [Server thread/WARN] [net.minecraft.server.MinecraftServer/]: Can't keep up! Is the server overloaded? Running 3358ms or 67 ticks behind
[14Oct2025 20:26:04.701] [Worker-Main-22/WARN] [com.finndog.mvs.MVSCommon/]: Moog's Voyager Structures: Empty or nonexistent pool: mvs:farm/side_pool which is being called from mvs:other_decoration/wooden_wheat_farm
[14Oct2025 20:27:48.156] [Worker-Main-11/WARN] [net.minecraft.world.level.levelgen.structure.pools.JigsawPlacement/]: Empty or non-existent pool: savanna:houses
[14Oct2025 20:27:48.157] [Worker-Main-11/WARN] [net.minecraft.world.level.levelgen.structure.pools.JigsawPlacement/]: Empty or non-existent pool: savanna:houses
[14Oct2025 20:28:28.807] [Server thread/WARN] [net.minecraft.server.network.ServerGamePacketListenerImpl/]: AleGuil_ moved too quickly! -9.2985262458933,0.0,-4.160252041454839
[14Oct2025 20:32:39.246] [Server thread/WARN] [net.minecraft.world.level.chunk.LevelChunk/]: Tried to load a block entity for block Block{minecraft:fletching_table} but failed at location BlockPos{x=-5661, y=-36, z=1085}
[14Oct2025 20:35:21.227] [Server thread/WARN] [net.minecraft.server.level.ServerPlayerGameMode/]: Mismatch in destroy block pos: BlockPos{x=-5688, y=112, z=1229} BlockPos{x=-5691, y=111, z=1229}
[14Oct2025 20:35:24.678] [Server thread/WARN] [net.minecraft.server.level.ServerPlayerGameMode/]: Mismatch in destroy block pos: BlockPos{x=-5690, y=112, z=1229} BlockPos{x=-5691, y=106, z=1229}
[14Oct2025 20:35:24.729] [Server thread/WARN] [net.minecraft.server.level.ServerPlayerGameMode/]: Mismatch in destroy block pos: BlockPos{x=-5691, y=105, z=1229} BlockPos{x=-5691, y=106, z=1229}
[14Oct2025 20:35:26.376] [Server thread/WARN] [net.minecraft.server.level.ServerPlayerGameMode/]: Mismatch in destroy block pos: BlockPos{x=-5691, y=104, z=1229} BlockPos{x=-5691, y=102, z=1229}
[14Oct2025 20:35:53.114] [Server thread/WARN] [net.minecraft.server.level.ServerPlayerGameMode/]: Mismatch in destroy block pos: BlockPos{x=-5691, y=97, z=1229} BlockPos{x=-5691, y=96, z=1229}
[14Oct2025 20:35:53.161] [Server thread/WARN] [net.minecraft.server.level.ServerPlayerGameMode/]: Mismatch in destroy block pos: BlockPos{x=-5691, y=95, z=1229} BlockPos{x=-5691, y=96, z=1229}
[14Oct2025 20:36:59.334] [Server thread/WARN] [net.minecraft.server.level.ServerPlayerGameMode/]: Mismatch in destroy block pos: BlockPos{x=-5691, y=13, z=1229} BlockPos{x=-5692, y=12, z=1229}
[14Oct2025 20:37:00.638] [Server thread/WARN] [net.minecraft.server.level.ServerPlayerGameMode/]: Mismatch in destroy block pos: BlockPos{x=-5691, y=13, z=1229} BlockPos{x=-5692, y=10, z=1229}
[14Oct2025 20:37:01.278] [Server thread/WARN] [net.minecraft.server.level.ServerPlayerGameMode/]: Mismatch in destroy block pos: BlockPos{x=-5691, y=13, z=1229} BlockPos{x=-5692, y=9, z=1229}
[14Oct2025 20:37:27.027] [Server thread/WARN] [net.minecraft.server.level.ServerPlayerGameMode/]: Mismatch in destroy block pos: BlockPos{x=-5693, y=7, z=1229} BlockPos{x=-5693, y=6, z=1228}
[14Oct2025 20:37:27.781] [Server thread/WARN] [net.minecraft.server.level.ServerPlayerGameMode/]: Mismatch in destroy block pos: BlockPos{x=-5693, y=7, z=1229} BlockPos{x=-5693, y=5, z=1228}
[14Oct2025 20:37:35.492] [Server thread/WARN] [net.minecraft.server.level.ServerPlayerGameMode/]: Mismatch in destroy block pos: BlockPos{x=-5693, y=0, z=1228} BlockPos{x=-5691, y=1, z=1227}
[14Oct2025 20:37:40.576] [Server thread/WARN] [net.minecraft.server.level.ServerPlayerGameMode/]: Mismatch in destroy block pos: BlockPos{x=-5688, y=1, z=1226} BlockPos{x=-5696, y=1, z=1228}
[14Oct2025 20:37:41.527] [Server thread/WARN] [net.minecraft.server.level.ServerPlayerGameMode/]: Mismatch in destroy block pos: BlockPos{x=-5688, y=1, z=1226} BlockPos{x=-5696, y=0, z=1228}
[14Oct2025 20:37:47.082] [Server thread/WARN] [net.minecraft.server.level.ServerPlayerGameMode/]: Mismatch in destroy block pos: BlockPos{x=-5688, y=1, z=1226} BlockPos{x=-5697, y=0, z=1228}
[14Oct2025 20:37:47.129] [Server thread/WARN] [net.minecraft.server.level.ServerPlayerGameMode/]: Mismatch in destroy block pos: BlockPos{x=-5688, y=1, z=1226} BlockPos{x=-5696, y=0, z=1229}
[14Oct2025 20:37:49.588] [Server thread/WARN] [net.minecraft.server.level.ServerPlayerGameMode/]: Mismatch in destroy block pos: BlockPos{x=-5700, y=4, z=1231} BlockPos{x=-5701, y=3, z=1231}
[14Oct2025 20:38:36.713] [Server thread/WARN] [net.minecraft.server.MinecraftServer/]: Can't keep up! Is the server overloaded? Running 47099ms or 941 ticks behind
[14Oct2025 20:38:36.729] [Server thread/INFO] [net.minecraft.server.network.ServerGamePacketListenerImpl/]: AleGuil_ lost connection: Disconnected
[14Oct2025 20:38:36.729] [Server thread/INFO] [net.minecraft.server.MinecraftServer/]: AleGuil_ left the game
[14Oct2025 20:38:41.218] [Server thread/INFO] [net.minecraft.server.players.PlayerList/]: AleGuil_[/127.19.150.140:41441] logged in with entity id 10055 at (-5697.699999988079, 0.0, 1229.0405059760471)
[14Oct2025 20:38:41.277] [Server thread/INFO] [net.minecraft.server.MinecraftServer/]: AleGuil_ joined the game
[14Oct2025 20:38:51.591] [Server thread/WARN] [net.minecraft.server.level.ServerPlayerGameMode/]: Mismatch in destroy block pos: BlockPos{x=0, y=0, z=0} BlockPos{x=-5700, y=1, z=1230}
[14Oct2025 20:38:52.085] [Server thread/WARN] [net.minecraft.server.level.ServerPlayerGameMode/]: Mismatch in destroy block pos: BlockPos{x=0, y=0, z=0} BlockPos{x=-5700, y=1, z=1231}
[14Oct2025 20:42:44.491] [Server thread/WARN] [net.minecraft.server.level.ServerPlayerGameMode/]: Mismatch in destroy block pos: BlockPos{x=-5696, y=-11, z=1226} BlockPos{x=-5703, y=-11, z=1216}
[14Oct2025 20:42:44.545] [Server thread/WARN] [net.minecraft.server.level.ServerPlayerGameMode/]: Mismatch in destroy block pos: BlockPos{x=-5696, y=-11, z=1226} BlockPos{x=-5703, y=-11, z=1216}
[14Oct2025 21:03:43.636] [Server thread/WARN] [net.minecraft.server.level.ServerPlayerGameMode/]: Mismatch in destroy block pos: BlockPos{x=-5641, y=0, z=1192} BlockPos{x=-5641, y=3, z=1192}
[14Oct2025 21:04:17.250] [Server thread/WARN] [net.minecraft.server.level.ServerPlayerGameMode/]: Mismatch in destroy block pos: BlockPos{x=-5642, y=9, z=1192} BlockPos{x=-5644, y=14, z=1192}
[14Oct2025 21:04:36.717] [Server thread/WARN] [net.minecraft.server.MinecraftServer/]: Can't keep up! Is the server overloaded? Running 19452ms or 389 ticks behind
[14Oct2025 21:04:36.732] [Server thread/WARN] [net.minecraft.server.level.ServerPlayerGameMode/]: Mismatch in destroy block pos: BlockPos{x=-5642, y=9, z=1192} BlockPos{x=-5644, y=14, z=1192}
[14Oct2025 21:04:36.734] [Server thread/WARN] [net.minecraft.server.level.ServerPlayerGameMode/]: Mismatch in destroy block pos: BlockPos{x=-5642, y=9, z=1192} BlockPos{x=-5644, y=14, z=1192}
[14Oct2025 21:04:36.734] [Server thread/WARN] [net.minecraft.server.level.ServerPlayerGameMode/]: Mismatch in destroy block pos: BlockPos{x=-5642, y=9, z=1192} BlockPos{x=-5644, y=14, z=1192}
[14Oct2025 21:04:36.756] [Server thread/WARN] [net.minecraft.server.network.ServerGamePacketListenerImpl/]: AleGuil_ moved too quickly! 0.0,10.166109260938214,0.0
[14Oct2025 21:04:40.296] [Server thread/WARN] [net.minecraft.server.level.ServerPlayerGameMode/]: Mismatch in destroy block pos: BlockPos{x=-5644, y=29, z=1192} BlockPos{x=-5644, y=26, z=1192}
[14Oct2025 21:04:40.345] [Server thread/WARN] [net.minecraft.server.level.ServerPlayerGameMode/]: Mismatch in destroy block pos: BlockPos{x=-5644, y=29, z=1192} BlockPos{x=-5644, y=26, z=1192}
[14Oct2025 21:04:40.397] [Server thread/WARN] [net.minecraft.server.level.ServerPlayerGameMode/]: Mismatch in destroy block pos: BlockPos{x=-5643, y=27, z=1192} BlockPos{x=-5644, y=26, z=1192}
[14Oct2025 21:04:40.447] [Server thread/WARN] [net.minecraft.server.level.ServerPlayerGameMode/]: Mismatch in destroy block pos: BlockPos{x=-5643, y=27, z=1192} BlockPos{x=-5644, y=26, z=1192}
[14Oct2025 21:04:55.753] [Server thread/WARN] [net.minecraft.server.level.ServerPlayerGameMode/]: Mismatch in destroy block pos: BlockPos{x=-5643, y=27, z=1192} BlockPos{x=-5644, y=33, z=1192}
[14Oct2025 21:04:55.801] [Server thread/WARN] [net.minecraft.server.level.ServerPlayerGameMode/]: Mismatch in destroy block pos: BlockPos{x=-5643, y=27, z=1192} BlockPos{x=-5644, y=33, z=1192}
[14Oct2025 21:04:55.852] [Server thread/WARN] [net.minecraft.server.level.ServerPlayerGameMode/]: Mismatch in destroy block pos: BlockPos{x=-5643, y=27, z=1192} BlockPos{x=-5644, y=33, z=1192}
[14Oct2025 21:04:55.907] [Server thread/WARN] [net.minecraft.server.level.ServerPlayerGameMode/]: Mismatch in destroy block pos: BlockPos{x=-5643, y=27, z=1192} BlockPos{x=-5644, y=33, z=1192}
[14Oct2025 21:04:55.954] [Server thread/WARN] [net.minecraft.server.level.ServerPlayerGameMode/]: Mismatch in destroy block pos: BlockPos{x=-5643, y=27, z=1192} BlockPos{x=-5644, y=33, z=1192}
[14Oct2025 21:05:15.201] [Server thread/WARN] [net.minecraft.server.level.ServerPlayerGameMode/]: Mismatch in destroy block pos: BlockPos{x=-5643, y=27, z=1192} BlockPos{x=-5644, y=51, z=1192}
[14Oct2025 21:05:27.540] [Server thread/WARN] [net.minecraft.server.level.ServerPlayerGameMode/]: Mismatch in destroy block pos: BlockPos{x=-5644, y=54, z=1193} BlockPos{x=-5644, y=58, z=1192}
[14Oct2025 21:05:38.543] [Server thread/WARN] [net.minecraft.server.level.ServerPlayerGameMode/]: Mismatch in destroy block pos: BlockPos{x=-5644, y=54, z=1193} BlockPos{x=-5644, y=64, z=1192}
[14Oct2025 21:05:38.594] [Server thread/WARN] [net.minecraft.server.level.ServerPlayerGameMode/]: Mismatch in destroy block pos: BlockPos{x=-5644, y=54, z=1193} BlockPos{x=-5644, y=64, z=1192}
[14Oct2025 21:05:38.643] [Server thread/WARN] [net.minecraft.server.level.ServerPlayerGameMode/]: Mismatch in destroy block pos: BlockPos{x=-5644, y=54, z=1193} BlockPos{x=-5644, y=64, z=1192}
[14Oct2025 21:05:38.694] [Server thread/WARN] [net.minecraft.server.level.ServerPlayerGameMode/]: Mismatch in destroy block pos: BlockPos{x=-5644, y=54, z=1193} BlockPos{x=-5644, y=64, z=1192}
[14Oct2025 21:05:44.748] [Server thread/WARN] [net.minecraft.server.level.ServerPlayerGameMode/]: Mismatch in destroy block pos: BlockPos{x=-5644, y=54, z=1193} BlockPos{x=-5644, y=69, z=1192}
[14Oct2025 21:05:44.799] [Server thread/WARN] [net.minecraft.server.level.ServerPlayerGameMode/]: Mismatch in destroy block pos: BlockPos{x=-5644, y=54, z=1193} BlockPos{x=-5644, y=69, z=1192}
[14Oct2025 21:05:44.848] [Server thread/WARN] [net.minecraft.server.level.ServerPlayerGameMode/]: Mismatch in destroy block pos: BlockPos{x=-5644, y=54, z=1193} BlockPos{x=-5644, y=69, z=1192}
[14Oct2025 21:05:44.898] [Server thread/WARN] [net.minecraft.server.level.ServerPlayerGameMode/]: Mismatch in destroy block pos: BlockPos{x=-5644, y=54, z=1193} BlockPos{x=-5644, y=69, z=1192}
[14Oct2025 21:05:52.190] [Server thread/WARN] [net.minecraft.server.level.ServerPlayerGameMode/]: Mismatch in destroy block pos: BlockPos{x=-5644, y=54, z=1193} BlockPos{x=-5644, y=74, z=1192}
[14Oct2025 21:05:52.240] [Server thread/WARN] [net.minecraft.server.level.ServerPlayerGameMode/]: Mismatch in destroy block pos: BlockPos{x=-5644, y=54, z=1193} BlockPos{x=-5644, y=74, z=1192}
[14Oct2025 21:05:52.290] [Server thread/WARN] [net.minecraft.server.level.ServerPlayerGameMode/]: Mismatch in destroy block pos: BlockPos{x=-5644, y=54, z=1193} BlockPos{x=-5644, y=74, z=1192}
[14Oct2025 21:05:52.343] [Server thread/WARN] [net.minecraft.server.level.ServerPlayerGameMode/]: Mismatch in destroy block pos: BlockPos{x=-5644, y=54, z=1193} BlockPos{x=-5644, y=74, z=1192}
[14Oct2025 21:06:03.093] [Server thread/WARN] [net.minecraft.server.level.ServerPlayerGameMode/]: Mismatch in destroy block pos: BlockPos{x=-5644, y=77, z=1191} BlockPos{x=-5644, y=85, z=1192}
[14Oct2025 21:06:03.144] [Server thread/WARN] [net.minecraft.server.level.ServerPlayerGameMode/]: Mismatch in destroy block pos: BlockPos{x=-5644, y=77, z=1191} BlockPos{x=-5644, y=85, z=1192}
[14Oct2025 21:06:03.280] [Server thread/WARN] [net.minecraft.server.level.ServerPlayerGameMode/]: Mismatch in destroy block pos: BlockPos{x=-5644, y=77, z=1191} BlockPos{x=-5644, y=85, z=1192}
[14Oct2025 21:06:03.282] [Server thread/WARN] [net.minecraft.server.level.ServerPlayerGameMode/]: Mismatch in destroy block pos: BlockPos{x=-5644, y=77, z=1191} BlockPos{x=-5644, y=85, z=1192}
[14Oct2025 21:06:09.699] [Server thread/WARN] [net.minecraft.server.level.ServerPlayerGameMode/]: Mismatch in destroy block pos: BlockPos{x=-5643, y=88, z=1192} BlockPos{x=-5643, y=91, z=1192}
[14Oct2025 21:06:18.799] [Server thread/WARN] [net.minecraft.server.level.ServerPlayerGameMode/]: Mismatch in destroy block pos: BlockPos{x=-5643, y=88, z=1192} BlockPos{x=-5640, y=96, z=1192}
[14Oct2025 21:06:18.847] [Server thread/WARN] [net.minecraft.server.level.ServerPlayerGameMode/]: Mismatch in destroy block pos: BlockPos{x=-5643, y=88, z=1192} BlockPos{x=-5640, y=96, z=1192}
[14Oct2025 21:06:18.897] [Server thread/WARN] [net.minecraft.server.level.ServerPlayerGameMode/]: Mismatch in destroy block pos: BlockPos{x=-5643, y=88, z=1192} BlockPos{x=-5640, y=96, z=1192}
[14Oct2025 21:06:18.947] [Server thread/WARN] [net.minecraft.server.level.ServerPlayerGameMode/]: Mismatch in destroy block pos: BlockPos{x=-5643, y=88, z=1192} BlockPos{x=-5640, y=96, z=1192}
[14Oct2025 21:06:29.550] [Server thread/WARN] [net.minecraft.server.level.ServerPlayerGameMode/]: Mismatch in destroy block pos: BlockPos{x=-5643, y=88, z=1192} BlockPos{x=-5640, y=105, z=1192}
[14Oct2025 21:06:29.602] [Server thread/WARN] [net.minecraft.server.level.ServerPlayerGameMode/]: Mismatch in destroy block pos: BlockPos{x=-5643, y=88, z=1192} BlockPos{x=-5640, y=105, z=1192}
[14Oct2025 21:06:29.650] [Server thread/WARN] [net.minecraft.server.level.ServerPlayerGameMode/]: Mismatch in destroy block pos: BlockPos{x=-5643, y=88, z=1192} BlockPos{x=-5640, y=105, z=1192}
[14Oct2025 21:06:29.701] [Server thread/WARN] [net.minecraft.server.level.ServerPlayerGameMode/]: Mismatch in destroy block pos: BlockPos{x=-5643, y=88, z=1192} BlockPos{x=-5640, y=105, z=1192}
[14Oct2025 21:06:39.853] [Server thread/WARN] [net.minecraft.server.level.ServerPlayerGameMode/]: Mismatch in destroy block pos: BlockPos{x=-5643, y=88, z=1192} BlockPos{x=-5640, y=114, z=1192}
[14Oct2025 21:06:39.902] [Server thread/WARN] [net.minecraft.server.level.ServerPlayerGameMode/]: Mismatch in destroy block pos: BlockPos{x=-5643, y=88, z=1192} BlockPos{x=-5640, y=114, z=1192}
[14Oct2025 21:06:39.952] [Server thread/WARN] [net.minecraft.server.level.ServerPlayerGameMode/]: Mismatch in destroy block pos: BlockPos{x=-5643, y=88, z=1192} BlockPos{x=-5640, y=114, z=1192}
[14Oct2025 21:06:40.004] [Server thread/WARN] [net.minecraft.server.level.ServerPlayerGameMode/]: Mismatch in destroy block pos: BlockPos{x=-5643, y=88, z=1192} BlockPos{x=-5640, y=114, z=1192}
[14Oct2025 21:13:42.304] [Server thread/WARN] [net.minecraft.server.level.ServerPlayerGameMode/]: Mismatch in destroy block pos: BlockPos{x=-5381, y=58, z=2083} BlockPos{x=-5382, y=54, z=2081}
[14Oct2025 21:13:42.455] [Server thread/WARN] [net.minecraft.server.level.ServerPlayerGameMode/]: Mismatch in destroy block pos: BlockPos{x=-5382, y=54, z=2082} BlockPos{x=-5382, y=57, z=2083}
[14Oct2025 21:13:43.593] [Server thread/WARN] [net.minecraft.server.level.ServerPlayerGameMode/]: Mismatch in destroy block pos: BlockPos{x=-5382, y=56, z=2083} BlockPos{x=-5384, y=54, z=2080}
[14Oct2025 21:13:46.903] [Server thread/WARN] [net.minecraft.server.level.ServerPlayerGameMode/]: Mismatch in destroy block pos: BlockPos{x=-5384, y=54, z=2081} BlockPos{x=-5386, y=52, z=2083}
[14Oct2025 21:13:47.053] [Server thread/WARN] [net.minecraft.server.level.ServerPlayerGameMode/]: Mismatch in destroy block pos: BlockPos{x=-5386, y=51, z=2083} BlockPos{x=-5385, y=52, z=2083}
[14Oct2025 21:13:47.254] [Server thread/WARN] [net.minecraft.server.level.ServerPlayerGameMode/]: Mismatch in destroy block pos: BlockPos{x=-5386, y=50, z=2083} BlockPos{x=-5386, y=51, z=2083}
[14Oct2025 21:13:47.655] [Server thread/WARN] [net.minecraft.server.level.ServerPlayerGameMode/]: Mismatch in destroy block pos: BlockPos{x=-5385, y=51, z=2083} BlockPos{x=-5386, y=50, z=2083}
[14Oct2025 21:13:48.492] [Server thread/WARN] [net.minecraft.server.level.ServerPlayerGameMode/]: Mismatch in destroy block pos: BlockPos{x=-5385, y=50, z=2083} BlockPos{x=-5386, y=48, z=2083}
[14Oct2025 21:13:58.643] [Server thread/WARN] [net.minecraft.server.level.ServerPlayerGameMode/]: Mismatch in destroy block pos: BlockPos{x=-5386, y=24, z=2083} BlockPos{x=-5386, y=23, z=2083}
[14Oct2025 21:14:01.955] [Server thread/WARN] [net.minecraft.server.level.ServerPlayerGameMode/]: Mismatch in destroy block pos: BlockPos{x=-5386, y=20, z=2083} BlockPos{x=-5387, y=19, z=2084}
[14Oct2025 21:14:19.800] [Server thread/WARN] [net.minecraft.server.level.ServerPlayerGameMode/]: Mismatch in destroy block pos: BlockPos{x=-5387, y=16, z=2084} BlockPos{x=-5387, y=13, z=2084}
[14Oct2025 21:14:19.848] [Server thread/WARN] [net.minecraft.server.level.ServerPlayerGameMode/]: Mismatch in destroy block pos: BlockPos{x=-5387, y=12, z=2084} BlockPos{x=-5387, y=13, z=2084}
[14Oct2025 21:14:23.093] [Server thread/WARN] [net.minecraft.server.level.ServerPlayerGameMode/]: Mismatch in destroy block pos: BlockPos{x=-5387, y=5, z=2084} BlockPos{x=-5387, y=4, z=2084}
[14Oct2025 21:24:43.198] [Worker-Main-11/WARN] [com.finndog.mvs.MVSCommon/]: Moog's Voyager Structures: Empty or nonexistent pool: mvs:farm/side_pool which is being called from mvs:other_decoration/wheat_grain_bin
[14Oct2025 21:25:05.867] [Worker-Main-12/WARN] [com.finndog.mvs.MVSCommon/]: Moog's Voyager Structures: Empty or nonexistent pool: mvs:farm/side_pool which is being called from mvs:other_decoration/wooden_wheat_farm
[14Oct2025 21:25:36.746] [Server thread/INFO] [net.minecraft.server.players.PlayerList/]: Lkitocraft[/127.200.111.194:38827] logged in with entity id 22479 at (130.98919625040045, 64.0, 3110.6141779168543)
[14Oct2025 21:25:36.756] [Server thread/INFO] [net.minecraft.server.MinecraftServer/]: Lkitocraft joined the game
[14Oct2025 21:25:39.341] [Server thread/WARN] [net.minecraft.server.MinecraftServer/]: Can't keep up! Is the server overloaded? Running 2526ms or 50 ticks behind
[14Oct2025 21:26:58.237] [Server thread/INFO] [net.minecraft.server.MinecraftServer/]: Lkitocraft has made the advancement [Farming]
[14Oct2025 21:27:14.654] [Server thread/WARN] [net.minecraft.server.level.ServerPlayerGameMode/]: Mismatch in destroy block pos: BlockPos{x=-5053, y=46, z=2559} BlockPos{x=-5054, y=47, z=2557}
[14Oct2025 21:27:14.750] [Server thread/WARN] [net.minecraft.server.level.ServerPlayerGameMode/]: Mismatch in destroy block pos: BlockPos{x=-5053, y=46, z=2559} BlockPos{x=-5055, y=47, z=2558}
[14Oct2025 21:27:15.303] [Server thread/WARN] [net.minecraft.server.level.ServerPlayerGameMode/]: Mismatch in destroy block pos: BlockPos{x=-5053, y=46, z=2559} BlockPos{x=-5055, y=47, z=2557}
[14Oct2025 21:27:24.952] [Server thread/WARN] [net.minecraft.server.level.ServerPlayerGameMode/]: Mismatch in destroy block pos: BlockPos{x=-5053, y=46, z=2551} BlockPos{x=-5053, y=46, z=2550}
[14Oct2025 21:27:36.306] [Server thread/WARN] [net.minecraft.server.level.ServerPlayerGameMode/]: Mismatch in destroy block pos: BlockPos{x=-5046, y=33, z=2541} BlockPos{x=-5047, y=34, z=2541}
[14Oct2025 21:27:36.357] [Server thread/WARN] [net.minecraft.server.level.ServerPlayerGameMode/]: Mismatch in destroy block pos: BlockPos{x=-5046, y=33, z=2540} BlockPos{x=-5047, y=34, z=2541}
[14Oct2025 21:27:36.711] [Server thread/WARN] [net.minecraft.server.level.ServerPlayerGameMode/]: Mismatch in destroy block pos: BlockPos{x=-5047, y=32, z=2539} BlockPos{x=-5048, y=34, z=2540}
[14Oct2025 21:27:36.798] [Server thread/WARN] [net.minecraft.server.level.ServerPlayerGameMode/]: Mismatch in destroy block pos: BlockPos{x=-5048, y=32, z=2539} BlockPos{x=-5048, y=34, z=2540}
[14Oct2025 21:27:42.440] [Server thread/WARN] [net.minecraft.server.level.ServerPlayerGameMode/]: Mismatch in destroy block pos: BlockPos{x=-5049, y=32, z=2531} BlockPos{x=-5050, y=32, z=2529}
[14Oct2025 21:27:42.452] [Server thread/WARN] [net.minecraft.server.level.ServerPlayerGameMode/]: Mismatch in destroy block pos: BlockPos{x=-5049, y=32, z=2531} BlockPos{x=-5050, y=32, z=2529}
[14Oct2025 21:27:42.500] [Server thread/WARN] [net.minecraft.server.level.ServerPlayerGameMode/]: Mismatch in destroy block pos: BlockPos{x=-5049, y=32, z=2531} BlockPos{x=-5050, y=32, z=2529}
[14Oct2025 21:27:46.708] [Server thread/WARN] [net.minecraft.server.level.ServerPlayerGameMode/]: Mismatch in destroy block pos: BlockPos{x=-5049, y=31, z=2529} BlockPos{x=-5050, y=31, z=2525}
[14Oct2025 21:27:46.760] [Server thread/WARN] [net.minecraft.server.level.ServerPlayerGameMode/]: Mismatch in destroy block pos: BlockPos{x=-5049, y=31, z=2529} BlockPos{x=-5050, y=31, z=2525}
[14Oct2025 21:27:54.652] [Server thread/WARN] [net.minecraft.server.level.ServerPlayerGameMode/]: Mismatch in destroy block pos: BlockPos{x=-5050, y=16, z=2521} BlockPos{x=-5050, y=15, z=2521}
[14Oct2025 21:29:18.305] [Server thread/INFO] [net.minecraft.server.MinecraftServer/]: Lkitocraft has made the advancement [Research Time]
[14Oct2025 21:29:36.955] [Server thread/WARN] [net.minecraft.server.MinecraftServer/]: Can't keep up! Is the server overloaded? Running 18641ms or 372 ticks behind
[14Oct2025 21:30:14.689] [Server thread/INFO] [net.minecraft.server.MinecraftServer/]: Lkitocraft has made the advancement [Figures...]
[14Oct2025 21:30:42.387] [Server thread/WARN] [net.minecraft.server.level.ServerPlayerGameMode/]: Mismatch in destroy block pos: BlockPos{x=-5086, y=-7, z=2559} BlockPos{x=-5090, y=-7, z=2562}
[14Oct2025 21:30:45.511] [Server thread/WARN] [net.minecraft.server.level.ServerPlayerGameMode/]: Mismatch in destroy block pos: BlockPos{x=-5086, y=-7, z=2559} BlockPos{x=-5092, y=-8, z=2565}
[14Oct2025 21:32:43.689] [Server thread/WARN] [net.minecraft.server.level.ServerPlayerGameMode/]: Mismatch in destroy block pos: BlockPos{x=-5116, y=-7, z=2647} BlockPos{x=-5115, y=-8, z=2646}
[14Oct2025 21:32:43.698] [Server thread/WARN] [net.minecraft.server.level.ServerPlayerGameMode/]: Mismatch in destroy block pos: BlockPos{x=-5116, y=-7, z=2647} BlockPos{x=-5115, y=-8, z=2646}
[14Oct2025 21:32:43.753] [Server thread/WARN] [net.minecraft.server.level.ServerPlayerGameMode/]: Mismatch in destroy block pos: BlockPos{x=-5116, y=-7, z=2647} BlockPos{x=-5115, y=-8, z=2646}
[14Oct2025 21:32:43.838] [Server thread/WARN] [net.minecraft.server.level.ServerPlayerGameMode/]: Mismatch in destroy block pos: BlockPos{x=-5116, y=-7, z=2647} BlockPos{x=-5115, y=-8, z=2646}
[14Oct2025 21:32:43.888] [Server thread/WARN] [net.minecraft.server.level.ServerPlayerGameMode/]: Mismatch in destroy block pos: BlockPos{x=-5116, y=-7, z=2647} BlockPos{x=-5115, y=-8, z=2646}
[14Oct2025 21:32:43.907] [Server thread/WARN] [net.minecraft.server.level.ServerPlayerGameMode/]: Mismatch in destroy block pos: BlockPos{x=-5116, y=-7, z=2647} BlockPos{x=-5115, y=-8, z=2646}
[14Oct2025 21:32:43.991] [Server thread/WARN] [net.minecraft.server.level.ServerPlayerGameMode/]: Mismatch in destroy block pos: BlockPos{x=-5116, y=-7, z=2647} BlockPos{x=-5115, y=-8, z=2646}
[14Oct2025 21:32:44.036] [Server thread/WARN] [net.minecraft.server.level.ServerPlayerGameMode/]: Mismatch in destroy block pos: BlockPos{x=-5116, y=-7, z=2647} BlockPos{x=-5115, y=-8, z=2646}
[14Oct2025 21:32:44.049] [Server thread/WARN] [net.minecraft.server.level.ServerPlayerGameMode/]: Mismatch in destroy block pos: BlockPos{x=-5116, y=-7, z=2647} BlockPos{x=-5115, y=-8, z=2646}
[14Oct2025 21:34:09.316] [Server thread/INFO] [net.minecraft.server.players.PlayerList/]: kukiby[/127.26.243.108:52505] logged in with entity id 26877 at (-952.0631169970469, 112.0, 2940.2300373622024)
[14Oct2025 21:34:09.325] [Server thread/INFO] [net.minecraft.server.MinecraftServer/]: kukiby joined the game
[14Oct2025 21:35:23.155] [Server thread/WARN] [net.minecraft.server.MinecraftServer/]: Can't keep up! Is the server overloaded? Running 2240ms or 44 ticks behind
[14Oct2025 21:37:54.863] [Server thread/INFO] [net.minecraft.server.MinecraftServer/]: AleGuil_ has made the advancement [Those Were the Days]
[14Oct2025 21:38:48.196] [Server thread/INFO] [net.minecraft.server.MinecraftServer/]: AleGuil_ has made the advancement [War Pigs]
[14Oct2025 21:39:13.792] [Server thread/WARN] [net.minecraft.server.level.ServerPlayerGameMode/]: Mismatch in destroy block pos: BlockPos{x=-646, y=49, z=294} BlockPos{x=-636, y=69, z=162}
[14Oct2025 21:39:16.761] [Server thread/WARN] [net.minecraft.server.level.ServerPlayerGameMode/]: Mismatch in destroy block pos: BlockPos{x=-646, y=49, z=294} BlockPos{x=-636, y=69, z=160}
[14Oct2025 21:41:33.271] [Server thread/INFO] [net.minecraft.server.players.PlayerList/]: tumami12[/127.199.110.128:59379] logged in with entity id 30567 at (-951.6225859052655, 127.0, 2953.023999087379)
[14Oct2025 21:41:33.306] [Server thread/INFO] [net.minecraft.server.MinecraftServer/]: tumami12 joined the game
[14Oct2025 21:41:44.598] [Server thread/WARN] [net.minecraft.server.MinecraftServer/]: Can't keep up! Is the server overloaded? Running 2183ms or 43 ticks behind
[14Oct2025 21:41:55.481] [Server thread/INFO] [Fossils Archeology/]: Setting owner for SMILODON, 0a4a4570-b525-4585-8031-2ac9b6523359 to 45009dab-659f-3ef4-b33a-18ea6a718584. false
[14Oct2025 21:42:14.354] [Server thread/INFO] [net.minecraft.server.network.ServerGamePacketListenerImpl/]: AleGuil_ lost connection: Disconnected
[14Oct2025 21:42:14.354] [Server thread/INFO] [net.minecraft.server.MinecraftServer/]: AleGuil_ left the game
[14Oct2025 21:42:31.623] [Server thread/INFO] [net.minecraft.server.players.PlayerList/]: AleGuil_[/127.19.150.140:36889] logged in with entity id 31049 at (-1339.775649334989, 63.0, -308.38951030467496)
[14Oct2025 21:42:36.987] [Server thread/INFO] [net.minecraft.server.MinecraftServer/]: AleGuil_ joined the game
[14Oct2025 21:42:37.059] [Server thread/WARN] [net.minecraft.server.MinecraftServer/]: Can't keep up! Is the server overloaded? Running 5444ms or 108 ticks behind
[14Oct2025 21:42:55.074] [Server thread/WARN] [net.minecraft.server.MinecraftServer/]: Can't keep up! Is the server overloaded? Running 3059ms or 61 ticks behind
[14Oct2025 21:43:16.390] [Server thread/WARN] [net.minecraft.server.MinecraftServer/]: Can't keep up! Is the server overloaded? Running 6325ms or 126 ticks behind
[14Oct2025 21:43:35.228] [Server thread/WARN] [net.minecraft.server.MinecraftServer/]: Can't keep up! Is the server overloaded? Running 3863ms or 77 ticks behind
[14Oct2025 21:44:34.051] [Server thread/INFO] [net.minecraft.server.MinecraftServer/]: [tumami12: Teleported tumami12 to AleGuil_]
[14Oct2025 21:45:49.707] [Server thread/INFO] [Fossils Archeology/]: Setting owner for SMILODON, 0a4a4570-b525-4585-8031-2ac9b6523359 to 45009dab-659f-3ef4-b33a-18ea6a718584. false
[14Oct2025 21:45:53.649] [Server thread/INFO] [Fossils Archeology/]: Setting owner for SMILODON, 0a4a4570-b525-4585-8031-2ac9b6523359 to 45009dab-659f-3ef4-b33a-18ea6a718584. false
[14Oct2025 21:46:32.753] [Server thread/INFO] [net.minecraft.server.MinecraftServer/]: kukiby has made the advancement [Ace Trainer]
[14Oct2025 21:47:11.210] [Server thread/INFO] [Fossils Archeology/]: Setting owner for SMILODON, 0a4a4570-b525-4585-8031-2ac9b6523359 to 45009dab-659f-3ef4-b33a-18ea6a718584. false
[14Oct2025 21:47:26.159] [Server thread/INFO] [Fossils Archeology/]: Setting owner for SMILODON, 0a4a4570-b525-4585-8031-2ac9b6523359 to 45009dab-659f-3ef4-b33a-18ea6a718584. false
[14Oct2025 21:47:29.859] [Server thread/INFO] [net.minecraft.server.MinecraftServer/]: [Not Secure] <Lkitocraft> yo tengo pero es el 1
[14Oct2025 21:47:52.361] [Server thread/INFO] [Fossils Archeology/]: Setting owner for SMILODON, 0a4a4570-b525-4585-8031-2ac9b6523359 to 45009dab-659f-3ef4-b33a-18ea6a718584. false
[14Oct2025 21:48:01.944] [Server thread/INFO] [Fossils Archeology/]: Setting owner for SMILODON, 0a4a4570-b525-4585-8031-2ac9b6523359 to 45009dab-659f-3ef4-b33a-18ea6a718584. false
[14Oct2025 21:48:12.706] [Server thread/INFO] [Fossils Archeology/]: Setting owner for SMILODON, 0a4a4570-b525-4585-8031-2ac9b6523359 to 45009dab-659f-3ef4-b33a-18ea6a718584. false
[14Oct2025 21:48:20.244] [Server thread/INFO] [net.minecraft.server.MinecraftServer/]: [Not Secure] <kukiby> aceptame tp
[14Oct2025 21:48:30.961] [Server thread/INFO] [Fossils Archeology/]: Setting owner for SMILODON, 9ceb3968-c67d-4752-9849-b8dc5acb8334 to 62615ad3-9da8-379b-9fe2-17a36c64f7ef. false
[14Oct2025 21:48:54.563] [Server thread/INFO] [Fossils Archeology/]: Setting owner for SMILODON, 0a4a4570-b525-4585-8031-2ac9b6523359 to 45009dab-659f-3ef4-b33a-18ea6a718584. false
[14Oct2025 21:48:55.357] [Server thread/INFO] [net.minecraft.server.MinecraftServer/]: [Not Secure] <kukiby> pasamelo plis
[14Oct2025 21:49:04.662] [Server thread/INFO] [net.minecraft.server.MinecraftServer/]: [Not Secure] <kukiby> graciasssss
[14Oct2025 21:49:20.480] [Server thread/INFO] [net.minecraft.server.MinecraftServer/]: [Not Secure] <Lkitocraft> si estoy en la llamada por si acaso xd
[14Oct2025 21:49:27.199] [Server thread/WARN] [net.minecraft.server.level.ServerPlayerGameMode/]: Mismatch in destroy block pos: BlockPos{x=506, y=64, z=3192} BlockPos{x=506, y=63, z=3193}
[14Oct2025 21:49:30.131] [Server thread/INFO] [net.minecraft.server.MinecraftServer/]: [Not Secure] <Lkitocraft> si
[14Oct2025 21:49:53.854] [Server thread/INFO] [net.minecraft.server.MinecraftServer/]: [tumami12: Teleported AleGuil_ to tumami12]
[14Oct2025 21:50:46.997] [Server thread/INFO] [net.minecraft.server.MinecraftServer/]: Lkitocraft has made the advancement [A Bigger Blade]
[14Oct2025 21:51:13.000] [Server thread/INFO] [net.minecraft.server.MinecraftServer/]: [tumami12: Teleported tumami12 to kukiby]
[14Oct2025 21:51:25.105] [Server thread/INFO] [net.minecraft.server.MinecraftServer/]: tumami12 was killed by kukiby using magic
[14Oct2025 21:51:28.914] [Server thread/INFO] [Fossils Archeology/]: Setting owner for SMILODON, 0a4a4570-b525-4585-8031-2ac9b6523359 to 45009dab-659f-3ef4-b33a-18ea6a718584. false
[14Oct2025 21:52:07.658] [Server thread/INFO] [Fossils Archeology/]: Setting owner for SMILODON, 0a4a4570-b525-4585-8031-2ac9b6523359 to 45009dab-659f-3ef4-b33a-18ea6a718584. false
[14Oct2025 21:55:41.988] [Server thread/WARN] [net.minecraft.server.MinecraftServer/]: Can't keep up! Is the server overloaded? Running 2073ms or 41 ticks behind
[14Oct2025 21:55:50.389] [Server thread/INFO] [Fossils Archeology/]: Setting owner for SMILODON, 0a4a4570-b525-4585-8031-2ac9b6523359 to 45009dab-659f-3ef4-b33a-18ea6a718584. false
[14Oct2025 21:56:07.373] [Server thread/WARN] [net.minecraft.server.MinecraftServer/]: Can't keep up! Is the server overloaded? Running 10408ms or 208 ticks behind
[14Oct2025 21:56:32.613] [Server thread/WARN] [net.minecraft.server.MinecraftServer/]: Can't keep up! Is the server overloaded? Running 10249ms or 204 ticks behind
[14Oct2025 21:56:45.527] [Server thread/INFO] [net.minecraft.server.MinecraftServer/]: [Not Secure] <Lkitocraft> man sirve la espada de los orcos?
[14Oct2025 21:56:55.565] [Server thread/INFO] [net.minecraft.server.MinecraftServer/]: [Not Secure] <AleGuil_> ni idea
[14Oct2025 21:57:01.994] [Server thread/INFO] [net.minecraft.server.players.PlayerList/]: NewElei[/127.151.158.215:56203] logged in with entity id 41445 at (1422.997931867509, 33.0, -1263.300000011921)
[14Oct2025 21:57:02.011] [Server thread/INFO] [net.minecraft.server.MinecraftServer/]: NewElei joined the game
[14Oct2025 21:57:08.265] [Server thread/INFO] [net.minecraft.world.entity.LivingEntity/]: Named entity MushroomCow['Gowl the Mad'/38064, l='ServerLevel[world]', x=780.56, y=72.00, z=3291.17] died: Gowl the Mad was slain by Lkitocraft
[14Oct2025 21:57:17.411] [Server thread/INFO] [net.minecraft.server.MinecraftServer/]: [tumami12: Teleported tumami12 to NewElei]
[14Oct2025 21:57:57.122] [Server thread/WARN] [net.minecraft.server.MinecraftServer/]: Can't keep up! Is the server overloaded? Running 2007ms or 40 ticks behind
[14Oct2025 21:58:59.064] [Server thread/INFO] [net.minecraft.server.MinecraftServer/]: [tumami12: Teleported tumami12 to kukiby]
[14Oct2025 21:59:16.141] [Server thread/WARN] [net.minecraft.server.MinecraftServer/]: Can't keep up! Is the server overloaded? Running 3226ms or 64 ticks behind
[14Oct2025 21:59:17.045] [Worker-Main-11/WARN] [com.finndog.mvs.MVSCommon/]: Moog's Voyager Structures: Empty or nonexistent pool: mvs:farm/side_pool which is being called from mvs:other_decoration/wheat_grain_bin
[14Oct2025 21:59:26.052] [Server thread/WARN] [net.minecraft.server.network.ServerGamePacketListenerImpl/]: tumami12 moved too quickly! 9.997291711944854,-0.9464426320800641,0.7705267387009371
[14Oct2025 21:59:26.073] [Server thread/WARN] [net.minecraft.server.network.ServerGamePacketListenerImpl/]: kukiby moved too quickly! 2.2462481835418657,0.0,-9.948686715848908
[14Oct2025 21:59:41.673] [Server thread/WARN] [net.minecraft.server.MinecraftServer/]: Can't keep up! Is the server overloaded? Running 10558ms or 211 ticks behind
[14Oct2025 21:59:58.291] [Server thread/INFO] [net.minecraft.server.MinecraftServer/]: [Not Secure] <Lkitocraft> dejo de explorar?
[14Oct2025 22:00:13.024] [Server thread/INFO] [net.minecraft.server.MinecraftServer/]: [Not Secure] <Lkitocraft> haya
[14Oct2025 22:00:58.820] [Server thread/INFO] [net.minecraft.server.MinecraftServer/]: [Not Secure] <Lkitocraft> no se mucho de esas peleas
[14Oct2025 22:01:07.064] [Server thread/INFO] [net.minecraft.server.MinecraftServer/]: [Not Secure] <Lkitocraft> pero tampoco encuentro ;(
[14Oct2025 22:01:29.538] [Server thread/WARN] [net.minecraft.server.level.ServerPlayerGameMode/]: Mismatch in destroy block pos: BlockPos{x=-1273, y=66, z=-338} BlockPos{x=-1272, y=65, z=-339}
[14Oct2025 22:01:35.567] [Server thread/WARN] [net.minecraft.server.level.ServerPlayerGameMode/]: Mismatch in destroy block pos: BlockPos{x=-1272, y=67, z=-343} BlockPos{x=-1273, y=66, z=-341}
[14Oct2025 22:01:35.612] [Server thread/WARN] [net.minecraft.server.level.ServerPlayerGameMode/]: Mismatch in destroy block pos: BlockPos{x=-1272, y=67, z=-343} BlockPos{x=-1273, y=66, z=-341}
[14Oct2025 22:01:35.661] [Server thread/WARN] [net.minecraft.server.level.ServerPlayerGameMode/]: Mismatch in destroy block pos: BlockPos{x=-1272, y=67, z=-343} BlockPos{x=-1273, y=66, z=-341}
[14Oct2025 22:01:35.705] [Server thread/WARN] [net.minecraft.server.level.ServerPlayerGameMode/]: Mismatch in destroy block pos: BlockPos{x=-1272, y=67, z=-343} BlockPos{x=-1273, y=66, z=-341}
[14Oct2025 22:01:35.770] [Server thread/WARN] [net.minecraft.server.level.ServerPlayerGameMode/]: Mismatch in destroy block pos: BlockPos{x=-1273, y=67, z=-343} BlockPos{x=-1273, y=66, z=-341}
[14Oct2025 22:01:55.885] [Server thread/WARN] [net.minecraft.server.level.ServerPlayerGameMode/]: Mismatch in destroy block pos: BlockPos{x=-1271, y=64, z=-339} BlockPos{x=-1273, y=64, z=-342}
[14Oct2025 22:01:55.943] [Server thread/WARN] [net.minecraft.server.level.ServerPlayerGameMode/]: Mismatch in destroy block pos: BlockPos{x=-1271, y=64, z=-339} BlockPos{x=-1273, y=64, z=-342}
[14Oct2025 22:02:08.354] [Server thread/WARN] [net.minecraft.server.level.ServerPlayerGameMode/]: Mismatch in destroy block pos: BlockPos{x=-1271, y=65, z=-342} BlockPos{x=-1272, y=64, z=-344}
[14Oct2025 22:02:11.445] [Server thread/WARN] [net.minecraft.server.level.ServerPlayerGameMode/]: Mismatch in destroy block pos: BlockPos{x=-1271, y=64, z=-346} BlockPos{x=-1270, y=64, z=-345}
[14Oct2025 22:02:11.489] [Server thread/WARN] [net.minecraft.server.level.ServerPlayerGameMode/]: Mismatch in destroy block pos: BlockPos{x=-1271, y=64, z=-346} BlockPos{x=-1270, y=64, z=-345}
[14Oct2025 22:02:17.017] [Worker-Main-10/WARN] [com.finndog.mvs.MVSCommon/]: Moog's Voyager Structures: Empty or nonexistent pool: mvs:farm/side_pool which is being called from mvs:nature/long_oak_pathway
[14Oct2025 22:02:17.017] [Worker-Main-10/WARN] [com.finndog.mvs.MVSCommon/]: Moog's Voyager Structures: Empty or nonexistent pool: mvs:farm/side_pool which is being called from mvs:nature/long_oak_pathway
[14Oct2025 22:02:17.017] [Worker-Main-10/WARN] [com.finndog.mvs.MVSCommon/]: Moog's Voyager Structures: Empty or nonexistent pool: mvs:farm/side_pool which is being called from mvs:nature/long_oak_pathway
[14Oct2025 22:02:17.017] [Worker-Main-10/WARN] [com.finndog.mvs.MVSCommon/]: Moog's Voyager Structures: Empty or nonexistent pool: mvs:farm/side_pool which is being called from mvs:nature/long_oak_pathway
[14Oct2025 22:02:17.017] [Worker-Main-10/WARN] [com.finndog.mvs.MVSCommon/]: Moog's Voyager Structures: Empty or nonexistent pool: mvs:farm/side_pool which is being called from mvs:nature/long_oak_pathway
[14Oct2025 22:02:29.615] [Server thread/WARN] [net.minecraft.world.level.chunk.LevelChunk/]: Tried to load a block entity for block Block{minecraft:smithing_table} but failed at location BlockPos{x=904, y=61, z=3508}
[14Oct2025 22:02:36.010] [Server thread/INFO] [net.minecraft.server.MinecraftServer/]: [Not Secure] <Lkitocraft> ya criaron asu dragon?
[14Oct2025 22:02:41.773] [Server thread/INFO] [net.minecraft.server.MinecraftServer/]: [Not Secure] <AleGuil_> bo xd
[14Oct2025 22:02:44.218] [Server thread/INFO] [net.minecraft.server.MinecraftServer/]: [Not Secure] <AleGuil_> no
[14Oct2025 22:04:07.896] [Worker-Main-11/WARN] [com.finndog.mvs.MVSCommon/]: Moog's Voyager Structures: Empty or nonexistent pool: mvs:farm/side_pool which is being called from mvs:other_decoration/wooden_wheat_farm
[14Oct2025 22:04:33.096] [Server thread/INFO] [net.minecraft.server.MinecraftServer/]: [tumami12: Teleported tumami12 to kukiby]
[14Oct2025 22:04:45.547] [Worker-Main-11/WARN] [com.finndog.mvs.MVSCommon/]: Moog's Voyager Structures: Empty or nonexistent pool: mvs:farm/side_pool which is being called from mvs:other_decoration/wheat_grain_bin
[14Oct2025 22:05:07.806] [Server thread/INFO] [Fossils Archeology/]: Setting owner for SMILODON, 0a4a4570-b525-4585-8031-2ac9b6523359 to 45009dab-659f-3ef4-b33a-18ea6a718584. false
[14Oct2025 22:05:46.917] [Server thread/INFO] [net.minecraft.server.MinecraftServer/]: NewElei has made the advancement [Farming 2]
[14Oct2025 22:06:04.724] [Server thread/INFO] [net.minecraft.server.MinecraftServer/]: [Not Secure] <tumami12> vayanse ala mrd
[14Oct2025 22:06:17.286] [Server thread/INFO] [net.minecraft.server.MinecraftServer/]: Lkitocraft has made the advancement [Best Friends Forever]
[14Oct2025 22:06:57.793] [Server thread/INFO] [net.minecraft.server.MinecraftServer/]: [Not Secure] <Lkitocraft> te daria los mios verdes pero son los unicos que tengo :(
[14Oct2025 22:07:30.889] [Server thread/INFO] [net.minecraft.server.MinecraftServer/]: AleGuil_ was killed
[14Oct2025 22:07:30.907] [Server thread/INFO] [net.minecraft.server.MinecraftServer/]: [tumami12: Killed AleGuil_]
[14Oct2025 22:07:37.475] [Server thread/WARN] [net.minecraft.server.MinecraftServer/]: Can't keep up! Is the server overloaded? Running 4110ms or 82 ticks behind
[14Oct2025 22:08:24.047] [Server thread/INFO] [net.minecraft.server.MinecraftServer/]: [tumami12: Made kukiby a server operator]
[14Oct2025 22:08:36.751] [Server thread/WARN] [net.minecraft.server.MinecraftServer/]: Can't keep up! Is the server overloaded? Running 12737ms or 254 ticks behind
[14Oct2025 22:08:36.837] [Server thread/WARN] [net.minecraft.server.network.ServerGamePacketListenerImpl/]: tumami12 moved too quickly! 1.7838103199567286,0.0,10.063758517015685
[14Oct2025 22:08:36.890] [Server thread/INFO] [net.minecraft.server.MinecraftServer/]: [tumami12: Set own game mode to Spectator Mode]
[14Oct2025 22:08:36.910] [Server thread/WARN] [net.minecraft.server.network.ServerGamePacketListenerImpl/]: Lkitocraft moved too quickly! 8.203710268571058,-3.7684762024129874,4.933234837547843
[14Oct2025 22:08:36.980] [Server thread/WARN] [net.minecraft.server.network.ServerGamePacketListenerImpl/]: kukiby moved too quickly! 9.413512909064707,-0.45245147807600006,4.100623075394196
[14Oct2025 22:08:36.988] [Server thread/WARN] [net.minecraft.server.network.ServerGamePacketListenerImpl/]: NewElei moved too quickly! -8.893272094369763,0.7531999805212024,5.026053363537358
[14Oct2025 22:08:46.632] [Server thread/INFO] [net.minecraft.server.MinecraftServer/]: [tumami12: Set own game mode to Creative Mode]
[14Oct2025 22:08:54.967] [Server thread/WARN] [net.minecraft.server.MinecraftServer/]: Can't keep up! Is the server overloaded? Running 3252ms or 65 ticks behind
[14Oct2025 22:08:55.206] [Server thread/INFO] [net.minecraft.server.MinecraftServer/]: [kukiby: Set own game mode to Creative Mode]
[14Oct2025 22:09:18.307] [Server thread/WARN] [net.minecraft.server.MinecraftServer/]: Can't keep up! Is the server overloaded? Running 5043ms or 100 ticks behind
[14Oct2025 22:09:35.917] [Server thread/WARN] [net.minecraft.server.MinecraftServer/]: Can't keep up! Is the server overloaded? Running 2652ms or 53 ticks behind
[14Oct2025 22:10:06.311] [Server thread/INFO] [net.minecraft.server.MinecraftServer/]: [tumami12: Set own game mode to Spectator Mode]
[14Oct2025 22:10:12.453] [Server thread/INFO] [net.minecraft.server.MinecraftServer/]: [tumami12: Set own game mode to Creative Mode]
[14Oct2025 22:10:16.295] [Worker-Main-11/WARN] [com.finndog.mvs.MVSCommon/]: Moog's Voyager Structures: Empty or nonexistent pool: mvs:farm/side_pool which is being called from mvs:nature/long_oak_pathway
[14Oct2025 22:10:16.296] [Worker-Main-11/WARN] [com.finndog.mvs.MVSCommon/]: Moog's Voyager Structures: Empty or nonexistent pool: mvs:farm/side_pool which is being called from mvs:nature/long_oak_pathway
[14Oct2025 22:10:16.296] [Worker-Main-11/WARN] [com.finndog.mvs.MVSCommon/]: Moog's Voyager Structures: Empty or nonexistent pool: mvs:farm/side_pool which is being called from mvs:nature/long_oak_pathway
[14Oct2025 22:10:16.296] [Worker-Main-11/WARN] [com.finndog.mvs.MVSCommon/]: Moog's Voyager Structures: Empty or nonexistent pool: mvs:farm/side_pool which is being called from mvs:nature/long_oak_pathway
[14Oct2025 22:10:16.296] [Worker-Main-11/WARN] [com.finndog.mvs.MVSCommon/]: Moog's Voyager Structures: Empty or nonexistent pool: mvs:farm/side_pool which is being called from mvs:nature/long_oak_pathway
[14Oct2025 22:10:16.991] [Server thread/INFO] [net.minecraft.server.MinecraftServer/]: [tumami12: Set own game mode to Spectator Mode]
[14Oct2025 22:10:43.973] [Server thread/INFO] [net.minecraft.server.MinecraftServer/]: [tumami12: Set own game mode to Creative Mode]
[14Oct2025 22:10:45.164] [Server thread/INFO] [net.minecraft.server.MinecraftServer/]: [tumami12: Set own game mode to Spectator Mode]
[14Oct2025 22:10:58.965] [Server thread/INFO] [Fossils Archeology/]: Setting owner for SMILODON, 0a4a4570-b525-4585-8031-2ac9b6523359 to 45009dab-659f-3ef4-b33a-18ea6a718584. false
[14Oct2025 22:11:04.039] [Server thread/INFO] [net.minecraft.server.MinecraftServer/]: [tumami12: Set own game mode to Creative Mode]
[14Oct2025 22:11:04.760] [Server thread/INFO] [net.minecraft.server.MinecraftServer/]: [tumami12: Set own game mode to Spectator Mode]
[14Oct2025 22:11:41.262] [Server thread/INFO] [Fossils Archeology/]: Setting owner for SMILODON, 0a4a4570-b525-4585-8031-2ac9b6523359 to 45009dab-659f-3ef4-b33a-18ea6a718584. false
[14Oct2025 22:11:49.152] [Server thread/INFO] [net.minecraft.server.MinecraftServer/]: [tumami12: Set own game mode to Creative Mode]
[14Oct2025 22:11:49.951] [Server thread/INFO] [net.minecraft.server.MinecraftServer/]: [tumami12: Set own game mode to Spectator Mode]
[14Oct2025 22:11:50.454] [Server thread/INFO] [net.minecraft.server.MinecraftServer/]: [tumami12: Set own game mode to Creative Mode]
[14Oct2025 22:11:53.606] [Server thread/INFO] [net.minecraft.server.MinecraftServer/]: [tumami12: Set own game mode to Spectator Mode]
[14Oct2025 22:12:03.040] [Server thread/INFO] [net.minecraft.server.MinecraftServer/]: AleGuil_ has made the advancement [Another Brick in the Wall]
[14Oct2025 22:12:11.952] [Server thread/INFO] [net.minecraft.server.MinecraftServer/]: [tumami12: Set own game mode to Creative Mode]
[14Oct2025 22:12:28.959] [Server thread/INFO] [net.minecraft.server.MinecraftServer/]: [tumami12: Killed Minotaur]
[14Oct2025 22:12:48.159] [Server thread/INFO] [net.minecraft.server.MinecraftServer/]: [tumami12: Killed Minotaur]
[14Oct2025 22:12:56.256] [Server thread/INFO] [net.minecraft.server.MinecraftServer/]: [tumami12: Set own game mode to Spectator Mode]
[14Oct2025 22:13:32.701] [Server thread/INFO] [net.minecraft.server.MinecraftServer/]: AleGuil_ has made the advancement [The Heart and the Flame]
[14Oct2025 22:13:45.053] [Server thread/INFO] [Fossils Archeology/]: Setting owner for SMILODON, 0a4a4570-b525-4585-8031-2ac9b6523359 to 45009dab-659f-3ef4-b33a-18ea6a718584. false
[14Oct2025 22:14:03.603] [Server thread/INFO] [net.minecraft.server.MinecraftServer/]: [tumami12: Set own game mode to Creative Mode]
[14Oct2025 22:14:08.503] [Server thread/INFO] [net.minecraft.server.MinecraftServer/]: [tumami12: Set own game mode to Spectator Mode]
[14Oct2025 22:14:16.698] [Server thread/INFO] [net.minecraft.server.MinecraftServer/]: [tumami12: Set own game mode to Creative Mode]
[14Oct2025 22:14:19.003] [Server thread/INFO] [net.minecraft.server.MinecraftServer/]: [tumami12: Set own game mode to Spectator Mode]
[14Oct2025 22:14:52.061] [Server thread/INFO] [Fossils Archeology/]: Setting owner for SMILODON, 0a4a4570-b525-4585-8031-2ac9b6523359 to 45009dab-659f-3ef4-b33a-18ea6a718584. false
[14Oct2025 22:15:23.813] [Server thread/INFO] [Fossils Archeology/]: Setting owner for SMILODON, 0a4a4570-b525-4585-8031-2ac9b6523359 to 45009dab-659f-3ef4-b33a-18ea6a718584. false
[14Oct2025 22:16:35.116] [Server thread/INFO] [net.minecraft.server.players.PlayerList/]: CarboHot[/127.195.75.109:52683] logged in with entity id 56978 at (-753.6214927683877, 67.0, 2801.6680744658647)
[14Oct2025 22:16:35.124] [Server thread/INFO] [net.minecraft.server.MinecraftServer/]: CarboHot joined the game
[14Oct2025 22:16:50.114] [Server thread/INFO] [Fossils Archeology/]: Setting owner for SMILODON, 0a4a4570-b525-4585-8031-2ac9b6523359 to 45009dab-659f-3ef4-b33a-18ea6a718584. false
[14Oct2025 22:17:15.481] [Server thread/INFO] [net.minecraft.server.MinecraftServer/]: [Not Secure] <CarboHot> yo mato al que veo
[14Oct2025 22:17:21.703] [Server thread/INFO] [net.minecraft.server.MinecraftServer/]: [Not Secure] <CarboHot> el que se queja marica
[14Oct2025 22:18:40.557] [Server thread/INFO] [net.minecraft.server.MinecraftServer/]: CarboHot has made the advancement [Ice Bucket Challenge]
[14Oct2025 22:18:52.217] [Server thread/WARN] [net.minecraft.server.MinecraftServer/]: Can't keep up! Is the server overloaded? Running 2002ms or 40 ticks behind
[14Oct2025 22:19:10.179] [Server thread/WARN] [net.minecraft.server.MinecraftServer/]: Can't keep up! Is the server overloaded? Running 2964ms or 59 ticks behind
[14Oct2025 22:19:30.607] [Server thread/WARN] [net.minecraft.server.MinecraftServer/]: Can't keep up! Is the server overloaded? Running 5442ms or 108 ticks behind
[14Oct2025 22:19:39.025] [Server thread/INFO] [net.minecraft.server.MinecraftServer/]: [Not Secure] <Lkitocraft> cual es la chance de un dragon nivel 5 o 6 es que no me acuerdo
[14Oct2025 22:19:48.766] [Server thread/WARN] [net.minecraft.server.MinecraftServer/]: Can't keep up! Is the server overloaded? Running 3201ms or 64 ticks behind
[14Oct2025 22:19:57.253] [Server thread/INFO] [Fossils Archeology/]: Setting owner for SMILODON, 0a4a4570-b525-4585-8031-2ac9b6523359 to 45009dab-659f-3ef4-b33a-18ea6a718584. false
[14Oct2025 22:20:06.361] [Server thread/WARN] [net.minecraft.server.MinecraftServer/]: Can't keep up! Is the server overloaded? Running 2596ms or 51 ticks behind
[14Oct2025 22:20:14.402] [Server thread/INFO] [Fossils Archeology/]: Setting owner for SMILODON, 0a4a4570-b525-4585-8031-2ac9b6523359 to 45009dab-659f-3ef4-b33a-18ea6a718584. false
[14Oct2025 22:20:24.240] [Server thread/WARN] [net.minecraft.server.MinecraftServer/]: Can't keep up! Is the server overloaded? Running 2925ms or 58 ticks behind
[14Oct2025 22:20:47.846] [Server thread/INFO] [net.minecraft.world.entity.npc.Villager/]: Villager Villager['Forester'/61011, l='ServerLevel[world]', x=1723.53, y=64.00, z=3359.23] died, message: 'Forester was slain by Ice Dragon'
[14Oct2025 22:20:58.364] [Server thread/INFO] [Fossils Archeology/]: Setting owner for SMILODON, 0a4a4570-b525-4585-8031-2ac9b6523359 to 45009dab-659f-3ef4-b33a-18ea6a718584. false
[14Oct2025 22:21:23.781] [Server thread/INFO] [Fossils Archeology/]: Setting owner for SMILODON, 0a4a4570-b525-4585-8031-2ac9b6523359 to 45009dab-659f-3ef4-b33a-18ea6a718584. false
[14Oct2025 22:21:45.972] [Server thread/WARN] [net.minecraft.server.MinecraftServer/]: Can't keep up! Is the server overloaded? Running 2007ms or 40 ticks behind
[14Oct2025 22:22:09.743] [Server thread/WARN] [net.minecraft.server.MinecraftServer/]: Can't keep up! Is the server overloaded? Running 2028ms or 40 ticks behind
[14Oct2025 22:22:36.841] [Server thread/INFO] [net.minecraft.server.MinecraftServer/]: Lkitocraft has made the advancement [Pic-A-Nic Basket?]
[14Oct2025 22:22:36.858] [Server thread/WARN] [net.minecraft.server.network.ServerGamePacketListenerImpl/]: AleGuil_ moved too quickly! -8.83271883864154,0.0,-5.00135850323403
[14Oct2025 22:22:36.860] [Server thread/WARN] [net.minecraft.server.network.ServerGamePacketListenerImpl/]: CarboHot moved too quickly! -4.1868359630235545,2.249187078744683,9.036007106136822
[14Oct2025 22:22:44.240] [Server thread/INFO] [net.minecraft.server.MinecraftServer/]: [Not Secure] <NewElei> kuki acepota
[14Oct2025 22:22:56.437] [Server thread/INFO] [net.minecraft.server.MinecraftServer/]: [Not Secure] <NewElei> grx
[14Oct2025 22:23:02.648] [Server thread/INFO] [net.minecraft.server.MinecraftServer/]: [Not Secure] <kukiby> te escucho weon
[14Oct2025 22:23:09.558] [Server thread/WARN] [net.minecraft.server.MinecraftServer/]: Can't keep up! Is the server overloaded? Running 44843ms or 896 ticks behind
[14Oct2025 22:23:42.179] [Server thread/WARN] [net.minecraft.server.MinecraftServer/]: Can't keep up! Is the server overloaded? Running 17664ms or 353 ticks behind
[14Oct2025 22:23:46.673] [Worker-Main-12/WARN] [com.finndog.mvs.MVSCommon/]: Moog's Voyager Structures: Empty or nonexistent pool: mvs:farm/side_pool which is being called from mvs:other_decoration/wooden_wheat_farm
[14Oct2025 22:24:00.680] [Server thread/WARN] [net.minecraft.server.MinecraftServer/]: Can't keep up! Is the server overloaded? Running 3515ms or 70 ticks behind
[14Oct2025 22:24:17.918] [Server thread/WARN] [net.minecraft.server.MinecraftServer/]: Can't keep up! Is the server overloaded? Running 2003ms or 40 ticks behind
[14Oct2025 22:24:35.550] [Server thread/WARN] [net.minecraft.server.MinecraftServer/]: Can't keep up! Is the server overloaded? Running 2635ms or 52 ticks behind
[14Oct2025 22:25:09.086] [Server thread/WARN] [net.minecraft.server.MinecraftServer/]: Can't keep up! Is the server overloaded? Running 2021ms or 40 ticks behind
[14Oct2025 22:25:26.371] [Server thread/WARN] [net.minecraft.server.MinecraftServer/]: Can't keep up! Is the server overloaded? Running 2306ms or 46 ticks behind
[14Oct2025 22:25:40.363] [Server thread/INFO] [net.minecraft.server.MinecraftServer/]: [Not Secure] <Lkitocraft> sabes que es hidrodinamica???
[14Oct2025 22:25:50.758] [Server thread/INFO] [net.minecraft.server.MinecraftServer/]: CarboHot has reached the goal [Exorcism]
[14Oct2025 22:25:53.525] [Server thread/INFO] [net.minecraft.server.MinecraftServer/]: CarboHot has made the advancement [Stone Age]
[14Oct2025 22:26:28.105] [Server thread/INFO] [net.minecraft.server.MinecraftServer/]: [Not Secure] <Lkitocraft> pero aqui
[14Oct2025 22:26:36.856] [Server thread/INFO] [net.minecraft.server.MinecraftServer/]: CarboHot hit the ground too hard whilst trying to escape NewElei
[14Oct2025 22:26:38.201] [Server thread/INFO] [net.minecraft.server.MinecraftServer/]: [Not Secure] <Lkitocraft> tengo un libro con ese encantamiento
[14Oct2025 22:27:03.013] [Server thread/INFO] [Fossils Archeology/]: Setting owner for SMILODON, 0a4a4570-b525-4585-8031-2ac9b6523359 to 45009dab-659f-3ef4-b33a-18ea6a718584. false
[14Oct2025 22:28:27.475] [Server thread/INFO] [net.minecraft.server.MinecraftServer/]: Lkitocraft has made the advancement [Sea? Not a Problem]
[14Oct2025 22:28:53.662] [Server thread/INFO] [net.minecraft.server.MinecraftServer/]: [Not Secure] <Lkitocraft> bay
[14Oct2025 22:28:54.957] [Server thread/INFO] [net.minecraft.server.network.ServerGamePacketListenerImpl/]: Lkitocraft lost connection: Disconnected
[14Oct2025 22:28:54.957] [Server thread/INFO] [net.minecraft.server.MinecraftServer/]: Lkitocraft left the game
[14Oct2025 22:29:07.639] [Server thread/INFO] [net.minecraft.server.network.ServerGamePacketListenerImpl/]: tumami12 lost connection: Timed out
[14Oct2025 22:29:07.639] [Server thread/INFO] [net.minecraft.server.MinecraftServer/]: tumami12 left the game
[14Oct2025 22:29:27.299] [Server thread/WARN] [net.minecraft.server.network.ServerGamePacketListenerImpl/]: NewElei moved wrongly!
[14Oct2025 22:29:29.899] [Server thread/WARN] [net.minecraft.server.network.ServerGamePacketListenerImpl/]: NewElei moved wrongly!
[14Oct2025 22:29:42.498] [Server thread/WARN] [net.minecraft.server.network.ServerGamePacketListenerImpl/]: NewElei moved wrongly!
[14Oct2025 22:30:08.889] [Server thread/INFO] [net.minecraft.server.MinecraftServer/]: [Not Secure] <kukiby> afk
[14Oct2025 22:30:27.040] [Server thread/INFO] [net.minecraft.server.MinecraftServer/]: [Not Secure] <CarboHot> no tengo filo
[14Oct2025 22:30:31.261] [Server thread/INFO] [net.minecraft.server.MinecraftServer/]: [Not Secure] <CarboHot> eso es lo que caga
[14Oct2025 22:31:26.339] [Server thread/INFO] [net.minecraft.server.MinecraftServer/]: [Not Secure] <CarboHot> solo 1
[14Oct2025 22:31:35.743] [Server thread/INFO] [net.minecraft.server.MinecraftServer/]: [Not Secure] <CarboHot> tengo normales
[14Oct2025 22:32:29.689] [Server thread/INFO] [net.minecraft.server.MinecraftServer/]: [Not Secure] <CarboHot> tengo nromales
[14Oct2025 22:33:10.888] [Server thread/INFO] [net.minecraft.server.MinecraftServer/]: [Not Secure] <CarboHot> tu etens poderes yo no
[14Oct2025 22:33:24.194] [Server thread/INFO] [net.minecraft.server.MinecraftServer/]: [Not Secure] <CarboHot> que no dijistes puro pvp
[14Oct2025 22:33:34.964] [Server thread/INFO] [net.minecraft.server.MinecraftServer/]: [Not Secure] <CarboHot> que tiene que ver los poderes
[14Oct2025 22:33:41.750] [Server thread/INFO] [net.minecraft.server.MinecraftServer/]: [Not Secure] <CarboHot> metes los poderes
[14Oct2025 22:33:50.540] [Server thread/WARN] [net.minecraft.server.level.ServerPlayerGameMode/]: Mismatch in destroy block pos: BlockPos{x=-3109, y=64, z=-111} BlockPos{x=-3109, y=63, z=-112}
[14Oct2025 22:33:54.495] [Server thread/INFO] [net.minecraft.server.MinecraftServer/]: [Not Secure] <CarboHot> combeado
[14Oct2025 22:33:59.545] [Server thread/INFO] [net.minecraft.server.MinecraftServer/]: [Not Secure] <CarboHot> que dices
[14Oct2025 22:34:07.513] [Server thread/INFO] [net.minecraft.server.MinecraftServer/]: [Not Secure] <CarboHot> me estas espamenado
[14Oct2025 22:34:11.748] [Server thread/INFO] [net.minecraft.server.MinecraftServer/]: [Not Secure] <CarboHot> no caombeando
[14Oct2025 22:35:31.367] [Server thread/ERROR] [net.minecraftforge.eventbus.EventBus/EVENTBUS]: Exception caught during firing event: Cannot invoke "net.minecraft.advancements.Advancement.m_138325_()" because "p_135986_" is null
	Index: 5
	Listeners:
		0: HIGH
		1: ASM: class com.cerbon.bosses_of_mass_destruction.event.ForgeEvents onLivingDeath(Lnet/minecraftforge/event/entity/living/LivingDeathEvent;)V
		2: ASM: class dev.architectury.event.forge.EventHandlerImplCommon event(Lnet/minecraftforge/event/entity/living/LivingDeathEvent;)V
		3: NORMAL
		4: ASM: class io.github.colochampre.riskofrain_mobs.events.ModCommonEvents$ForgeEvents playerDeathSound(Lnet/minecraftforge/event/entity/living/LivingDeathEvent;)V
		5: ASM: class net.feusalamander.betterskills.procedures.CombatXpProcedure onEntityDeath(Lnet/minecraftforge/event/entity/living/LivingDeathEvent;)V
		6: ASM: class com.tiviacz.travelersbackpack.handlers.ForgeEventHandler playerDeath(Lnet/minecraftforge/event/entity/living/LivingDeathEvent;)V
		7: ASM: class yesman.epicfight.events.EntityEvents deathEvent(Lnet/minecraftforge/event/entity/living/LivingDeathEvent;)V
		8: ASM: class com.duke.orcz.procedures.PodeathProcedure onEntityDeath(Lnet/minecraftforge/event/entity/living/LivingDeathEvent;)V
		9: ASM: class com.duke.orcz.procedures.MoralegoblinsProcedure onEntityDeath(Lnet/minecraftforge/event/entity/living/LivingDeathEvent;)V
		10: ASM: class com.duke.orcz.procedures.EnragemoraleProcedure onEntityDeath(Lnet/minecraftforge/event/entity/living/LivingDeathEvent;)V
		11: ASM: class com.teamdurt.netherdungeons.event.NDEventsHandler applyVampirismEffect(Lnet/minecraftforge/event/entity/living/LivingDeathEvent;)V
		12: ASM: class net.thirdlife.iterrpg.procedures.SpellDropProcedure onEntityDeath(Lnet/minecraftforge/event/entity/living/LivingDeathEvent;)V
		13: ASM: class net.thirdlife.iterrpg.procedures.MobDeathDropProcedure onEntityDeath(Lnet/minecraftforge/event/entity/living/LivingDeathEvent;)V
		14: ASM: class net.thirdlife.iterrpg.procedures.InsatiableSummonProcedure onEntityDeath(Lnet/minecraftforge/event/entity/living/LivingDeathEvent;)V
		15: ASM: class net.thirdlife.iterrpg.procedures.GeodeDropProcedure onEntityDeath(Lnet/minecraftforge/event/entity/living/LivingDeathEvent;)V
		16: ASM: class net.thirdlife.iterrpg.procedures.FragmentDropProcedure onEntityDeath(Lnet/minecraftforge/event/entity/living/LivingDeathEvent;)V
		17: ASM: class net.thirdlife.iterrpg.procedures.ExorcistGiveProcedure onEntityDeath(Lnet/minecraftforge/event/entity/living/LivingDeathEvent;)V
		18: ASM: class net.thirdlife.iterrpg.procedures.ElementalFragmentDropProcedure onEntityDeath(Lnet/minecraftforge/event/entity/living/LivingDeathEvent;)V
		19: ASM: class net.thirdlife.iterrpg.procedures.CoinDropProcedure onEntityDeath(Lnet/minecraftforge/event/entity/living/LivingDeathEvent;)V
		20: ASM: class net.thirdlife.iterrpg.procedures.BloodthirstKillProcedure onEntityDeath(Lnet/minecraftforge/event/entity/living/LivingDeathEvent;)V
		21: ASM: com.stal111.forbidden_arcanus.common.event.DeathEvents@9bc778 onLivingDeath(Lnet/minecraftforge/event/entity/living/LivingDeathEvent;)V
		22: ASM: class com.brutalbosses.event.EventHandler onBossDeath(Lnet/minecraftforge/event/entity/living/LivingDeathEvent;)V
		23: ASM: class net.miauczel.legendary_monsters.item.custom.CustomItemEvents.WitheredScytheDropGoldEventHandler onEntityDeath(Lnet/minecraftforge/event/entity/living/LivingDeathEvent;)V
		24: ASM: class net.mcreator.seadwellers.procedures.MermorphRageFromKillProcedure onEntityDeath(Lnet/minecraftforge/event/entity/living/LivingDeathEvent;)V
		25: ASM: class net.mcreator.seadwellers.procedures.AquamarineMobDropsProcedure onEntityDeath(Lnet/minecraftforge/event/entity/living/LivingDeathEvent;)V
		26: ASM: class net.mcreator.borninchaosv.procedures.ZombieMaggotsProcedure onEntityDeath(Lnet/minecraftforge/event/entity/living/LivingDeathEvent;)V
		27: ASM: class net.mcreator.borninchaosv.procedures.RampagePProcedure onEntityDeath(Lnet/minecraftforge/event/entity/living/LivingDeathEvent;)V
		28: ASM: class net.mcreator.borninchaosv.procedures.ObsessiondeadProcedure onEntityDeath(Lnet/minecraftforge/event/entity/living/LivingDeathEvent;)V
		29: ASM: class net.mcreator.borninchaosv.procedures.LunarSpruceCowboyPProcedure onEntityDeath(Lnet/minecraftforge/event/entity/living/LivingDeathEvent;)V
		30: ASM: class net.mcreator.borninchaosv.procedures.LivingcocoonplayersideDeadProcedure onEntityDeath(Lnet/minecraftforge/event/entity/living/LivingDeathEvent;)V
		31: ASM: class net.mcreator.borninchaosv.procedures.LivingCocoonDeadProcedure onEntityDeath(Lnet/minecraftforge/event/entity/living/LivingDeathEvent;)V
		32: ASM: class net.mcreator.borninchaosv.procedures.KillinganimalsProcedure onEntityDeath(Lnet/minecraftforge/event/entity/living/LivingDeathEvent;)V
		33: ASM: class net.mcreator.borninchaosv.procedures.KillingVillagersProcedure onEntityDeath(Lnet/minecraftforge/event/entity/living/LivingDeathEvent;)V
		34: ASM: class net.mcreator.borninchaosv.procedures.ExperienceContainerDeathProcedure onEntityDeath(Lnet/minecraftforge/event/entity/living/LivingDeathEvent;)V
		35: ASM: class net.mcreator.borninchaosv.procedures.EasterDropProcedure onEntityDeath(Lnet/minecraftforge/event/entity/living/LivingDeathEvent;)V
		36: ASM: class net.mcreator.borninchaosv.procedures.DeathTotemKoghdaPriedmietNakhoditsiaVRukieProcedure onEntityDeath(Lnet/minecraftforge/event/entity/living/LivingDeathEvent;)V
		37: ASM: class net.mcreator.borninchaosv.procedures.DarkWardActivProcedure onEntityDeath(Lnet/minecraftforge/event/entity/living/LivingDeathEvent;)V
		38: ASM: com.github.alexthe666.iceandfire.event.ServerEvents@61caf5ef onEntityDie(Lnet/minecraftforge/event/entity/living/LivingDeathEvent;)V
		39: LOWEST
		40: ASM: de.maxhenkel.gravestone.corelib.death.DeathEvents@4bf9cac5 playerDeath(Lnet/minecraftforge/event/entity/living/LivingDeathEvent;)V
java.lang.NullPointerException: Cannot invoke "net.minecraft.advancements.Advancement.m_138325_()" because "p_135986_" is null
	at TRANSFORMER/minecraft@1.20.1/net.minecraft.server.PlayerAdvancements.m_135985_(PlayerAdvancements.java:307)
	at TRANSFORMER/minecraft@1.20.1/net.minecraft.server.PlayerAdvancements.m_135996_(PlayerAdvancements.java:300)
	at TRANSFORMER/betterskills@1.8.1/net.feusalamander.betterskills.procedures.CombatXpProcedure.execute(CombatXpProcedure.java:582)
	at TRANSFORMER/betterskills@1.8.1/net.feusalamander.betterskills.procedures.CombatXpProcedure.onEntityDeath(CombatXpProcedure.java:43)
	at TRANSFORMER/betterskills@1.8.1/net.feusalamander.betterskills.procedures.__CombatXpProcedure_onEntityDeath_LivingDeathEvent.invoke(.dynamic)
	at MC-BOOTSTRAP/net.minecraftforge.eventbus/net.minecraftforge.eventbus.ASMEventHandler.invoke(ASMEventHandler.java:73)
	at MC-BOOTSTRAP/net.minecraftforge.eventbus/net.minecraftforge.eventbus.EventBus.post(EventBus.java:315)
	at MC-BOOTSTRAP/net.minecraftforge.eventbus/net.minecraftforge.eventbus.EventBus.post(EventBus.java:296)
	at TRANSFORMER/forge@47.3.0/net.minecraftforge.common.ForgeHooks.onLivingDeath(ForgeHooks.java:303)
	at TRANSFORMER/minecraft@1.20.1/net.minecraft.world.entity.LivingEntity.m_6667_(LivingEntity.java:1304)
	at TRANSFORMER/minecraft@1.20.1/net.minecraft.world.entity.LivingEntity.m_6469_(LivingEntity.java:1182)
	at TRANSFORMER/minecraft@1.20.1/net.minecraft.world.entity.animal.Animal.m_6469_(Animal.java:76)
	at TRANSFORMER/minecraft@1.20.1/net.minecraft.world.entity.player.Player.m_5706_(Player.java:1139)
	at TRANSFORMER/minecraft@1.20.1/net.minecraft.server.level.ServerPlayer.m_5706_(ServerPlayer.java:1400)
	at TRANSFORMER/minecraft@1.20.1/net.minecraft.server.network.ServerGamePacketListenerImpl$1.m_141994_(ServerGamePacketListenerImpl.java:1489)
	at TRANSFORMER/minecraft@1.20.1/net.minecraft.network.protocol.game.ServerboundInteractPacket$1.m_142457_(ServerboundInteractPacket.java:166)
	at TRANSFORMER/minecraft@1.20.1/net.minecraft.network.protocol.game.ServerboundInteractPacket.m_179617_(ServerboundInteractPacket.java:66)
	at TRANSFORMER/minecraft@1.20.1/net.minecraft.server.network.ServerGamePacketListenerImpl.m_6946_(ServerGamePacketListenerImpl.java:1457)
	at TRANSFORMER/minecraft@1.20.1/net.minecraft.network.protocol.game.ServerboundInteractPacket.m_5797_(ServerboundInteractPacket.java:53)
	at TRANSFORMER/minecraft@1.20.1/net.minecraft.network.protocol.game.ServerboundInteractPacket.m_5797_(ServerboundInteractPacket.java:13)
	at TRANSFORMER/minecraft@1.20.1/net.minecraft.network.protocol.PacketUtils.m_263899_(PacketUtils.java:22)
	at TRANSFORMER/minecraft@1.20.1/net.minecraft.server.TickTask.run(TickTask.java:18)
	at TRANSFORMER/minecraft@1.20.1/net.minecraft.util.thread.BlockableEventLoop.m_6367_(BlockableEventLoop.java:156)
	at TRANSFORMER/minecraft@1.20.1/net.minecraft.util.thread.ReentrantBlockableEventLoop.m_6367_(ReentrantBlockableEventLoop.java:23)
	at TRANSFORMER/minecraft@1.20.1/net.minecraft.server.MinecraftServer.m_6367_(MinecraftServer.java:770)
	at TRANSFORMER/minecraft@1.20.1/net.minecraft.server.MinecraftServer.m_6367_(MinecraftServer.java:161)
	at TRANSFORMER/minecraft@1.20.1/net.minecraft.util.thread.BlockableEventLoop.m_7245_(BlockableEventLoop.java:130)
	at TRANSFORMER/minecraft@1.20.1/net.minecraft.server.MinecraftServer.m_129961_(MinecraftServer.java:753)
	at TRANSFORMER/minecraft@1.20.1/net.minecraft.server.MinecraftServer.m_7245_(MinecraftServer.java:747)
	at TRANSFORMER/minecraft@1.20.1/net.minecraft.util.thread.BlockableEventLoop.m_18701_(BlockableEventLoop.java:139)
	at TRANSFORMER/minecraft@1.20.1/net.minecraft.server.MinecraftServer.m_130012_(MinecraftServer.java:733)
	at TRANSFORMER/minecraft@1.20.1/net.minecraft.server.MinecraftServer.m_130011_(MinecraftServer.java:665)
	at TRANSFORMER/minecraft@1.20.1/net.minecraft.server.MinecraftServer.m_206580_(MinecraftServer.java:251)
	at java.base/java.lang.Thread.run(Thread.java:840)

[14Oct2025 22:35:31.385] [Server thread/ERROR] [net.minecraft.network.protocol.PacketUtils/]: Failed to handle packet net.minecraft.network.protocol.game.ServerboundInteractPacket@4a7b0c66, suppressing error
java.lang.NullPointerException: Cannot invoke "net.minecraft.advancements.Advancement.m_138325_()" because "p_135986_" is null
	at net.minecraft.server.PlayerAdvancements.m_135985_(PlayerAdvancements.java:307) ~[server-1.20.1-20230612.114412-srg.jar%23231!/:?]
	at net.minecraft.server.PlayerAdvancements.m_135996_(PlayerAdvancements.java:300) ~[server-1.20.1-20230612.114412-srg.jar%23231!/:?]
	at net.feusalamander.betterskills.procedures.CombatXpProcedure.execute(CombatXpProcedure.java:582) ~[Better%20Skills%201.8.1%20%5B1.20.1%5D.jar%23167!/:?]
	at net.feusalamander.betterskills.procedures.CombatXpProcedure.onEntityDeath(CombatXpProcedure.java:43) ~[Better%20Skills%201.8.1%20%5B1.20.1%5D.jar%23167!/:?]
	at net.feusalamander.betterskills.procedures.__CombatXpProcedure_onEntityDeath_LivingDeathEvent.invoke(.dynamic) ~[Better%20Skills%201.8.1%20%5B1.20.1%5D.jar%23167!/:?]
	at net.minecraftforge.eventbus.ASMEventHandler.invoke(ASMEventHandler.java:73) ~[eventbus-6.0.5.jar%2350!/:?]
	at net.minecraftforge.eventbus.EventBus.post(EventBus.java:315) ~[eventbus-6.0.5.jar%2350!/:?]
	at net.minecraftforge.eventbus.EventBus.post(EventBus.java:296) ~[eventbus-6.0.5.jar%2350!/:?]
	at net.minecraftforge.common.ForgeHooks.onLivingDeath(ForgeHooks.java:303) ~[forge-1.20.1-47.3.0-universal.jar%23236!/:?]
	at net.minecraft.world.entity.LivingEntity.m_6667_(LivingEntity.java:1304) ~[server-1.20.1-20230612.114412-srg.jar%23231!/:?]
	at net.minecraft.world.entity.LivingEntity.m_6469_(LivingEntity.java:1182) ~[server-1.20.1-20230612.114412-srg.jar%23231!/:?]
	at net.minecraft.world.entity.animal.Animal.m_6469_(Animal.java:76) ~[server-1.20.1-20230612.114412-srg.jar%23231!/:?]
	at net.minecraft.world.entity.player.Player.m_5706_(Player.java:1139) ~[server-1.20.1-20230612.114412-srg.jar%23231!/:?]
	at net.minecraft.server.level.ServerPlayer.m_5706_(ServerPlayer.java:1400) ~[server-1.20.1-20230612.114412-srg.jar%23231!/:?]
	at net.minecraft.server.network.ServerGamePacketListenerImpl$1.m_141994_(ServerGamePacketListenerImpl.java:1489) ~[server-1.20.1-20230612.114412-srg.jar%23231!/:?]
	at net.minecraft.network.protocol.game.ServerboundInteractPacket$1.m_142457_(ServerboundInteractPacket.java:166) ~[server-1.20.1-20230612.114412-srg.jar%23231!/:?]
	at net.minecraft.network.protocol.game.ServerboundInteractPacket.m_179617_(ServerboundInteractPacket.java:66) ~[server-1.20.1-20230612.114412-srg.jar%23231!/:?]
	at net.minecraft.server.network.ServerGamePacketListenerImpl.m_6946_(ServerGamePacketListenerImpl.java:1457) ~[server-1.20.1-20230612.114412-srg.jar%23231!/:?]
	at net.minecraft.network.protocol.game.ServerboundInteractPacket.m_5797_(ServerboundInteractPacket.java:53) ~[server-1.20.1-20230612.114412-srg.jar%23231!/:?]
	at net.minecraft.network.protocol.game.ServerboundInteractPacket.m_5797_(ServerboundInteractPacket.java:13) ~[server-1.20.1-20230612.114412-srg.jar%23231!/:?]
	at net.minecraft.network.protocol.PacketUtils.m_263899_(PacketUtils.java:22) ~[server-1.20.1-20230612.114412-srg.jar%23231!/:?]
	at net.minecraft.server.TickTask.run(TickTask.java:18) ~[server-1.20.1-20230612.114412-srg.jar%23231!/:?]
	at net.minecraft.util.thread.BlockableEventLoop.m_6367_(BlockableEventLoop.java:156) ~[server-1.20.1-20230612.114412-srg.jar%23231!/:?]
	at net.minecraft.util.thread.ReentrantBlockableEventLoop.m_6367_(ReentrantBlockableEventLoop.java:23) ~[server-1.20.1-20230612.114412-srg.jar%23231!/:?]
	at net.minecraft.server.MinecraftServer.m_6367_(MinecraftServer.java:770) ~[server-1.20.1-20230612.114412-srg.jar%23231!/:?]
	at net.minecraft.server.MinecraftServer.m_6367_(MinecraftServer.java:161) ~[server-1.20.1-20230612.114412-srg.jar%23231!/:?]
	at net.minecraft.util.thread.BlockableEventLoop.m_7245_(BlockableEventLoop.java:130) ~[server-1.20.1-20230612.114412-srg.jar%23231!/:?]
	at net.minecraft.server.MinecraftServer.m_129961_(MinecraftServer.java:753) ~[server-1.20.1-20230612.114412-srg.jar%23231!/:?]
	at net.minecraft.server.MinecraftServer.m_7245_(MinecraftServer.java:747) ~[server-1.20.1-20230612.114412-srg.jar%23231!/:?]
	at net.minecraft.util.thread.BlockableEventLoop.m_18701_(BlockableEventLoop.java:139) ~[server-1.20.1-20230612.114412-srg.jar%23231!/:?]
	at net.minecraft.server.MinecraftServer.m_130012_(MinecraftServer.java:733) ~[server-1.20.1-20230612.114412-srg.jar%23231!/:?]
	at net.minecraft.server.MinecraftServer.m_130011_(MinecraftServer.java:665) ~[server-1.20.1-20230612.114412-srg.jar%23231!/:?]
	at net.minecraft.server.MinecraftServer.m_206580_(MinecraftServer.java:251) ~[server-1.20.1-20230612.114412-srg.jar%23231!/:?]
	at java.lang.Thread.run(Thread.java:840) ~[?:?]
[14Oct2025 22:36:46.455] [Server thread/WARN] [net.minecraft.server.MinecraftServer/]: Can't keep up! Is the server overloaded? Running 2090ms or 41 ticks behind
[14Oct2025 22:37:08.327] [Server thread/INFO] [net.minecraft.world.entity.LivingEntity/]: Named entity Shulker['Kali the Old'/74015, l='ServerLevel[world]', x=-3755.50, y=93.00, z=22.50] died: Kali the Old was shot by AleGuil_
[14Oct2025 22:37:10.177] [Server thread/WARN] [net.minecraft.server.MinecraftServer/]: Can't keep up! Is the server overloaded? Running 8762ms or 175 ticks behind
[14Oct2025 22:37:33.769] [Server thread/WARN] [net.minecraft.server.MinecraftServer/]: Can't keep up! Is the server overloaded? Running 8604ms or 172 ticks behind
[14Oct2025 22:39:11.372] [Server thread/INFO] [net.minecraft.server.MinecraftServer/]: [Not Secure] <NewElei> duerman
[14Oct2025 22:39:12.818] [Server thread/WARN] [net.minecraft.server.MinecraftServer/]: Can't keep up! Is the server overloaded? Running 2003ms or 40 ticks behind
[14Oct2025 22:40:59.523] [Server thread/INFO] [net.minecraft.server.MinecraftServer/]: AleGuil_ has completed the challenge [Against The Gods]
[14Oct2025 22:42:19.252] [Server thread/WARN] [net.minecraft.server.network.ServerGamePacketListenerImpl/]: CarboHot moved wrongly!
[14Oct2025 22:43:55.024] [Server thread/WARN] [net.minecraft.world.level.chunk.LevelChunk/]: Tried to load a block entity for block Block{minecraft:smithing_table} but failed at location BlockPos{x=-4090, y=65, z=-5}
[14Oct2025 22:44:20.148] [Server thread/INFO] [net.minecraft.server.MinecraftServer/]: CarboHot has made the advancement [Dungeon Now Loading]
[14Oct2025 22:44:39.882] [Server thread/INFO] [net.minecraft.world.entity.npc.Villager/]: Villager Villager['Farmer'/81735, l='ServerLevel[world]', x=-4026.80, y=71.00, z=9.34] died, message: 'Farmer walked into fire whilst fighting Fire Dragon'
[14Oct2025 22:44:42.015] [Server thread/INFO] [net.minecraft.world.entity.npc.Villager/]: Villager Villager['Farmer'/81894, l='ServerLevel[world]', x=-4076.02, y=73.70, z=48.31] died, message: 'Farmer was slain by Cyclops'
[14Oct2025 22:44:45.315] [Server thread/INFO] [net.minecraft.server.MinecraftServer/]: CarboHot has made the advancement [Isn't It Iron Pick]
[14Oct2025 22:44:45.435] [Server thread/INFO] [net.minecraft.world.entity.npc.Villager/]: Villager Villager['Villager'/81892, l='ServerLevel[world]', x=-4072.98, y=73.20, z=46.08] died, message: 'Villager was slain by Cyclops'
[14Oct2025 22:44:53.305] [Server thread/INFO] [net.minecraft.world.entity.npc.Villager/]: Villager Villager['Villager'/81845, l='ServerLevel[world]', x=-4074.99, y=72.20, z=39.65] died, message: 'Villager was slain by Cyclops'
[14Oct2025 22:44:56.469] [Server thread/INFO] [net.minecraft.world.entity.npc.Villager/]: Villager Villager['Toolsmith'/81816, l='ServerLevel[world]', x=-4067.71, y=71.20, z=36.40] died, message: 'Toolsmith was slain by Cyclops'
[14Oct2025 22:44:58.978] [Server thread/INFO] [net.minecraft.world.entity.npc.Villager/]: Villager Villager['Villager'/81853, l='ServerLevel[world]', x=-4076.16, y=65.00, z=-1.58] died, message: 'Villager burned to death'
[14Oct2025 22:44:59.020] [Server thread/INFO] [net.minecraft.world.entity.npc.Villager/]: Villager Villager['Villager'/81891, l='ServerLevel[world]', x=-4068.57, y=63.77, z=17.56] died, message: 'Villager was burnt to a crisp whilst fighting Fire Dragon'
[14Oct2025 22:45:02.876] [Server thread/INFO] [net.minecraft.world.entity.npc.Villager/]: Villager Villager['Villager'/81851, l='ServerLevel[world]', x=-4088.55, y=67.50, z=9.82] died, message: 'Villager burned to death'
[14Oct2025 22:45:07.525] [Server thread/INFO] [net.minecraft.server.players.PlayerList/]: tumami12[/127.199.110.128:42219] logged in with entity id 82859 at (-943.29618852069, 112.0, 2934.0208916550705)
[14Oct2025 22:45:07.539] [Server thread/INFO] [net.minecraft.server.MinecraftServer/]: tumami12 joined the game
[14Oct2025 22:45:14.701] [Server thread/INFO] [net.minecraft.world.entity.npc.Villager/]: Villager Villager['Villager'/81927, l='ServerLevel[world]', x=-4083.52, y=66.56, z=-7.32] died, message: 'Villager burned to death'
[14Oct2025 22:45:17.606] [Server thread/INFO] [net.minecraft.server.MinecraftServer/]: kukiby has made the advancement [Surfer Rosa]
[14Oct2025 22:46:20.096] [Server thread/INFO] [net.minecraft.server.MinecraftServer/]: CarboHot has made the advancement [Chompy]
[14Oct2025 22:47:24.847] [Server thread/WARN] [net.minecraft.server.level.ServerPlayerGameMode/]: Mismatch in destroy block pos: BlockPos{x=-4070, y=52, z=95} BlockPos{x=-4071, y=52, z=95}
[14Oct2025 22:47:24.894] [Server thread/WARN] [net.minecraft.server.level.ServerPlayerGameMode/]: Mismatch in destroy block pos: BlockPos{x=-4070, y=52, z=95} BlockPos{x=-4071, y=52, z=95}
[14Oct2025 22:47:50.558] [Server thread/WARN] [net.minecraft.server.level.ServerPlayerGameMode/]: Mismatch in destroy block pos: BlockPos{x=-4070, y=48, z=95} BlockPos{x=-4070, y=47, z=95}
[14Oct2025 22:47:50.612] [Server thread/WARN] [net.minecraft.server.level.ServerPlayerGameMode/]: Mismatch in destroy block pos: BlockPos{x=-4070, y=46, z=95} BlockPos{x=-4070, y=47, z=95}
[14Oct2025 22:47:55.896] [Server thread/WARN] [net.minecraft.server.level.ServerPlayerGameMode/]: Mismatch in destroy block pos: BlockPos{x=-4070, y=39, z=92} BlockPos{x=-4070, y=38, z=92}
[14Oct2025 22:47:55.972] [Server thread/WARN] [net.minecraft.server.level.ServerPlayerGameMode/]: Mismatch in destroy block pos: BlockPos{x=-4070, y=39, z=92} BlockPos{x=-4070, y=38, z=92}
[14Oct2025 22:47:56.012] [Server thread/WARN] [net.minecraft.server.level.ServerPlayerGameMode/]: Mismatch in destroy block pos: BlockPos{x=-4070, y=39, z=92} BlockPos{x=-4070, y=38, z=92}
[14Oct2025 22:47:56.157] [Server thread/WARN] [net.minecraft.server.level.ServerPlayerGameMode/]: Mismatch in destroy block pos: BlockPos{x=-4071, y=37, z=93} BlockPos{x=-4070, y=38, z=92}
[14Oct2025 22:48:08.454] [Server thread/WARN] [net.minecraft.server.level.ServerPlayerGameMode/]: Mismatch in destroy block pos: BlockPos{x=-4064, y=15, z=93} BlockPos{x=-4064, y=11, z=93}
[14Oct2025 22:48:09.066] [Server thread/WARN] [net.minecraft.server.level.ServerPlayerGameMode/]: Mismatch in destroy block pos: BlockPos{x=-4064, y=15, z=93} BlockPos{x=-4061, y=10, z=95}
[14Oct2025 22:48:51.646] [Server thread/WARN] [net.minecraft.server.level.ServerPlayerGameMode/]: Mismatch in destroy block pos: BlockPos{x=-4083, y=17, z=91} BlockPos{x=-4084, y=19, z=94}
[14Oct2025 22:49:21.717] [Server thread/INFO] [net.minecraft.server.MinecraftServer/]: [Not Secure] <CarboHot> no estoy rabando we
[14Oct2025 22:49:25.050] [Server thread/INFO] [net.minecraft.server.MinecraftServer/]: [Not Secure] <CarboHot> estoy viendo
[14Oct2025 22:49:29.401] [Server thread/INFO] [net.minecraft.server.MinecraftServer/]: [Not Secure] <CarboHot> no tengo nada
[14Oct2025 22:49:31.010] [Server thread/WARN] [net.minecraft.server.level.ServerPlayerGameMode/]: Mismatch in destroy block pos: BlockPos{x=-4084, y=19, z=96} BlockPos{x=-4060, y=6, z=93}
[14Oct2025 22:49:38.456] [Server thread/INFO] [net.minecraft.server.MinecraftServer/]: [Not Secure] <CarboHot> mira mi inventario
[14Oct2025 22:49:45.222] [Server thread/INFO] [net.minecraft.server.MinecraftServer/]: [Not Secure] <CarboHot> yo no tengo
[14Oct2025 22:50:36.763] [Server thread/WARN] [net.minecraft.server.MinecraftServer/]: Can't keep up! Is the server overloaded? Running 51548ms or 1030 ticks behind
[14Oct2025 22:50:36.803] [Server thread/INFO] [net.minecraft.server.network.ServerGamePacketListenerImpl/]: kukiby lost connection: Disconnected
[14Oct2025 22:50:36.803] [Server thread/INFO] [net.minecraft.server.MinecraftServer/]: kukiby left the game
[14Oct2025 22:50:36.816] [Server thread/INFO] [net.minecraft.server.network.ServerGamePacketListenerImpl/]: AleGuil_ lost connection: Disconnected
[14Oct2025 22:50:36.817] [Server thread/INFO] [net.minecraft.server.MinecraftServer/]: AleGuil_ left the game
[14Oct2025 22:50:36.830] [Server thread/INFO] [net.minecraft.server.network.ServerGamePacketListenerImpl/]: NewElei lost connection: Disconnected
[14Oct2025 22:50:36.830] [Server thread/INFO] [net.minecraft.server.MinecraftServer/]: NewElei left the game
[14Oct2025 22:50:36.845] [Server thread/INFO] [net.minecraft.server.network.ServerGamePacketListenerImpl/]: CarboHot lost connection: Disconnected
[14Oct2025 22:50:36.846] [Server thread/INFO] [net.minecraft.server.MinecraftServer/]: CarboHot left the game
[14Oct2025 22:50:36.852] [Server thread/INFO] [net.minecraft.server.network.ServerGamePacketListenerImpl/]: tumami12 lost connection: Disconnected
[14Oct2025 22:50:36.852] [Server thread/INFO] [net.minecraft.server.MinecraftServer/]: tumami12 left the game
[14Oct2025 22:50:39.455] [Server thread/INFO] [net.minecraft.server.players.PlayerList/]: NewElei[/127.151.158.215:48741] logged in with entity id 86559 at (27.956186393799772, 26.0, 2170.6938474816848)
[14Oct2025 22:50:39.481] [Server thread/INFO] [net.minecraft.server.MinecraftServer/]: NewElei joined the game
[14Oct2025 22:50:40.894] [Server thread/INFO] [net.minecraft.server.players.PlayerList/]: tumami12[/127.199.110.128:41789] logged in with entity id 86560 at (-956.9107040659841, 111.63129854534913, 2934.245767803636)
[14Oct2025 22:50:40.962] [Server thread/INFO] [net.minecraft.server.MinecraftServer/]: tumami12 joined the game
[14Oct2025 22:50:41.004] [Server thread/INFO] [net.minecraft.server.players.PlayerList/]: CarboHot[/127.195.75.109:40423] logged in with entity id 86561 at (-950.6665922254388, 112.0, 2931.4034061863704)
[14Oct2025 22:50:41.012] [Server thread/INFO] [net.minecraft.server.MinecraftServer/]: CarboHot joined the game
[14Oct2025 22:51:03.599] [Server thread/INFO] [net.minecraft.server.MinecraftServer/]: [tumami12: Set own game mode to Creative Mode]
[14Oct2025 22:51:05.124] [Server thread/INFO] [net.minecraft.server.players.PlayerList/]: AleGuil_[/127.19.150.140:37175] logged in with entity id 87199 at (-4059.300000011921, -6.0, 93.92966610075867)
[14Oct2025 22:51:05.137] [Server thread/INFO] [net.minecraft.server.MinecraftServer/]: AleGuil_ joined the game
[14Oct2025 22:51:09.016] [Server thread/WARN] [net.minecraft.server.MinecraftServer/]: Can't keep up! Is the server overloaded? Running 2001ms or 40 ticks behind
[14Oct2025 22:51:22.567] [Server thread/INFO] [net.minecraft.world.entity.npc.Villager/]: Villager Villager['Villager'/87314, l='ServerLevel[world]', x=-4072.35, y=70.20, z=35.48] died, message: 'Villager was slain by Cyclops'
[14Oct2025 22:51:28.974] [Server thread/WARN] [net.minecraft.server.MinecraftServer/]: Can't keep up! Is the server overloaded? Running 4959ms or 99 ticks behind
[14Oct2025 22:51:42.092] [Server thread/INFO] [net.minecraft.world.entity.npc.Villager/]: Villager Villager['Oceanographer'/87509, l='ServerLevel[world]', x=-4070.18, y=69.20, z=9.30] died, message: 'Oceanographer was slain by Cyclops'
[14Oct2025 22:51:43.468] [Server thread/INFO] [net.minecraft.world.entity.npc.Villager/]: Villager Villager['Weaponsmith'/87395, l='ServerLevel[world]', x=-4069.33, y=69.20, z=9.07] died, message: 'Weaponsmith was slain by Cyclops'
[14Oct2025 22:51:45.962] [Server thread/INFO] [net.minecraft.world.entity.npc.Villager/]: Villager Villager['Farmer'/87442, l='ServerLevel[world]', x=-4068.24, y=69.20, z=6.38] died, message: 'Farmer was slain by Cyclops'
[14Oct2025 22:51:46.479] [Server thread/INFO] [net.minecraft.server.MinecraftServer/]: [Not Secure] <CarboHot> eso ya tenia de ayer
[14Oct2025 22:51:49.505] [Server thread/INFO] [net.minecraft.server.MinecraftServer/]: [Not Secure] <CarboHot> tu me lo distes
[14Oct2025 22:52:29.409] [Server thread/INFO] [net.minecraft.server.MinecraftServer/]: [Not Secure] <CarboHot> ve a la aldea
[14Oct2025 22:52:29.963] [Server thread/INFO] [net.minecraft.server.players.PlayerList/]: kukiby[/127.26.243.108:41727] logged in with entity id 87968 at (-948.7310260313994, 112.0, 2930.9859176382515)
[14Oct2025 22:52:29.977] [Server thread/INFO] [net.minecraft.server.MinecraftServer/]: kukiby joined the game
[14Oct2025 22:52:32.807] [Server thread/INFO] [net.minecraft.server.MinecraftServer/]: [Not Secure] <CarboHot> quiero filo
[14Oct2025 22:52:33.458] [Server thread/WARN] [net.minecraft.server.level.ServerPlayerGameMode/]: Mismatch in destroy block pos: BlockPos{x=-4099, y=54, z=131} BlockPos{x=-4099, y=55, z=131}
[14Oct2025 22:52:47.374] [Server thread/INFO] [net.minecraft.server.MinecraftServer/]: [Not Secure] <CarboHot> no le digo
[14Oct2025 22:52:51.723] [Server thread/INFO] [net.minecraft.server.MinecraftServer/]: [Not Secure] <CarboHot> mami ve
[14Oct2025 22:52:54.709] [Server thread/INFO] [net.minecraft.server.MinecraftServer/]: [Not Secure] <CarboHot> a la aldea
[14Oct2025 22:53:04.523] [Server thread/WARN] [net.minecraft.server.level.ServerPlayerGameMode/]: Mismatch in destroy block pos: BlockPos{x=-4099, y=66, z=139} BlockPos{x=-4102, y=66, z=139}
[14Oct2025 22:53:04.569] [Server thread/WARN] [net.minecraft.server.level.ServerPlayerGameMode/]: Mismatch in destroy block pos: BlockPos{x=-4099, y=66, z=139} BlockPos{x=-4102, y=66, z=139}
[14Oct2025 22:53:04.628] [Server thread/WARN] [net.minecraft.server.level.ServerPlayerGameMode/]: Mismatch in destroy block pos: BlockPos{x=-4099, y=66, z=139} BlockPos{x=-4102, y=66, z=139}
[14Oct2025 22:53:04.668] [Server thread/WARN] [net.minecraft.server.level.ServerPlayerGameMode/]: Mismatch in destroy block pos: BlockPos{x=-4099, y=66, z=139} BlockPos{x=-4102, y=66, z=139}
[14Oct2025 22:53:04.714] [Server thread/WARN] [net.minecraft.server.level.ServerPlayerGameMode/]: Mismatch in destroy block pos: BlockPos{x=-4099, y=66, z=139} BlockPos{x=-4102, y=66, z=139}
[14Oct2025 22:53:04.766] [Server thread/WARN] [net.minecraft.server.level.ServerPlayerGameMode/]: Mismatch in destroy block pos: BlockPos{x=-4099, y=66, z=139} BlockPos{x=-4102, y=66, z=139}
[14Oct2025 22:53:32.300] [Server thread/INFO] [net.minecraft.server.MinecraftServer/]: [Not Secure] <CarboHot> 1}
[14Oct2025 22:53:45.949] [Server thread/INFO] [net.minecraft.server.MinecraftServer/]: [Not Secure] <CarboHot> para la esapda
[14Oct2025 22:53:55.255] [Server thread/INFO] [net.minecraft.server.MinecraftServer/]: [Not Secure] <CarboHot> pero como lo hago
[14Oct2025 22:54:08.825] [Server thread/INFO] [net.minecraft.server.MinecraftServer/]: [Not Secure] <CarboHot> solo un bloque
[14Oct2025 22:54:11.531] [Server thread/INFO] [net.minecraft.world.entity.npc.Villager/]: Villager Villager['Toolsmith'/87510, l='ServerLevel[world]', x=-4085.70, y=64.00, z=-7.94] died, message: 'Toolsmith burned to death'
[14Oct2025 22:54:26.150] [Server thread/INFO] [net.minecraft.server.MinecraftServer/]: [Not Secure] <CarboHot> que quiere que le de
[14Oct2025 22:54:29.402] [Server thread/INFO] [net.minecraft.server.MinecraftServer/]: [Not Secure] <CarboHot> no tengo nada
[14Oct2025 22:54:46.753] [Server thread/INFO] [net.minecraft.server.MinecraftServer/]: CarboHot has made the advancement [Diamonds!]
[14Oct2025 22:54:57.050] [Server thread/INFO] [net.minecraft.server.MinecraftServer/]: [tumami12: Set own game mode to Spectator Mode]
[14Oct2025 22:56:00.100] [Server thread/INFO] [net.minecraft.server.MinecraftServer/]: [Not Secure] <CarboHot> esta hablando
[14Oct2025 22:56:02.291] [Server thread/INFO] [net.minecraft.server.MinecraftServer/]: [Not Secure] <CarboHot> mami
[14Oct2025 22:56:05.442] [Server thread/INFO] [net.minecraft.server.MinecraftServer/]: [Not Secure] <CarboHot> ve a la base
[14Oct2025 22:56:07.407] [Server thread/INFO] [net.minecraft.server.MinecraftServer/]: [Not Secure] <CarboHot> veeee
[14Oct2025 22:56:36.497] [Server thread/WARN] [net.minecraft.server.level.ServerPlayerGameMode/]: Mismatch in destroy block pos: BlockPos{x=-4296, y=55, z=99} BlockPos{x=-4295, y=54, z=101}
[14Oct2025 22:56:36.552] [Server thread/WARN] [net.minecraft.server.level.ServerPlayerGameMode/]: Mismatch in destroy block pos: BlockPos{x=-4296, y=55, z=99} BlockPos{x=-4295, y=54, z=101}
[14Oct2025 22:56:36.600] [Server thread/WARN] [net.minecraft.server.level.ServerPlayerGameMode/]: Mismatch in destroy block pos: BlockPos{x=-4294, y=55, z=102} BlockPos{x=-4295, y=54, z=101}
[14Oct2025 22:56:36.652] [Server thread/WARN] [net.minecraft.server.level.ServerPlayerGameMode/]: Mismatch in destroy block pos: BlockPos{x=-4294, y=55, z=102} BlockPos{x=-4295, y=54, z=101}
[14Oct2025 22:56:36.696] [Server thread/WARN] [net.minecraft.server.level.ServerPlayerGameMode/]: Mismatch in destroy block pos: BlockPos{x=-4294, y=55, z=102} BlockPos{x=-4295, y=54, z=101}
[14Oct2025 22:56:36.749] [Server thread/WARN] [net.minecraft.server.level.ServerPlayerGameMode/]: Mismatch in destroy block pos: BlockPos{x=-4294, y=55, z=102} BlockPos{x=-4295, y=54, z=101}
[14Oct2025 22:56:36.801] [Server thread/WARN] [net.minecraft.server.level.ServerPlayerGameMode/]: Mismatch in destroy block pos: BlockPos{x=-4294, y=55, z=102} BlockPos{x=-4295, y=54, z=101}
[14Oct2025 22:56:53.448] [Server thread/WARN] [net.minecraft.server.level.ServerPlayerGameMode/]: Mismatch in destroy block pos: BlockPos{x=-4299, y=25, z=104} BlockPos{x=-4299, y=24, z=104}
[14Oct2025 22:56:53.494] [Server thread/WARN] [net.minecraft.server.level.ServerPlayerGameMode/]: Mismatch in destroy block pos: BlockPos{x=-4299, y=23, z=104} BlockPos{x=-4299, y=24, z=104}
[14Oct2025 22:57:25.248] [Server thread/INFO] [net.minecraft.server.MinecraftServer/]: [Not Secure] <NewElei> kuki acepta
[14Oct2025 22:57:45.962] [Server thread/INFO] [net.minecraft.server.MinecraftServer/]: [Not Secure] <CarboHot> dos
[14Oct2025 22:58:56.094] [Server thread/WARN] [net.minecraft.server.level.ServerPlayerGameMode/]: Mismatch in destroy block pos: BlockPos{x=-4299, y=3, z=104} BlockPos{x=-4299, y=25, z=103}
[14Oct2025 22:58:56.146] [Server thread/WARN] [net.minecraft.server.level.ServerPlayerGameMode/]: Mismatch in destroy block pos: BlockPos{x=-4299, y=3, z=104} BlockPos{x=-4299, y=25, z=103}
[14Oct2025 22:58:56.201] [Server thread/WARN] [net.minecraft.server.level.ServerPlayerGameMode/]: Mismatch in destroy block pos: BlockPos{x=-4299, y=3, z=104} BlockPos{x=-4299, y=25, z=103}
[14Oct2025 22:58:56.247] [Server thread/WARN] [net.minecraft.server.level.ServerPlayerGameMode/]: Mismatch in destroy block pos: BlockPos{x=-4299, y=3, z=104} BlockPos{x=-4299, y=25, z=103}
[14Oct2025 22:58:56.292] [Server thread/WARN] [net.minecraft.server.level.ServerPlayerGameMode/]: Mismatch in destroy block pos: BlockPos{x=-4299, y=3, z=104} BlockPos{x=-4299, y=25, z=103}
[14Oct2025 22:58:56.345] [Server thread/WARN] [net.minecraft.server.level.ServerPlayerGameMode/]: Mismatch in destroy block pos: BlockPos{x=-4299, y=3, z=104} BlockPos{x=-4299, y=25, z=103}
[14Oct2025 22:58:56.393] [Server thread/WARN] [net.minecraft.server.level.ServerPlayerGameMode/]: Mismatch in destroy block pos: BlockPos{x=-4299, y=3, z=104} BlockPos{x=-4299, y=25, z=103}
[14Oct2025 22:58:56.448] [Server thread/WARN] [net.minecraft.server.level.ServerPlayerGameMode/]: Mismatch in destroy block pos: BlockPos{x=-4302, y=24, z=101} BlockPos{x=-4299, y=25, z=103}
[14Oct2025 22:59:03.047] [Server thread/INFO] [net.minecraft.server.MinecraftServer/]: [Not Secure] <kukiby> perdon
[14Oct2025 22:59:08.448] [Server thread/WARN] [net.minecraft.server.level.ServerPlayerGameMode/]: Mismatch in destroy block pos: BlockPos{x=-4294, y=24, z=99} BlockPos{x=-4293, y=25, z=99}
[14Oct2025 22:59:08.496] [Server thread/WARN] [net.minecraft.server.level.ServerPlayerGameMode/]: Mismatch in destroy block pos: BlockPos{x=-4293, y=25, z=98} BlockPos{x=-4293, y=25, z=99}
[14Oct2025 22:59:08.551] [Server thread/WARN] [net.minecraft.server.level.ServerPlayerGameMode/]: Mismatch in destroy block pos: BlockPos{x=-4293, y=25, z=98} BlockPos{x=-4293, y=25, z=99}
[14Oct2025 22:59:08.596] [Server thread/WARN] [net.minecraft.server.level.ServerPlayerGameMode/]: Mismatch in destroy block pos: BlockPos{x=-4293, y=25, z=98} BlockPos{x=-4293, y=25, z=99}
[14Oct2025 22:59:09.394] [Server thread/INFO] [net.minecraft.server.network.ServerGamePacketListenerImpl/]: NewElei lost connection: Disconnected
[14Oct2025 22:59:09.394] [Server thread/INFO] [net.minecraft.server.MinecraftServer/]: NewElei left the game
[14Oct2025 22:59:14.435] [Server thread/INFO] [net.minecraft.server.MinecraftServer/]: [Not Secure] <kukiby> estoy bucando algo
[14Oct2025 22:59:16.890] [Server thread/INFO] [net.minecraft.server.MinecraftServer/]: [Not Secure] <kukiby> a
[14Oct2025 22:59:17.543] [Server thread/WARN] [net.minecraft.server.level.ServerPlayerGameMode/]: Mismatch in destroy block pos: BlockPos{x=-4291, y=25, z=97} BlockPos{x=-4271, y=25, z=92}
[14Oct2025 22:59:21.088] [Server thread/WARN] [net.minecraft.server.level.ServerPlayerGameMode/]: Mismatch in destroy block pos: BlockPos{x=-4265, y=25, z=92} BlockPos{x=-4265, y=25, z=91}
[14Oct2025 22:59:21.138] [Server thread/WARN] [net.minecraft.server.level.ServerPlayerGameMode/]: Mismatch in destroy block pos: BlockPos{x=-4265, y=25, z=92} BlockPos{x=-4265, y=25, z=91}
[14Oct2025 22:59:21.188] [Server thread/WARN] [net.minecraft.server.level.ServerPlayerGameMode/]: Mismatch in destroy block pos: BlockPos{x=-4264, y=25, z=89} BlockPos{x=-4265, y=25, z=91}
[14Oct2025 22:59:21.240] [Server thread/WARN] [net.minecraft.server.level.ServerPlayerGameMode/]: Mismatch in destroy block pos: BlockPos{x=-4264, y=25, z=89} BlockPos{x=-4265, y=25, z=91}
[14Oct2025 22:59:25.540] [Server thread/WARN] [net.minecraft.server.level.ServerPlayerGameMode/]: Mismatch in destroy block pos: BlockPos{x=-4260, y=25, z=88} BlockPos{x=-4260, y=25, z=85}
[14Oct2025 22:59:26.842] [Server thread/WARN] [net.minecraft.server.level.ServerPlayerGameMode/]: Mismatch in destroy block pos: BlockPos{x=-4260, y=25, z=88} BlockPos{x=-4257, y=25, z=85}
[14Oct2025 22:59:30.688] [Server thread/WARN] [net.minecraft.server.level.ServerPlayerGameMode/]: Mismatch in destroy block pos: BlockPos{x=-4260, y=25, z=88} BlockPos{x=-4257, y=25, z=86}
[14Oct2025 22:59:30.737] [Server thread/WARN] [net.minecraft.server.level.ServerPlayerGameMode/]: Mismatch in destroy block pos: BlockPos{x=-4260, y=25, z=88} BlockPos{x=-4257, y=25, z=86}
[14Oct2025 22:59:30.788] [Server thread/WARN] [net.minecraft.server.level.ServerPlayerGameMode/]: Mismatch in destroy block pos: BlockPos{x=-4256, y=25, z=87} BlockPos{x=-4257, y=25, z=86}
[14Oct2025 22:59:30.839] [Server thread/WARN] [net.minecraft.server.level.ServerPlayerGameMode/]: Mismatch in destroy block pos: BlockPos{x=-4256, y=25, z=87} BlockPos{x=-4257, y=25, z=86}
[14Oct2025 22:59:30.888] [Server thread/WARN] [net.minecraft.server.level.ServerPlayerGameMode/]: Mismatch in destroy block pos: BlockPos{x=-4256, y=25, z=87} BlockPos{x=-4257, y=25, z=86}
[14Oct2025 22:59:32.895] [Server thread/WARN] [net.minecraft.server.level.ServerPlayerGameMode/]: Mismatch in destroy block pos: BlockPos{x=-4252, y=25, z=87} BlockPos{x=-4252, y=25, z=88}
[14Oct2025 22:59:38.197] [Server thread/WARN] [net.minecraft.server.level.ServerPlayerGameMode/]: Mismatch in destroy block pos: BlockPos{x=-4248, y=24, z=88} BlockPos{x=-4244, y=25, z=88}
[14Oct2025 22:59:38.250] [Server thread/WARN] [net.minecraft.server.level.ServerPlayerGameMode/]: Mismatch in destroy block pos: BlockPos{x=-4248, y=24, z=88} BlockPos{x=-4244, y=25, z=88}
[14Oct2025 22:59:40.288] [Server thread/WARN] [net.minecraft.server.level.ServerPlayerGameMode/]: Mismatch in destroy block pos: BlockPos{x=-4242, y=25, z=88} BlockPos{x=-4241, y=25, z=89}
[14Oct2025 22:59:40.339] [Server thread/WARN] [net.minecraft.server.level.ServerPlayerGameMode/]: Mismatch in destroy block pos: BlockPos{x=-4242, y=25, z=88} BlockPos{x=-4242, y=25, z=90}
[14Oct2025 22:59:40.439] [Server thread/WARN] [net.minecraft.server.level.ServerPlayerGameMode/]: Mismatch in destroy block pos: BlockPos{x=-4242, y=25, z=88} BlockPos{x=-4243, y=25, z=90}
[14Oct2025 22:59:40.492] [Server thread/WARN] [net.minecraft.server.level.ServerPlayerGameMode/]: Mismatch in destroy block pos: BlockPos{x=-4242, y=25, z=88} BlockPos{x=-4243, y=25, z=90}
[14Oct2025 22:59:42.344] [Server thread/WARN] [net.minecraft.server.level.ServerPlayerGameMode/]: Mismatch in destroy block pos: BlockPos{x=-4243, y=25, z=90} BlockPos{x=-4243, y=24, z=89}
[14Oct2025 22:59:43.699] [Server thread/WARN] [net.minecraft.server.level.ServerPlayerGameMode/]: Mismatch in destroy block pos: BlockPos{x=-4243, y=25, z=90} BlockPos{x=-4240, y=25, z=89}
[14Oct2025 22:59:50.343] [Server thread/WARN] [net.minecraft.server.level.ServerPlayerGameMode/]: Mismatch in destroy block pos: BlockPos{x=-4243, y=25, z=90} BlockPos{x=-4236, y=25, z=89}
[14Oct2025 22:59:50.402] [Server thread/WARN] [net.minecraft.server.level.ServerPlayerGameMode/]: Mismatch in destroy block pos: BlockPos{x=-4243, y=25, z=90} BlockPos{x=-4236, y=25, z=89}
[14Oct2025 22:59:50.439] [Server thread/WARN] [net.minecraft.server.level.ServerPlayerGameMode/]: Mismatch in destroy block pos: BlockPos{x=-4243, y=25, z=90} BlockPos{x=-4236, y=25, z=89}
[14Oct2025 22:59:50.488] [Server thread/WARN] [net.minecraft.server.level.ServerPlayerGameMode/]: Mismatch in destroy block pos: BlockPos{x=-4235, y=24, z=90} BlockPos{x=-4236, y=25, z=89}
[14Oct2025 22:59:50.539] [Server thread/WARN] [net.minecraft.server.level.ServerPlayerGameMode/]: Mismatch in destroy block pos: BlockPos{x=-4235, y=24, z=90} BlockPos{x=-4236, y=25, z=89}
[14Oct2025 22:59:51.846] [Server thread/WARN] [net.minecraft.server.level.ServerPlayerGameMode/]: Mismatch in destroy block pos: BlockPos{x=-4234, y=24, z=89} BlockPos{x=-4231, y=24, z=89}
[14Oct2025 22:59:51.894] [Server thread/WARN] [net.minecraft.server.level.ServerPlayerGameMode/]: Mismatch in destroy block pos: BlockPos{x=-4232, y=25, z=89} BlockPos{x=-4231, y=24, z=89}
[14Oct2025 22:59:58.149] [Server thread/WARN] [net.minecraft.server.level.ServerPlayerGameMode/]: Mismatch in destroy block pos: BlockPos{x=-4224, y=24, z=86} BlockPos{x=-4225, y=24, z=84}
[14Oct2025 22:59:58.199] [Server thread/WARN] [net.minecraft.server.level.ServerPlayerGameMode/]: Mismatch in destroy block pos: BlockPos{x=-4224, y=24, z=85} BlockPos{x=-4225, y=24, z=84}
[14Oct2025 23:00:02.752] [Server thread/WARN] [net.minecraft.server.level.ServerPlayerGameMode/]: Mismatch in destroy block pos: BlockPos{x=-4219, y=24, z=84} BlockPos{x=-4215, y=24, z=81}
[14Oct2025 23:00:10.091] [Server thread/WARN] [net.minecraft.server.level.ServerPlayerGameMode/]: Mismatch in destroy block pos: BlockPos{x=-4219, y=24, z=84} BlockPos{x=-4206, y=25, z=73}
[14Oct2025 23:00:16.344] [Server thread/WARN] [net.minecraft.server.level.ServerPlayerGameMode/]: Mismatch in destroy block pos: BlockPos{x=-4206, y=24, z=71} BlockPos{x=-4201, y=24, z=73}
[14Oct2025 23:00:16.393] [Server thread/WARN] [net.minecraft.server.level.ServerPlayerGameMode/]: Mismatch in destroy block pos: BlockPos{x=-4206, y=24, z=71} BlockPos{x=-4201, y=24, z=73}
[14Oct2025 23:00:16.444] [Server thread/WARN] [net.minecraft.server.level.ServerPlayerGameMode/]: Mismatch in destroy block pos: BlockPos{x=-4206, y=24, z=71} BlockPos{x=-4201, y=24, z=73}
[14Oct2025 23:00:16.493] [Server thread/WARN] [net.minecraft.server.level.ServerPlayerGameMode/]: Mismatch in destroy block pos: BlockPos{x=-4199, y=24, z=72} BlockPos{x=-4201, y=24, z=73}
[14Oct2025 23:00:17.698] [Server thread/WARN] [net.minecraft.server.level.ServerPlayerGameMode/]: Mismatch in destroy block pos: BlockPos{x=-4198, y=24, z=73} BlockPos{x=-4196, y=24, z=73}
[14Oct2025 23:00:19.142] [Server thread/WARN] [net.minecraft.server.level.ServerPlayerGameMode/]: Mismatch in destroy block pos: BlockPos{x=-4196, y=24, z=72} BlockPos{x=-4195, y=24, z=73}
[14Oct2025 23:00:36.294] [Server thread/WARN] [net.minecraft.server.level.ServerPlayerGameMode/]: Mismatch in destroy block pos: BlockPos{x=-4195, y=24, z=69} BlockPos{x=-4193, y=24, z=71}
[14Oct2025 23:00:36.345] [Server thread/WARN] [net.minecraft.server.level.ServerPlayerGameMode/]: Mismatch in destroy block pos: BlockPos{x=-4195, y=24, z=69} BlockPos{x=-4193, y=24, z=71}
[14Oct2025 23:00:36.396] [Server thread/WARN] [net.minecraft.server.level.ServerPlayerGameMode/]: Mismatch in destroy block pos: BlockPos{x=-4192, y=24, z=72} BlockPos{x=-4193, y=24, z=71}
[14Oct2025 23:01:23.803] [Server thread/INFO] [net.minecraft.server.MinecraftServer/]: [Not Secure] <CarboHot> arena
[14Oct2025 23:01:25.746] [Server thread/INFO] [net.minecraft.server.MinecraftServer/]: [Not Secure] <CarboHot> sirve
[14Oct2025 23:01:34.103] [Server thread/INFO] [net.minecraft.server.MinecraftServer/]: [Not Secure] <CarboHot> porfavor puedo
[14Oct2025 23:01:47.958] [Server thread/INFO] [net.minecraft.server.MinecraftServer/]: [Not Secure] <CarboHot> pero estas en la tarea
[14Oct2025 23:01:55.807] [Server thread/INFO] [net.minecraft.server.MinecraftServer/]: [Not Secure] <CarboHot> bueno
[14Oct2025 23:03:33.399] [Server thread/INFO] [net.minecraft.server.MinecraftServer/]: [Not Secure] <CarboHot> tienes para hacer posion
[14Oct2025 23:03:40.601] [Server thread/WARN] [net.minecraft.server.level.ServerPlayerGameMode/]: Mismatch in destroy block pos: BlockPos{x=-4618, y=63, z=11} BlockPos{x=-4618, y=63, z=9}
[14Oct2025 23:03:41.091] [Server thread/WARN] [net.minecraft.server.level.ServerPlayerGameMode/]: Mismatch in destroy block pos: BlockPos{x=-4618, y=63, z=11} BlockPos{x=-4616, y=62, z=11}
[14Oct2025 23:03:41.192] [Server thread/WARN] [net.minecraft.server.level.ServerPlayerGameMode/]: Mismatch in destroy block pos: BlockPos{x=-4616, y=62, z=11} BlockPos{x=-4618, y=63, z=12}
[14Oct2025 23:03:41.245] [Server thread/WARN] [net.minecraft.server.level.ServerPlayerGameMode/]: Mismatch in destroy block pos: BlockPos{x=-4616, y=62, z=11} BlockPos{x=-4618, y=63, z=12}
[14Oct2025 23:03:41.945] [Server thread/WARN] [net.minecraft.server.level.ServerPlayerGameMode/]: Mismatch in destroy block pos: BlockPos{x=-4616, y=62, z=11} BlockPos{x=-4618, y=60, z=11}
[14Oct2025 23:03:42.772] [Server thread/WARN] [net.minecraft.server.level.ServerPlayerGameMode/]: Mismatch in destroy block pos: BlockPos{x=-4618, y=60, z=12} BlockPos{x=-4616, y=60, z=12}
[14Oct2025 23:03:42.813] [Server thread/WARN] [net.minecraft.server.level.ServerPlayerGameMode/]: Mismatch in destroy block pos: BlockPos{x=-4618, y=60, z=12} BlockPos{x=-4616, y=60, z=12}
[14Oct2025 23:03:42.878] [Server thread/WARN] [net.minecraft.server.level.ServerPlayerGameMode/]: Mismatch in destroy block pos: BlockPos{x=-4618, y=60, z=12} BlockPos{x=-4616, y=60, z=12}
[14Oct2025 23:03:42.922] [Server thread/WARN] [net.minecraft.server.level.ServerPlayerGameMode/]: Mismatch in destroy block pos: BlockPos{x=-4618, y=60, z=12} BlockPos{x=-4616, y=60, z=12}
[14Oct2025 23:03:42.960] [Server thread/WARN] [net.minecraft.server.level.ServerPlayerGameMode/]: Mismatch in destroy block pos: BlockPos{x=-4618, y=60, z=12} BlockPos{x=-4616, y=60, z=12}
[14Oct2025 23:03:43.017] [Server thread/WARN] [net.minecraft.server.level.ServerPlayerGameMode/]: Mismatch in destroy block pos: BlockPos{x=-4618, y=60, z=12} BlockPos{x=-4616, y=60, z=12}
[14Oct2025 23:03:43.061] [Server thread/WARN] [net.minecraft.server.level.ServerPlayerGameMode/]: Mismatch in destroy block pos: BlockPos{x=-4618, y=60, z=12} BlockPos{x=-4616, y=60, z=12}
[14Oct2025 23:03:45.215] [Server thread/WARN] [net.minecraft.server.level.ServerPlayerGameMode/]: Mismatch in destroy block pos: BlockPos{x=-4613, y=58, z=11} BlockPos{x=-4612, y=55, z=11}
[14Oct2025 23:03:45.280] [Server thread/WARN] [net.minecraft.server.level.ServerPlayerGameMode/]: Mismatch in destroy block pos: BlockPos{x=-4613, y=58, z=11} BlockPos{x=-4613, y=54, z=11}
[14Oct2025 23:03:47.190] [Server thread/INFO] [net.minecraft.server.MinecraftServer/]: [Not Secure] <CarboHot> ahi portal aca
[14Oct2025 23:03:55.951] [Server thread/WARN] [net.minecraft.server.level.ServerPlayerGameMode/]: Mismatch in destroy block pos: BlockPos{x=-4621, y=41, z=-2} BlockPos{x=-4621, y=40, z=-4}
[14Oct2025 23:03:56.037] [Server thread/WARN] [net.minecraft.server.level.ServerPlayerGameMode/]: Mismatch in destroy block pos: BlockPos{x=-4622, y=40, z=-3} BlockPos{x=-4621, y=40, z=-4}
[14Oct2025 23:03:56.107] [Server thread/WARN] [net.minecraft.server.level.ServerPlayerGameMode/]: Mismatch in destroy block pos: BlockPos{x=-4622, y=40, z=-4} BlockPos{x=-4621, y=40, z=-4}
[14Oct2025 23:03:56.113] [Server thread/WARN] [net.minecraft.server.level.ServerPlayerGameMode/]: Mismatch in destroy block pos: BlockPos{x=-4622, y=39, z=-4} BlockPos{x=-4621, y=40, z=-4}
[14Oct2025 23:03:56.186] [Server thread/WARN] [net.minecraft.server.level.ServerPlayerGameMode/]: Mismatch in destroy block pos: BlockPos{x=-4622, y=39, z=-4} BlockPos{x=-4621, y=40, z=-4}
[14Oct2025 23:03:56.233] [Server thread/WARN] [net.minecraft.server.level.ServerPlayerGameMode/]: Mismatch in destroy block pos: BlockPos{x=-4622, y=39, z=-4} BlockPos{x=-4621, y=40, z=-4}
[14Oct2025 23:03:56.280] [Server thread/WARN] [net.minecraft.server.level.ServerPlayerGameMode/]: Mismatch in destroy block pos: BlockPos{x=-4623, y=38, z=-4} BlockPos{x=-4621, y=40, z=-4}
[14Oct2025 23:04:21.323] [Server thread/WARN] [net.minecraft.server.level.ServerPlayerGameMode/]: Mismatch in destroy block pos: BlockPos{x=-4622, y=28, z=-2} BlockPos{x=-4622, y=26, z=-3}
[14Oct2025 23:04:21.376] [Server thread/WARN] [net.minecraft.server.level.ServerPlayerGameMode/]: Mismatch in destroy block pos: BlockPos{x=-4622, y=25, z=-3} BlockPos{x=-4622, y=26, z=-3}
[14Oct2025 23:04:49.497] [Server thread/INFO] [net.minecraft.server.MinecraftServer/]: [Not Secure] <CarboHot> si ya entre
[14Oct2025 23:07:41.304] [Server thread/INFO] [Fossils Archeology/]: Setting owner for SMILODON, 0a4a4570-b525-4585-8031-2ac9b6523359 to 45009dab-659f-3ef4-b33a-18ea6a718584. false
[14Oct2025 23:07:42.754] [Server thread/INFO] [Fossils Archeology/]: Setting owner for SMILODON, 0a4a4570-b525-4585-8031-2ac9b6523359 to 45009dab-659f-3ef4-b33a-18ea6a718584. false
[14Oct2025 23:09:05.641] [Server thread/INFO] [Fossils Archeology/]: Setting owner for SMILODON, 0a4a4570-b525-4585-8031-2ac9b6523359 to 45009dab-659f-3ef4-b33a-18ea6a718584. false
[14Oct2025 23:09:15.274] [Server thread/INFO] [net.minecraft.server.MinecraftServer/]: CarboHot has made the advancement [Hot Stuff]
[14Oct2025 23:09:27.665] [Server thread/INFO] [Fossils Archeology/]: Setting owner for SMILODON, 0a4a4570-b525-4585-8031-2ac9b6523359 to 45009dab-659f-3ef4-b33a-18ea6a718584. false
[14Oct2025 23:09:30.307] [Server thread/INFO] [Fossils Archeology/]: Setting owner for SMILODON, 0a4a4570-b525-4585-8031-2ac9b6523359 to 45009dab-659f-3ef4-b33a-18ea6a718584. false
[14Oct2025 23:11:04.736] [Server thread/INFO] [net.minecraft.world.entity.npc.Villager/]: Villager Villager['Cartographer'/87060, l='ServerLevel[world]', x=-1042.57, y=65.00, z=2772.24] died, message: 'Cartographer hit the ground too hard'
[14Oct2025 23:11:24.515] [Server thread/WARN] [net.minecraft.server.network.ServerGamePacketListenerImpl/]: Boat (vehicle of AleGuil_) moved too quickly! -10.356099175250847,0.0,0.3813172074279123
[14Oct2025 23:11:24.516] [Server thread/WARN] [net.minecraft.server.network.ServerGamePacketListenerImpl/]: Boat (vehicle of AleGuil_) moved too quickly! -10.754939141049135,0.0,0.39264229005448215
[14Oct2025 23:11:24.516] [Server thread/WARN] [net.minecraft.server.network.ServerGamePacketListenerImpl/]: Boat (vehicle of AleGuil_) moved too quickly! -11.153591928289188,0.0,0.4077503209015845
[14Oct2025 23:11:24.516] [Server thread/WARN] [net.minecraft.server.network.ServerGamePacketListenerImpl/]: Boat (vehicle of AleGuil_) moved too quickly! -11.552023743139443,0.0,0.42666996927340506
[14Oct2025 23:11:24.517] [Server thread/WARN] [net.minecraft.server.network.ServerGamePacketListenerImpl/]: Boat (vehicle of AleGuil_) moved too quickly! -11.950205471278423,0.0,0.4493885199038914
[14Oct2025 23:11:24.517] [Server thread/WARN] [net.minecraft.server.network.ServerGamePacketListenerImpl/]: Boat (vehicle of AleGuil_) moved too quickly! -12.348112697956822,0.0,0.47585991924444215
[14Oct2025 23:11:24.517] [Server thread/WARN] [net.minecraft.server.network.ServerGamePacketListenerImpl/]: Boat (vehicle of AleGuil_) moved too quickly! -12.74572671698047,0.0,0.5060044249808016
[14Oct2025 23:11:24.517] [Server thread/WARN] [net.minecraft.server.network.ServerGamePacketListenerImpl/]: Boat (vehicle of AleGuil_) moved too quickly! -13.143032913048046,0.0,0.539723439025579
[14Oct2025 23:11:24.517] [Server thread/WARN] [net.minecraft.server.network.ServerGamePacketListenerImpl/]: Boat (vehicle of AleGuil_) moved too quickly! -13.5400215484799,0.0,0.576897690623241
[14Oct2025 23:11:24.518] [Server thread/WARN] [net.minecraft.server.network.ServerGamePacketListenerImpl/]: Boat (vehicle of AleGuil_) moved too quickly! -13.936803366677395,0.0,0.6167088420914411
[14Oct2025 23:11:24.518] [Server thread/WARN] [net.minecraft.server.network.ServerGamePacketListenerImpl/]: Boat (vehicle of AleGuil_) moved too quickly! -14.333562448051907,0.0,0.6577776679943668
[14Oct2025 23:11:24.518] [Server thread/WARN] [net.minecraft.server.network.ServerGamePacketListenerImpl/]: Boat (vehicle of AleGuil_) moved too quickly! -14.730421352184749,0.0,0.6989693100550198
[14Oct2025 23:11:24.518] [Server thread/WARN] [net.minecraft.server.network.ServerGamePacketListenerImpl/]: Boat (vehicle of AleGuil_) moved too quickly! -15.127456247861119,0.0,0.7393628625066526
[14Oct2025 23:11:24.519] [Server thread/WARN] [net.minecraft.server.network.ServerGamePacketListenerImpl/]: Boat (vehicle of AleGuil_) moved too quickly! -15.524709516821531,0.0,0.7782158193366513
[14Oct2025 23:11:24.520] [Server thread/WARN] [net.minecraft.server.network.ServerGamePacketListenerImpl/]: Boat (vehicle of AleGuil_) moved too quickly! -15.922198724128066,0.0,0.8149431544230765
[14Oct2025 23:11:24.520] [Server thread/WARN] [net.minecraft.server.network.ServerGamePacketListenerImpl/]: Boat (vehicle of AleGuil_) moved too quickly! -16.319924069369335,0.0,0.8490905804429758
[14Oct2025 23:11:24.521] [Server thread/WARN] [net.minecraft.server.network.ServerGamePacketListenerImpl/]: Boat (vehicle of AleGuil_) moved too quickly! -16.71787381124659,0.0,0.8803179592466677
[14Oct2025 23:11:24.521] [Server thread/WARN] [net.minecraft.server.network.ServerGamePacketListenerImpl/]: Boat (vehicle of AleGuil_) moved too quickly! -17.116028542477125,0.0,0.9083765800122023
[14Oct2025 23:11:24.521] [Server thread/WARN] [net.minecraft.server.network.ServerGamePacketListenerImpl/]: Boat (vehicle of AleGuil_) moved too quickly! -17.51436423627092,0.0,0.9330962954983875
[14Oct2025 23:11:24.522] [Server thread/WARN] [net.minecraft.server.network.ServerGamePacketListenerImpl/]: Boat (vehicle of AleGuil_) moved too quickly! -17.912854585827517,0.0,0.9543738911800688
[14Oct2025 23:11:24.522] [Server thread/WARN] [net.minecraft.server.network.ServerGamePacketListenerImpl/]: Boat (vehicle of AleGuil_) moved too quickly! -18.311490324449778,0.0,0.9728564761293228
[14Oct2025 23:11:24.522] [Server thread/WARN] [net.minecraft.server.network.ServerGamePacketListenerImpl/]: Boat (vehicle of AleGuil_) moved too quickly! -18.710261301619767,0.0,0.9897975952823117
[14Oct2025 23:11:24.522] [Server thread/WARN] [net.minecraft.server.network.ServerGamePacketListenerImpl/]: Boat (vehicle of AleGuil_) moved too quickly! -19.109137732587442,0.0,1.0062255956255513
[14Oct2025 23:11:24.523] [Server thread/WARN] [net.minecraft.server.network.ServerGamePacketListenerImpl/]: Boat (vehicle of AleGuil_) moved too quickly! -19.508078140885118,0.0,1.0229773327520206
[14Oct2025 23:11:24.523] [Server thread/WARN] [net.minecraft.server.network.ServerGamePacketListenerImpl/]: Boat (vehicle of AleGuil_) moved too quickly! -19.907034968045764,0.0,1.0407286947132661
[14Oct2025 23:11:24.523] [Server thread/WARN] [net.minecraft.server.network.ServerGamePacketListenerImpl/]: Boat (vehicle of AleGuil_) moved too quickly! -20.30595894807152,0.0,1.0600145303549198
[14Oct2025 23:11:24.523] [Server thread/WARN] [net.minecraft.server.network.ServerGamePacketListenerImpl/]: Boat (vehicle of AleGuil_) moved too quickly! -20.704801647471413,0.0,1.0812543009420779
[14Oct2025 23:11:24.524] [Server thread/WARN] [net.minecraft.server.network.ServerGamePacketListenerImpl/]: Boat (vehicle of AleGuil_) moved too quickly! -21.103517609734126,0.0,1.1047675472387368
[14Oct2025 23:11:24.524] [Server thread/WARN] [net.minecraft.server.network.ServerGamePacketListenerImpl/]: Boat (vehicle of AleGuil_) moved too quickly! -21.502065823418206,0.0,1.1307878317649056
[14Oct2025 23:11:24.524] [Server thread/WARN] [net.minecraft.server.network.ServerGamePacketListenerImpl/]: Boat (vehicle of AleGuil_) moved too quickly! -21.900410123284928,0.0,1.1594790931432044
[14Oct2025 23:11:24.524] [Server thread/WARN] [net.minecraft.server.network.ServerGamePacketListenerImpl/]: Boat (vehicle of AleGuil_) moved too quickly! -22.29861208007992,0.0,1.1902547415528488
[14Oct2025 23:11:24.525] [Server thread/WARN] [net.minecraft.server.network.ServerGamePacketListenerImpl/]: Boat (vehicle of AleGuil_) moved too quickly! -22.69679592103512,0.0,1.2219269370698385
[14Oct2025 23:11:24.525] [Server thread/WARN] [net.minecraft.server.network.ServerGamePacketListenerImpl/]: Boat (vehicle of AleGuil_) moved too quickly! -23.095042001755473,0.0,1.2535198084352146
[14Oct2025 23:11:24.525] [Server thread/WARN] [net.minecraft.server.network.ServerGamePacketListenerImpl/]: Boat (vehicle of AleGuil_) moved too quickly! -23.49339774244345,0.0,1.2842454368372387
[14Oct2025 23:11:24.525] [Server thread/WARN] [net.minecraft.server.network.ServerGamePacketListenerImpl/]: Boat (vehicle of AleGuil_) moved too quickly! -23.89188700111322,0.0,1.3134704270235034
[14Oct2025 23:11:24.526] [Server thread/WARN] [net.minecraft.server.network.ServerGamePacketListenerImpl/]: Boat (vehicle of AleGuil_) moved too quickly! -24.29051664683925,0.0,1.3406970586406146
[14Oct2025 23:11:24.526] [Server thread/WARN] [net.minecraft.server.network.ServerGamePacketListenerImpl/]: Boat (vehicle of AleGuil_) moved too quickly! -24.689281861006066,0.0,1.36554233303292
[14Oct2025 23:11:24.527] [Server thread/WARN] [net.minecraft.server.network.ServerGamePacketListenerImpl/]: Boat (vehicle of AleGuil_) moved too quickly! -25.08817011867177,0.0,1.38771900235173
[14Oct2025 23:11:24.527] [Server thread/WARN] [net.minecraft.server.network.ServerGamePacketListenerImpl/]: Boat (vehicle of AleGuil_) moved too quickly! -25.487164164572505,0.0,1.407022256783705
[14Oct2025 23:11:24.527] [Server thread/WARN] [net.minecraft.server.network.ServerGamePacketListenerImpl/]: Boat (vehicle of AleGuil_) moved too quickly! -25.88624417743722,0.0,1.4233138605476938
[14Oct2025 23:11:24.528] [Server thread/WARN] [net.minecraft.server.network.ServerGamePacketListenerImpl/]: Boat (vehicle of AleGuil_) moved too quickly! -26.28538935651659,0.0,1.4365116793561583
[14Oct2025 23:11:24.529] [Server thread/WARN] [net.minecraft.server.network.ServerGamePacketListenerImpl/]: Boat (vehicle of AleGuil_) moved too quickly! -26.684579233975228,0.0,1.4465840675286472
[14Oct2025 23:11:24.529] [Server thread/WARN] [net.minecraft.server.network.ServerGamePacketListenerImpl/]: Boat (vehicle of AleGuil_) moved too quickly! -27.083794110987355,0.0,1.4535333113588536
[14Oct2025 23:11:24.530] [Server thread/WARN] [net.minecraft.server.network.ServerGamePacketListenerImpl/]: Boat (vehicle of AleGuil_) moved too quickly! -27.48301569981686,0.0,1.4573922198511582
[14Oct2025 23:11:24.550] [Server thread/WARN] [net.minecraft.server.network.ServerGamePacketListenerImpl/]: Boat (vehicle of AleGuil_) moved too quickly! -27.882227627183283,0.0,1.4582210503299393
[14Oct2025 23:11:24.553] [Server thread/WARN] [net.minecraft.server.MinecraftServer/]: Can't keep up! Is the server overloaded? Running 3438ms or 68 ticks behind
[14Oct2025 23:11:28.152] [Server thread/WARN] [net.minecraft.server.network.ServerGamePacketListenerImpl/]: Boat (vehicle of AleGuil_) moved too quickly! -18.324304116809117,0.0,1.082409487812015
[14Oct2025 23:11:28.152] [Server thread/WARN] [net.minecraft.server.network.ServerGamePacketListenerImpl/]: Boat (vehicle of AleGuil_) moved too quickly! -18.723502334178647,0.0,1.0781216505710063
[14Oct2025 23:11:28.152] [Server thread/WARN] [net.minecraft.server.network.ServerGamePacketListenerImpl/]: Boat (vehicle of AleGuil_) moved too quickly! -19.122761660814376,0.0,1.0730279387446444
[14Oct2025 23:11:28.153] [Server thread/WARN] [net.minecraft.server.network.ServerGamePacketListenerImpl/]: Boat (vehicle of AleGuil_) moved too quickly! -19.52209450793157,0.0,1.0682365117357335
[14Oct2025 23:11:28.153] [Server thread/WARN] [net.minecraft.server.network.ServerGamePacketListenerImpl/]: Boat (vehicle of AleGuil_) moved too quickly! -19.921487563015717,0.0,1.0646451595157487
[14Oct2025 23:11:28.153] [Server thread/WARN] [net.minecraft.server.network.ServerGamePacketListenerImpl/]: Boat (vehicle of AleGuil_) moved too quickly! -20.320911153400857,0.0,1.0629657079774688
[14Oct2025 23:11:28.153] [Server thread/WARN] [net.minecraft.server.network.ServerGamePacketListenerImpl/]: Boat (vehicle of AleGuil_) moved too quickly! -20.72032598965734,0.0,1.0637577325607595
[14Oct2025 23:11:28.154] [Server thread/WARN] [net.minecraft.server.network.ServerGamePacketListenerImpl/]: Boat (vehicle of AleGuil_) moved too quickly! -21.119688396451465,0.0,1.0674475570789355
[14Oct2025 23:11:28.165] [Server thread/WARN] [net.minecraft.server.network.ServerGamePacketListenerImpl/]: Boat (vehicle of AleGuil_) moved too quickly! -10.36868190508062,0.0,0.3387517825607915
[14Oct2025 23:11:28.165] [Server thread/WARN] [net.minecraft.server.network.ServerGamePacketListenerImpl/]: Boat (vehicle of AleGuil_) moved too quickly! -10.767709391795734,0.0,0.32467095936493706
[14Oct2025 23:11:28.165] [Server thread/WARN] [net.minecraft.server.network.ServerGamePacketListenerImpl/]: Boat (vehicle of AleGuil_) moved too quickly! -11.166680641196763,0.0,0.3084975570116626
[14Oct2025 23:11:28.165] [Server thread/WARN] [net.minecraft.server.network.ServerGamePacketListenerImpl/]: Boat (vehicle of AleGuil_) moved too quickly! -11.565592429451954,0.0,0.2903415181585842
[14Oct2025 23:11:28.165] [Server thread/WARN] [net.minecraft.server.network.ServerGamePacketListenerImpl/]: Boat (vehicle of AleGuil_) moved too quickly! -11.964442667226194,0.0,0.27031326951276924
[14Oct2025 23:11:28.166] [Server thread/WARN] [net.minecraft.server.network.ServerGamePacketListenerImpl/]: Boat (vehicle of AleGuil_) moved too quickly! -12.363230003109038,0.0,0.24851984871696686
[14Oct2025 23:11:28.166] [Server thread/WARN] [net.minecraft.server.network.ServerGamePacketListenerImpl/]: Boat (vehicle of AleGuil_) moved too quickly! -12.76195379825117,0.0,0.22506523929780542
[14Oct2025 23:11:28.166] [Server thread/WARN] [net.minecraft.server.network.ServerGamePacketListenerImpl/]: Boat (vehicle of AleGuil_) moved too quickly! -13.160614096086192,0.0,0.20005067211951655
[14Oct2025 23:11:28.166] [Server thread/WARN] [net.minecraft.server.network.ServerGamePacketListenerImpl/]: Boat (vehicle of AleGuil_) moved too quickly! -13.55921158763067,0.0,0.1735748973904947
[14Oct2025 23:11:28.167] [Server thread/WARN] [net.minecraft.server.network.ServerGamePacketListenerImpl/]: Boat (vehicle of AleGuil_) moved too quickly! -13.957747196547643,0.0,0.1457306143064443
[14Oct2025 23:11:28.167] [Server thread/WARN] [net.minecraft.server.network.ServerGamePacketListenerImpl/]: Boat (vehicle of AleGuil_) moved too quickly! -14.35622246566436,0.0,0.1166088899176998
[14Oct2025 23:11:28.167] [Server thread/WARN] [net.minecraft.server.network.ServerGamePacketListenerImpl/]: Boat (vehicle of AleGuil_) moved too quickly! -14.754639122526441,0.0,0.08629550392134888
[14Oct2025 23:11:28.168] [Server thread/WARN] [net.minecraft.server.network.ServerGamePacketListenerImpl/]: Boat (vehicle of AleGuil_) moved too quickly! -15.15299907582812,0.0,0.05487147739654574
[14Oct2025 23:11:28.168] [Server thread/WARN] [net.minecraft.server.network.ServerGamePacketListenerImpl/]: Boat (vehicle of AleGuil_) moved too quickly! -15.551304408471879,0.0,0.022413546803818463
[14Oct2025 23:11:28.168] [Server thread/WARN] [net.minecraft.server.network.ServerGamePacketListenerImpl/]: Boat (vehicle of AleGuil_) moved too quickly! -15.949557363874192,0.0,-0.011005408018604612
[14Oct2025 23:11:28.168] [Server thread/WARN] [net.minecraft.server.network.ServerGamePacketListenerImpl/]: Boat (vehicle of AleGuil_) moved too quickly! -16.34776034853985,0.0,-0.04531597958941802
[14Oct2025 23:11:28.169] [Server thread/WARN] [net.minecraft.server.network.ServerGamePacketListenerImpl/]: Boat (vehicle of AleGuil_) moved too quickly! -16.745915509696488,0.0,-0.08045569884887982
[14Oct2025 23:11:28.169] [Server thread/WARN] [net.minecraft.server.network.ServerGamePacketListenerImpl/]: Boat (vehicle of AleGuil_) moved too quickly! -17.144025174729904,0.0,-0.11636452941303332
[14Oct2025 23:11:28.169] [Server thread/WARN] [net.minecraft.server.network.ServerGamePacketListenerImpl/]: Boat (vehicle of AleGuil_) moved too quickly! -17.542091833168115,0.0,-0.15298462430621385
[14Oct2025 23:11:28.170] [Server thread/WARN] [net.minecraft.server.network.ServerGamePacketListenerImpl/]: Boat (vehicle of AleGuil_) moved too quickly! -17.940117718135298,0.0,-0.19026391985465807
[14Oct2025 23:11:28.170] [Server thread/WARN] [net.minecraft.server.network.ServerGamePacketListenerImpl/]: Boat (vehicle of AleGuil_) moved too quickly! -18.338105249225464,0.0,-0.22815174591858067
[14Oct2025 23:11:28.170] [Server thread/WARN] [net.minecraft.server.network.ServerGamePacketListenerImpl/]: Boat (vehicle of AleGuil_) moved too quickly! -18.736056596622575,0.0,-0.2666024984421824
[14Oct2025 23:11:28.170] [Server thread/WARN] [net.minecraft.server.network.ServerGamePacketListenerImpl/]: Boat (vehicle of AleGuil_) moved too quickly! -19.1339741232739,0.0,-0.30557132094156714
[14Oct2025 23:11:28.171] [Server thread/WARN] [net.minecraft.server.network.ServerGamePacketListenerImpl/]: Boat (vehicle of AleGuil_) moved too quickly! -19.53185953487423,0.0,-0.345021654485663
[14Oct2025 23:11:28.171] [Server thread/WARN] [net.minecraft.server.network.ServerGamePacketListenerImpl/]: Boat (vehicle of AleGuil_) moved too quickly! -19.929715204739068,0.0,-0.3849129717651181
[14Oct2025 23:11:28.171] [Server thread/WARN] [net.minecraft.server.network.ServerGamePacketListenerImpl/]: Boat (vehicle of AleGuil_) moved too quickly! -20.32754284044381,0.0,-0.4252126096401412
[14Oct2025 23:11:28.171] [Server thread/WARN] [net.minecraft.server.network.ServerGamePacketListenerImpl/]: Boat (vehicle of AleGuil_) moved too quickly! -20.72534440348977,0.0,-0.46588735938235004
[14Oct2025 23:11:28.172] [Server thread/WARN] [net.minecraft.server.network.ServerGamePacketListenerImpl/]: Boat (vehicle of AleGuil_) moved too quickly! -21.123121655502473,0.0,-0.5069073331370078
[14Oct2025 23:11:28.172] [Server thread/WARN] [net.minecraft.server.network.ServerGamePacketListenerImpl/]: Boat (vehicle of AleGuil_) moved too quickly! -21.520876181944914,0.0,-0.5482456313699231
[14Oct2025 23:11:28.172] [Server thread/WARN] [net.minecraft.server.network.ServerGamePacketListenerImpl/]: Boat (vehicle of AleGuil_) moved too quickly! -21.918609406008272,0.0,-0.5898780445009493
[14Oct2025 23:11:28.172] [Server thread/WARN] [net.minecraft.server.network.ServerGamePacketListenerImpl/]: Boat (vehicle of AleGuil_) moved too quickly! -22.31632303324818,0.0,-0.6317789724709542
[14Oct2025 23:11:28.173] [Server thread/WARN] [net.minecraft.server.network.ServerGamePacketListenerImpl/]: Boat (vehicle of AleGuil_) moved too quickly! -22.714018173981003,0.0,-0.6739291861991887
[14Oct2025 23:11:28.173] [Server thread/WARN] [net.minecraft.server.network.ServerGamePacketListenerImpl/]: Boat (vehicle of AleGuil_) moved too quickly! -23.11169624844979,0.0,-0.7163075685415379
[14Oct2025 23:11:28.173] [Server thread/WARN] [net.minecraft.server.network.ServerGamePacketListenerImpl/]: Boat (vehicle of AleGuil_) moved too quickly! -23.509358538598008,0.0,-0.7588951136031028
[14Oct2025 23:11:28.173] [Server thread/WARN] [net.minecraft.server.network.ServerGamePacketListenerImpl/]: Boat (vehicle of AleGuil_) moved too quickly! -23.907006194449878,0.0,-0.8016747160789919
[14Oct2025 23:11:28.174] [Server thread/WARN] [net.minecraft.server.network.ServerGamePacketListenerImpl/]: Boat (vehicle of AleGuil_) moved too quickly! -24.304640254752258,0.0,-0.8446309816608277
[14Oct2025 23:11:28.174] [Server thread/WARN] [net.minecraft.server.network.ServerGamePacketListenerImpl/]: Boat (vehicle of AleGuil_) moved too quickly! -24.702261650651963,0.0,-0.8877500550057675
[14Oct2025 23:11:28.174] [Server thread/WARN] [net.minecraft.server.network.ServerGamePacketListenerImpl/]: Boat (vehicle of AleGuil_) moved too quickly! -25.09987164858967,0.0,-0.9310156553336242
[14Oct2025 23:11:28.174] [Server thread/WARN] [net.minecraft.server.network.ServerGamePacketListenerImpl/]: Boat (vehicle of AleGuil_) moved too quickly! -25.497470963678552,0.0,-0.9744169409145798
[14Oct2025 23:11:28.195] [Server thread/WARN] [net.minecraft.server.network.ServerGamePacketListenerImpl/]: Boat (vehicle of AleGuil_) moved too quickly! -25.895060232070136,0.0,-1.0179441541920369
[14Oct2025 23:11:28.326] [Server thread/WARN] [net.minecraft.server.network.ServerGamePacketListenerImpl/]: Boat (vehicle of AleGuil_) moved too quickly! -16.323037879923277,0.0,-1.4122153316700974
[14Oct2025 23:11:28.327] [Server thread/WARN] [net.minecraft.server.network.ServerGamePacketListenerImpl/]: Boat (vehicle of AleGuil_) moved too quickly! -16.720609543780256,0.0,-1.455961692272183
[14Oct2025 23:11:28.345] [Server thread/WARN] [net.minecraft.server.network.ServerGamePacketListenerImpl/]: Boat (vehicle of AleGuil_) moved too quickly! -17.118173501380852,0.0,-1.4998032840324527
[14Oct2025 23:11:28.418] [Server thread/WARN] [net.minecraft.server.network.ServerGamePacketListenerImpl/]: Boat (vehicle of AleGuil_) moved too quickly! -17.515730523350612,0.0,-1.5437305838327688
[14Oct2025 23:11:46.076] [Server thread/WARN] [net.minecraft.world.level.entity.PersistentEntitySectionManager/]: UUID of added entity already exists: Drowned['Drowned'/98767, l='ServerLevel[world]', x=-1664.50, y=55.00, z=-434.50]
[14Oct2025 23:11:46.572] [Server thread/INFO] [net.minecraft.server.MinecraftServer/]: CarboHot has made the advancement [Exorcist]
[14Oct2025 23:16:54.918] [Server thread/WARN] [net.minecraft.server.MinecraftServer/]: Can't keep up! Is the server overloaded? Running 2003ms or 40 ticks behind
[14Oct2025 23:17:12.642] [Server thread/WARN] [net.minecraft.server.MinecraftServer/]: Can't keep up! Is the server overloaded? Running 2027ms or 40 ticks behind
[14Oct2025 23:17:29.770] [Server thread/WARN] [net.minecraft.server.MinecraftServer/]: Can't keep up! Is the server overloaded? Running 2155ms or 43 ticks behind
[14Oct2025 23:18:41.101] [Server thread/INFO] [net.minecraft.server.MinecraftServer/]: AleGuil_ has made the advancement [Chompy]
[14Oct2025 23:19:08.134] [Server thread/INFO] [net.minecraft.world.entity.npc.Villager/]: Villager Villager['Villager'/104236, l='ServerLevel[world]', x=-3649.65, y=66.00, z=-222.51] died, message: 'Villager was slain by Hydra'
[14Oct2025 23:19:47.807] [Server thread/INFO] [net.minecraft.server.MinecraftServer/]: CarboHot has made the advancement [Nightmare Fuel]
[14Oct2025 23:21:23.118] [Server thread/WARN] [net.minecraft.server.level.ServerLevel/]: Tried to add entity realmrpg_demons:demon_lord but it was marked as removed already
[14Oct2025 23:22:11.052] [Server thread/INFO] [net.minecraft.server.MinecraftServer/]: CarboHot has made the advancement [A Terrible Fortress]
[14Oct2025 23:24:40.956] [Server thread/WARN] [net.minecraft.server.level.ServerPlayerGameMode/]: Mismatch in destroy block pos: BlockPos{x=-4040, y=37, z=-186} BlockPos{x=-4042, y=36, z=-186}
[14Oct2025 23:24:42.299] [Server thread/WARN] [net.minecraft.server.level.ServerPlayerGameMode/]: Mismatch in destroy block pos: BlockPos{x=-4043, y=35, z=-187} BlockPos{x=-4041, y=35, z=-186}
[14Oct2025 23:24:42.351] [Server thread/WARN] [net.minecraft.server.level.ServerPlayerGameMode/]: Mismatch in destroy block pos: BlockPos{x=-4041, y=35, z=-185} BlockPos{x=-4041, y=35, z=-186}
[14Oct2025 23:24:45.155] [Server thread/WARN] [net.minecraft.server.level.ServerPlayerGameMode/]: Mismatch in destroy block pos: BlockPos{x=-4041, y=32, z=-187} BlockPos{x=-4040, y=30, z=-187}
[14Oct2025 23:24:45.206] [Server thread/WARN] [net.minecraft.server.level.ServerPlayerGameMode/]: Mismatch in destroy block pos: BlockPos{x=-4041, y=32, z=-187} BlockPos{x=-4040, y=31, z=-186}
[14Oct2025 23:24:45.254] [Server thread/WARN] [net.minecraft.server.level.ServerPlayerGameMode/]: Mismatch in destroy block pos: BlockPos{x=-4040, y=30, z=-187} BlockPos{x=-4040, y=31, z=-186}
[14Oct2025 23:24:45.321] [Server thread/WARN] [net.minecraft.server.level.ServerPlayerGameMode/]: Mismatch in destroy block pos: BlockPos{x=-4040, y=30, z=-187} BlockPos{x=-4040, y=31, z=-186}
[14Oct2025 23:24:45.360] [Server thread/WARN] [net.minecraft.server.level.ServerPlayerGameMode/]: Mismatch in destroy block pos: BlockPos{x=-4040, y=30, z=-187} BlockPos{x=-4040, y=31, z=-186}
[14Oct2025 23:24:45.408] [Server thread/WARN] [net.minecraft.server.level.ServerPlayerGameMode/]: Mismatch in destroy block pos: BlockPos{x=-4040, y=30, z=-187} BlockPos{x=-4040, y=31, z=-186}
[14Oct2025 23:24:47.554] [Server thread/WARN] [net.minecraft.server.level.ServerPlayerGameMode/]: Mismatch in destroy block pos: BlockPos{x=-4041, y=26, z=-187} BlockPos{x=-4041, y=20, z=-187}
[14Oct2025 23:25:37.406] [Server thread/INFO] [net.minecraft.server.MinecraftServer/]: CarboHot has made the advancement [Combat 2]
[14Oct2025 23:25:38.854] [Server thread/INFO] [net.minecraft.server.MinecraftServer/]: CarboHot has made the advancement [Into Fire]
[14Oct2025 23:28:25.502] [Server thread/INFO] [net.minecraft.server.MinecraftServer/]: CarboHot has made the advancement [Combat 3]
[14Oct2025 23:28:48.939] [Worker-Main-11/WARN] [com.finndog.mvs.MVSCommon/]: Moog's Voyager Structures: Empty or nonexistent pool: mvs:farm/side_pool which is being called from mvs:other_decoration/wooden_wheat_farm
[14Oct2025 23:28:49.458] [Worker-Main-11/WARN] [net.minecraft.server.level.WorldGenRegion/]: Tried to access a block entity before it was created. BlockPos{x=-4539, y=13, z=-286}
[14Oct2025 23:28:49.469] [Worker-Main-22/WARN] [net.minecraft.server.level.WorldGenRegion/]: Tried to access a block entity before it was created. BlockPos{x=-4541, y=8, z=-290}
[14Oct2025 23:28:49.470] [Worker-Main-22/WARN] [net.minecraft.server.level.WorldGenRegion/]: Tried to access a block entity before it was created. BlockPos{x=-4540, y=9, z=-290}
